{"created_at": "Wed Feb 19 00:09:25 +0000 2020", "id": 1229920889438863360, "id_str": "1229920889438863360", "text": "RT @SZ: Wie man das #Coronavirus eind\u00e4mmen kann - der Infektionsmediziner Jeremy Farrar im Interview: https://t.co/rs9YML18P5", "truncated": false, "entities": {"hashtags": [{"text": "Coronavirus", "indices": [20, 32]}], "symbols": [], "user_mentions": [{"screen_name": "SZ", "name": "S\u00fcddeutsche Zeitung", "id": 114508061, "id_str": "114508061", "indices": [3, 6]}], "urls": [{"url": "https://t.co/rs9YML18P5", "expanded_url": "https://sz.de/1.4801690", "display_url": "sz.de/1.4801690", "indices": [102, 125]}]}, "metadata": {"iso_language_code": "de", "result_type": "recent"}, "source": "<a href=\"http://twitter.com/download/android\" rel=\"nofollow\">Twitter for Android</a>", "in_reply_to_status_id": null, "in_reply_to_status_id_str": null, "in_reply_to_user_id": null, "in_reply_to_user_id_str": null, "in_reply_to_screen_name": null, "user": {"id": 210354218, "id_str": "210354218", "name": "EastPrussian", "screen_name": "Werner_CHZ", "location": "Kanton Z\u00fcrich, Schweiz", "description": "D/CH/UG & roots @ K\u00f6nigsberg & area.\nStart2work with 14,\nlast century PhD @ MIT\nInterest on !REAL! & max transp., grassroot democracy 4 sovereign citizens", "url": null, "entities": {"description": {"urls": []}}, "protected": false, "followers_count": 271, "friends_count": 713, "listed_count": 101, "created_at": "Sun Oct 31 07:03:03 +0000 2010", "favourites_count": 71682, "utc_offset": null, "time_zone": null, "geo_enabled": false, "verified": false, "statuses_count": 74127, "lang": null, "contributors_enabled": false, "is_translator": false, "is_translation_enabled": false, "profile_background_color": "000000", "profile_background_image_url": "http://abs.twimg.com/images/themes/theme1/bg.png", "profile_background_image_url_https": "https://abs.twimg.com/images/themes/theme1/bg.png", "profile_background_tile": false, "profile_image_url": "http://pbs.twimg.com/profile_images/834418455273156608/loq5FMqd_normal.jpg", "profile_image_url_https": "https://pbs.twimg.com/profile_images/834418455273156608/loq5FMqd_normal.jpg", "profile_banner_url": "https://pbs.twimg.com/profile_banners/210354218/1484695055", "profile_link_color": "1B95E0", "profile_sidebar_border_color": "000000", "profile_sidebar_fill_color": "000000", "profile_text_color": "000000", "profile_use_background_image": false, "has_extended_profile": false, "default_profile": false, "default_profile_image": false, "following": false, "follow_request_sent": false, "notifications": false, "translator_type": "none"}, "geo": null, "coordinates": null, "place": null, "contributors": null, "retweeted_status": {"created_at": "Tue Feb 18 06:39:36 +0000 2020", "id": 1229656693686054914, "id_str": "1229656693686054914", "text": "Wie man das #Coronavirus eind\u00e4mmen kann - der Infektionsmediziner Jeremy Farrar im Interview: https://t.co/rs9YML18P5", "truncated": false, "entities": {"hashtags": [{"text": "Coronavirus", "indices": [12, 24]}], "symbols": [], "user_mentions": [], "urls": [{"url": "https://t.co/rs9YML18P5", "expanded_url": "https://sz.de/1.4801690", "display_url": "sz.de/1.4801690", "indices": [94, 117]}]}, "metadata": {"iso_language_code": "de", "result_type": "recent"}, "source": "<a href=\"http://www.sueddeutsche.de/\" rel=\"nofollow\">SZ.de Twitterbot - Main</a>", "in_reply_to_status_id": null, "in_reply_to_status_id_str": null, "in_reply_to_user_id": null, "in_reply_to_user_id_str": null, "in_reply_to_screen_name": null, "user": {"id": 114508061, "id_str": "114508061", "name": "S\u00fcddeutsche Zeitung", "screen_name": "SZ", "location": "M\u00fcnchen, Deutschland", "description": "Der offizielle Twitter-Account der S\u00fcddeutschen Zeitung. Alle Redakteure und Kan\u00e4le: http://t.co/AjR51c6fBJ \u00b7 Impressum: http://t.co/73f0c1DSzV", "url": "https://t.co/pwVdcHEVKW", "entities": {"url": {"urls": [{"url": "https://t.co/pwVdcHEVKW", "expanded_url": "http://www.sz.de", "display_url": "sz.de", "indices": [0, 23]}]}, "description": {"urls": [{"url": "http://t.co/AjR51c6fBJ", "expanded_url": "http://sz.de/twitterdetails", "display_url": "sz.de/twitterdetails", "indices": [85, 107]}, {"url": "http://t.co/73f0c1DSzV", "expanded_url": "http://sz.de/impressum", "display_url": "sz.de/impressum", "indices": [121, 143]}]}}, "protected": false, "followers_count": 1573745, "friends_count": 411, "listed_count": 7010, "created_at": "Mon Feb 15 17:10:14 +0000 2010", "favourites_count": 962, "utc_offset": null, "time_zone": null, "geo_enabled": false, "verified": true, "statuses_count": 153217, "lang": null, "contributors_enabled": false, "is_translator": false, "is_translation_enabled": false, "profile_background_color": "F2F2F2", "profile_background_image_url": "http://abs.twimg.com/images/themes/theme1/bg.png", "profile_background_image_url_https": "https://abs.twimg.com/images/themes/theme1/bg.png", "profile_background_tile": false, "profile_image_url": "http://pbs.twimg.com/profile_images/996782033132191750/vVZs_SD8_normal.jpg", "profile_image_url_https": "https://pbs.twimg.com/profile_images/996782033132191750/vVZs_SD8_normal.jpg", "profile_banner_url": "https://pbs.twimg.com/profile_banners/114508061/1573839948", "profile_link_color": "333333", "profile_sidebar_border_color": "000000", "profile_sidebar_fill_color": "DDEEF6", "profile_text_color": "333333", "profile_use_background_image": false, "has_extended_profile": false, "default_profile": false, "default_profile_image": false, "following": false, "follow_request_sent": false, "notifications": false, "translator_type": "none"}, "geo": null, "coordinates": null, "place": null, "contributors": null, "is_quote_status": false, "retweet_count": 7, "favorite_count": 12, "favorited": false, "retweeted": false, "possibly_sensitive": false, "lang": "de"}, "is_quote_status": false, "retweet_count": 7, "favorite_count": 0, "favorited": false, "retweeted": false, "possibly_sensitive": false, "lang": "de"}