{"created_at": "Wed Feb 19 08:23:13 +0000 2020", "id": 1230045159708090368, "id_str": "1230045159708090368", "text": "RT @Siemens: Going beyond limits to fight the #coronavirus: Siemens China provided power engineering for two new hospitals in Wuhan within\u2026", "truncated": false, "entities": {"hashtags": [{"text": "coronavirus", "indices": [46, 58]}], "symbols": [], "user_mentions": [{"screen_name": "Siemens", "name": "Siemens", "id": 294120449, "id_str": "294120449", "indices": [3, 11]}], "urls": []}, "metadata": {"iso_language_code": "en", "result_type": "recent"}, "source": "<a href=\"http://twitter.com/download/android\" rel=\"nofollow\">Twitter for Android</a>", "in_reply_to_status_id": null, "in_reply_to_status_id_str": null, "in_reply_to_user_id": null, "in_reply_to_user_id_str": null, "in_reply_to_screen_name": null, "user": {"id": 981153895778054144, "id_str": "981153895778054144", "name": "E-Repair Srl Industry Electro-Lab", "screen_name": "EREPAIRLAB", "location": "Livorno, Tuscany, Italy", "description": "E-Repair \u00e8 leader nel settore e l'unico SERVICE PARTNER SIEMENS in Italia, per la riparazione e la rigenerazione delle schede elettroniche industriali.", "url": "https://t.co/suLNp8C9Hy", "entities": {"url": {"urls": [{"url": "https://t.co/suLNp8C9Hy", "expanded_url": "https://www.e-repair.it", "display_url": "e-repair.it", "indices": [0, 23]}]}, "description": {"urls": []}}, "protected": false, "followers_count": 4037, "friends_count": 3871, "listed_count": 17, "created_at": "Tue Apr 03 12:58:12 +0000 2018", "favourites_count": 3550, "utc_offset": null, "time_zone": null, "geo_enabled": true, "verified": false, "statuses_count": 21364, "lang": null, "contributors_enabled": false, "is_translator": false, "is_translation_enabled": false, "profile_background_color": "F5F8FA", "profile_background_image_url": null, "profile_background_image_url_https": null, "profile_background_tile": false, "profile_image_url": "http://pbs.twimg.com/profile_images/981154412600143874/ZH5UYa0p_normal.jpg", "profile_image_url_https": "https://pbs.twimg.com/profile_images/981154412600143874/ZH5UYa0p_normal.jpg", "profile_banner_url": "https://pbs.twimg.com/profile_banners/981153895778054144/1524477101", "profile_link_color": "1DA1F2", "profile_sidebar_border_color": "C0DEED", "profile_sidebar_fill_color": "DDEEF6", "profile_text_color": "333333", "profile_use_background_image": true, "has_extended_profile": true, "default_profile": true, "default_profile_image": false, "following": false, "follow_request_sent": false, "notifications": false, "translator_type": "none"}, "geo": null, "coordinates": null, "place": null, "contributors": null, "retweeted_status": {"created_at": "Tue Feb 11 13:43:57 +0000 2020", "id": 1227226771118006274, "id_str": "1227226771118006274", "text": "Going beyond limits to fight the #coronavirus: Siemens China provided power engineering for two new hospitals in Wu\u2026 https://t.co/O1O7M0fu3n", "truncated": true, "entities": {"hashtags": [{"text": "coronavirus", "indices": [33, 45]}], "symbols": [], "user_mentions": [], "urls": [{"url": "https://t.co/O1O7M0fu3n", "expanded_url": "https://twitter.com/i/web/status/1227226771118006274", "display_url": "twitter.com/i/web/status/1\u2026", "indices": [117, 140]}]}, "metadata": {"iso_language_code": "en", "result_type": "recent"}, "source": "<a href=\"https://prod1.sprinklr.com\" rel=\"nofollow\">Sprinklr Publishing</a>", "in_reply_to_status_id": null, "in_reply_to_status_id_str": null, "in_reply_to_user_id": null, "in_reply_to_user_id_str": null, "in_reply_to_screen_name": null, "user": {"id": 294120449, "id_str": "294120449", "name": "Siemens", "screen_name": "Siemens", "location": "Munich", "description": "Innovations that improve life. For business, for society and for each individual. This is Ingenuity for life. \nImprint: https://t.co/yEEDigxrnM", "url": "https://t.co/gYccgB9kg5", "entities": {"url": {"urls": [{"url": "https://t.co/gYccgB9kg5", "expanded_url": "http://www.siemens.com", "display_url": "siemens.com", "indices": [0, 23]}]}, "description": {"urls": [{"url": "https://t.co/yEEDigxrnM", "expanded_url": "http://sie.ag/2vnCXbI", "display_url": "sie.ag/2vnCXbI", "indices": [120, 143]}]}}, "protected": false, "followers_count": 176613, "friends_count": 347, "listed_count": 1582, "created_at": "Fri May 06 15:23:39 +0000 2011", "favourites_count": 4002, "utc_offset": null, "time_zone": null, "geo_enabled": false, "verified": true, "statuses_count": 9427, "lang": null, "contributors_enabled": false, "is_translator": false, "is_translation_enabled": false, "profile_background_color": "006387", "profile_background_image_url": "http://abs.twimg.com/images/themes/theme1/bg.png", "profile_background_image_url_https": "https://abs.twimg.com/images/themes/theme1/bg.png", "profile_background_tile": false, "profile_image_url": "http://pbs.twimg.com/profile_images/1155740113655226373/0Xt2PNIa_normal.jpg", "profile_image_url_https": "https://pbs.twimg.com/profile_images/1155740113655226373/0Xt2PNIa_normal.jpg", "profile_banner_url": "https://pbs.twimg.com/profile_banners/294120449/1564384891", "profile_link_color": "006387", "profile_sidebar_border_color": "FFFFFF", "profile_sidebar_fill_color": "DDEEF6", "profile_text_color": "333333", "profile_use_background_image": false, "has_extended_profile": false, "default_profile": false, "default_profile_image": false, "following": false, "follow_request_sent": false, "notifications": false, "translator_type": "none"}, "geo": null, "coordinates": null, "place": null, "contributors": null, "is_quote_status": false, "retweet_count": 110, "favorite_count": 278, "favorited": false, "retweeted": false, "possibly_sensitive": false, "lang": "en"}, "is_quote_status": false, "retweet_count": 110, "favorite_count": 0, "favorited": false, "retweeted": false, "lang": "en"}