{"created_at": "Wed Feb 19 12:47:49 +0000 2020", "id": 1230111747417178112, "id_str": "1230111747417178112", "text": "#Coronavirus: Fr\u00e4nkische Wirtschaft sp\u00fcrt Auswirkungen\n\nGesch\u00e4ftsbereichsleiter International @armin_siegert im Int\u2026 https://t.co/mpTdUqwPEC", "truncated": true, "entities": {"hashtags": [{"text": "Coronavirus", "indices": [0, 12]}], "symbols": [], "user_mentions": [{"screen_name": "armin_siegert", "name": "Armin Siegert", "id": 972027361863634944, "id_str": "972027361863634944", "indices": [94, 108]}], "urls": [{"url": "https://t.co/mpTdUqwPEC", "expanded_url": "https://twitter.com/i/web/status/1230111747417178112", "display_url": "twitter.com/i/web/status/1\u2026", "indices": [117, 140]}]}, "metadata": {"iso_language_code": "de", "result_type": "recent"}, "source": "<a href=\"https://mobile.twitter.com\" rel=\"nofollow\">Twitter Web App</a>", "in_reply_to_status_id": null, "in_reply_to_status_id_str": null, "in_reply_to_user_id": null, "in_reply_to_user_id_str": null, "in_reply_to_screen_name": null, "user": {"id": 1222412724707188740, "id_str": "1222412724707188740", "name": "IHK N\u00fcrnberg f\u00fcr Mittelfranken - International", "screen_name": "IHK_Nbg_Int", "location": "N\u00fcrnberg", "description": "Wir \u00f6ffnen M\u00e4rkte - weltweit! Mehr zu unseren Leistungen und Angeboten unter https://t.co/8zKu51aZN4", "url": "https://t.co/6RrsjLn2gY", "entities": {"url": {"urls": [{"url": "https://t.co/6RrsjLn2gY", "expanded_url": "https://www.ihk-nuernberg.de/de/Geschaeftsbereiche/international/", "display_url": "ihk-nuernberg.de/de/Geschaeftsb\u2026", "indices": [0, 23]}]}, "description": {"urls": [{"url": "https://t.co/8zKu51aZN4", "expanded_url": "https://www.ihk-nuernberg.de/international", "display_url": "ihk-nuernberg.de/international", "indices": [77, 100]}]}}, "protected": false, "followers_count": 24, "friends_count": 93, "listed_count": 0, "created_at": "Wed Jan 29 06:54:59 +0000 2020", "favourites_count": 16, "utc_offset": null, "time_zone": null, "geo_enabled": false, "verified": false, "statuses_count": 19, "lang": null, "contributors_enabled": false, "is_translator": false, "is_translation_enabled": false, "profile_background_color": "F5F8FA", "profile_background_image_url": null, "profile_background_image_url_https": null, "profile_background_tile": false, "profile_image_url": "http://pbs.twimg.com/profile_images/1222413366196654080/j6rOiY0D_normal.jpg", "profile_image_url_https": "https://pbs.twimg.com/profile_images/1222413366196654080/j6rOiY0D_normal.jpg", "profile_banner_url": "https://pbs.twimg.com/profile_banners/1222412724707188740/1580281375", "profile_link_color": "1DA1F2", "profile_sidebar_border_color": "C0DEED", "profile_sidebar_fill_color": "DDEEF6", "profile_text_color": "333333", "profile_use_background_image": true, "has_extended_profile": false, "default_profile": true, "default_profile_image": false, "following": false, "follow_request_sent": false, "notifications": false, "translator_type": "none"}, "geo": null, "coordinates": null, "place": null, "contributors": null, "is_quote_status": false, "retweet_count": 0, "favorite_count": 0, "favorited": false, "retweeted": false, "possibly_sensitive": false, "lang": "de"}