{"created_at": "Thu Feb 20 08:28:58 +0000 2020", "id": 1230408991290818560, "id_str": "1230408991290818560", "text": "Forschern ist es gelungen, die Struktur eines wichtigen Oberfl\u00e4chenproteins des #Coronavirus Sars-CoV-2 zu entschl\u00fc\u2026 https://t.co/yQ4Vbktg2U", "truncated": true, "entities": {"hashtags": [{"text": "Coronavirus", "indices": [80, 92]}], "symbols": [], "user_mentions": [], "urls": [{"url": "https://t.co/yQ4Vbktg2U", "expanded_url": "https://twitter.com/i/web/status/1230408991290818560", "display_url": "twitter.com/i/web/status/1\u2026", "indices": [117, 140]}]}, "metadata": {"iso_language_code": "de", "result_type": "recent"}, "source": "<a href=\"https://mobile.twitter.com\" rel=\"nofollow\">Twitter Web App</a>", "in_reply_to_status_id": null, "in_reply_to_status_id_str": null, "in_reply_to_user_id": null, "in_reply_to_user_id_str": null, "in_reply_to_screen_name": null, "user": {"id": 884290494, "id_str": "884290494", "name": "wissenschaft.de", "screen_name": "bdwredaktion", "location": "Leinfelden-Echterdingen", "description": "Hier twittert die Redaktion von https://t.co/85fwnay2J3, das Nachrichtenportal f\u00fcr Astronomie, Physik, Technik, Biologie, Medizin, Psychologie, Arch\u00e4ologie...", "url": "http://t.co/mTYcY7mUqa", "entities": {"url": {"urls": [{"url": "http://t.co/mTYcY7mUqa", "expanded_url": "http://www.wissenschaft.de", "display_url": "wissenschaft.de", "indices": [0, 22]}]}, "description": {"urls": [{"url": "https://t.co/85fwnay2J3", "expanded_url": "http://wissenschaft.de", "display_url": "wissenschaft.de", "indices": [32, 55]}]}}, "protected": false, "followers_count": 3263, "friends_count": 388, "listed_count": 134, "created_at": "Tue Oct 16 12:00:26 +0000 2012", "favourites_count": 248, "utc_offset": null, "time_zone": null, "geo_enabled": true, "verified": false, "statuses_count": 3780, "lang": null, "contributors_enabled": false, "is_translator": false, "is_translation_enabled": false, "profile_background_color": "0C57A6", "profile_background_image_url": "http://abs.twimg.com/images/themes/theme1/bg.png", "profile_background_image_url_https": "https://abs.twimg.com/images/themes/theme1/bg.png", "profile_background_tile": false, "profile_image_url": "http://pbs.twimg.com/profile_images/1100002464915472384/cc8lH74u_normal.png", "profile_image_url_https": "https://pbs.twimg.com/profile_images/1100002464915472384/cc8lH74u_normal.png", "profile_banner_url": "https://pbs.twimg.com/profile_banners/884290494/1551102314", "profile_link_color": "0084B1", "profile_sidebar_border_color": "FFFFFF", "profile_sidebar_fill_color": "DDEEF6", "profile_text_color": "333333", "profile_use_background_image": false, "has_extended_profile": false, "default_profile": false, "default_profile_image": false, "following": false, "follow_request_sent": false, "notifications": false, "translator_type": "none"}, "geo": null, "coordinates": null, "place": null, "contributors": null, "is_quote_status": false, "retweet_count": 2, "favorite_count": 2, "favorited": false, "retweeted": false, "possibly_sensitive": false, "lang": "de"}