{"created_at": "Wed Feb 19 14:47:50 +0000 2020", "id": 1230141950138966016, "id_str": "1230141950138966016", "text": "RT @The__Ani: Produktionsprobleme durch den #Coronavirus: @fiat muss ein Werk in Europa schlie\u00dfen. Das sagen Experten von @ExcellianceT zur\u2026", "truncated": false, "entities": {"hashtags": [{"text": "Coronavirus", "indices": [44, 56]}], "symbols": [], "user_mentions": [{"screen_name": "The__Ani", "name": "Anja Ringel", "id": 532237209, "id_str": "532237209", "indices": [3, 12]}, {"screen_name": "fiat", "name": "Fiat", "id": 25531576, "id_str": "25531576", "indices": [58, 63]}, {"screen_name": "ExcellianceT", "name": "excelliance_industry_taskforce", "id": 1114947222167330817, "id_str": "1114947222167330817", "indices": [122, 135]}], "urls": []}, "metadata": {"iso_language_code": "de", "result_type": "recent"}, "source": "<a href=\"https://mobile.twitter.com\" rel=\"nofollow\">Twitter Web App</a>", "in_reply_to_status_id": null, "in_reply_to_status_id_str": null, "in_reply_to_user_id": null, "in_reply_to_user_id_str": null, "in_reply_to_screen_name": null, "user": {"id": 3058497401, "id_str": "3058497401", "name": "Gabriel Pankow", "screen_name": "GabrielPankow", "location": "", "description": "Leiter Redaktion Digital mi connect (verlag moderne industrie); u.a. verantwortlich f\u00fcr das Industrie-Portal @produktion_de", "url": "https://t.co/cST6CYK1jP", "entities": {"url": {"urls": [{"url": "https://t.co/cST6CYK1jP", "expanded_url": "http://www.produktion.de", "display_url": "produktion.de", "indices": [0, 23]}]}, "description": {"urls": []}}, "protected": false, "followers_count": 491, "friends_count": 1194, "listed_count": 50, "created_at": "Tue Feb 24 09:34:23 +0000 2015", "favourites_count": 727, "utc_offset": null, "time_zone": null, "geo_enabled": true, "verified": false, "statuses_count": 2076, "lang": null, "contributors_enabled": false, "is_translator": false, "is_translation_enabled": false, "profile_background_color": "C0DEED", "profile_background_image_url": "http://abs.twimg.com/images/themes/theme1/bg.png", "profile_background_image_url_https": "https://abs.twimg.com/images/themes/theme1/bg.png", "profile_background_tile": false, "profile_image_url": "http://pbs.twimg.com/profile_images/854233028712947714/qRkwitzM_normal.jpg", "profile_image_url_https": "https://pbs.twimg.com/profile_images/854233028712947714/qRkwitzM_normal.jpg", "profile_banner_url": "https://pbs.twimg.com/profile_banners/3058497401/1580929158", "profile_link_color": "1DA1F2", "profile_sidebar_border_color": "C0DEED", "profile_sidebar_fill_color": "DDEEF6", "profile_text_color": "333333", "profile_use_background_image": true, "has_extended_profile": false, "default_profile": true, "default_profile_image": false, "following": false, "follow_request_sent": false, "notifications": false, "translator_type": "none"}, "geo": null, "coordinates": null, "place": null, "contributors": null, "retweeted_status": {"created_at": "Wed Feb 19 14:46:26 +0000 2020", "id": 1230141597741916160, "id_str": "1230141597741916160", "text": "Produktionsprobleme durch den #Coronavirus: @fiat muss ein Werk in Europa schlie\u00dfen. Das sagen Experten von\u2026 https://t.co/h2qwdC0NZE", "truncated": true, "entities": {"hashtags": [{"text": "Coronavirus", "indices": [30, 42]}], "symbols": [], "user_mentions": [{"screen_name": "fiat", "name": "Fiat", "id": 25531576, "id_str": "25531576", "indices": [44, 49]}], "urls": [{"url": "https://t.co/h2qwdC0NZE", "expanded_url": "https://twitter.com/i/web/status/1230141597741916160", "display_url": "twitter.com/i/web/status/1\u2026", "indices": [109, 132]}]}, "metadata": {"iso_language_code": "de", "result_type": "recent"}, "source": "<a href=\"https://mobile.twitter.com\" rel=\"nofollow\">Twitter Web App</a>", "in_reply_to_status_id": null, "in_reply_to_status_id_str": null, "in_reply_to_user_id": null, "in_reply_to_user_id_str": null, "in_reply_to_screen_name": null, "user": {"id": 532237209, "id_str": "532237209", "name": "Anja Ringel", "screen_name": "The__Ani", "location": "Landsberg am Lech, Deutschland", "description": "\ud83d\udcf0 Wirtschaftsredakteurin f\u00fcr @produktion_de (mi connect)\n\ud83d\udcddRecherchiert \u00fcber alle wichtigen Industriethemen \n\u26f0\ufe0f In der Freizeit in den Bergen unterwegs", "url": "https://t.co/cST6CYK1jP", "entities": {"url": {"urls": [{"url": "https://t.co/cST6CYK1jP", "expanded_url": "http://www.produktion.de", "display_url": "produktion.de", "indices": [0, 23]}]}, "description": {"urls": []}}, "protected": false, "followers_count": 110, "friends_count": 310, "listed_count": 5, "created_at": "Wed Mar 21 11:35:28 +0000 2012", "favourites_count": 169, "utc_offset": null, "time_zone": null, "geo_enabled": true, "verified": false, "statuses_count": 469, "lang": null, "contributors_enabled": false, "is_translator": false, "is_translation_enabled": false, "profile_background_color": "EDECE9", "profile_background_image_url": "http://abs.twimg.com/images/themes/theme3/bg.gif", "profile_background_image_url_https": "https://abs.twimg.com/images/themes/theme3/bg.gif", "profile_background_tile": true, "profile_image_url": "http://pbs.twimg.com/profile_images/1219239544542896128/f87rZ8Di_normal.jpg", "profile_image_url_https": "https://pbs.twimg.com/profile_images/1219239544542896128/f87rZ8Di_normal.jpg", "profile_banner_url": "https://pbs.twimg.com/profile_banners/532237209/1580141138", "profile_link_color": "088253", "profile_sidebar_border_color": "D3D2CF", "profile_sidebar_fill_color": "E3E2DE", "profile_text_color": "634047", "profile_use_background_image": true, "has_extended_profile": false, "default_profile": false, "default_profile_image": false, "following": false, "follow_request_sent": false, "notifications": false, "translator_type": "none"}, "geo": null, "coordinates": null, "place": null, "contributors": null, "is_quote_status": false, "retweet_count": 2, "favorite_count": 2, "favorited": false, "retweeted": false, "possibly_sensitive": false, "lang": "de"}, "is_quote_status": false, "retweet_count": 2, "favorite_count": 0, "favorited": false, "retweeted": false, "lang": "de"}