{"created_at": "Tue Feb 18 09:35:56 +0000 2020", "id": 1229701069250453504, "id_str": "1229701069250453504", "text": "RT @MunSecConf: \"We are encouraged that the steps #China has taken to contain the outbreak at its source appear to have bought the world ti\u2026", "truncated": false, "entities": {"hashtags": [{"text": "China", "indices": [50, 56]}], "symbols": [], "user_mentions": [{"screen_name": "MunSecConf", "name": "Munich Security Conference", "id": 430595346, "id_str": "430595346", "indices": [3, 14]}], "urls": []}, "metadata": {"iso_language_code": "en", "result_type": "recent"}, "source": "<a href=\"http://twitter.com/download/iphone\" rel=\"nofollow\">Twitter for iPhone</a>", "in_reply_to_status_id": null, "in_reply_to_status_id_str": null, "in_reply_to_user_id": null, "in_reply_to_user_id_str": null, "in_reply_to_screen_name": null, "user": {"id": 546295587, "id_str": "546295587", "name": "Franya Elizabeth Cabral-Ruiz", "screen_name": "SIGFranya", "location": "New York, NY", "description": "Cross cultural facilitator Africa Focused", "url": "https://t.co/va5vlGmR5t", "entities": {"url": {"urls": [{"url": "https://t.co/va5vlGmR5t", "expanded_url": "http://solidinvestmentsgroup.com", "display_url": "solidinvestmentsgroup.com", "indices": [0, 23]}]}, "description": {"urls": []}}, "protected": false, "followers_count": 470, "friends_count": 1860, "listed_count": 3, "created_at": "Thu Apr 05 19:09:17 +0000 2012", "favourites_count": 504, "utc_offset": null, "time_zone": null, "geo_enabled": true, "verified": false, "statuses_count": 761, "lang": null, "contributors_enabled": false, "is_translator": false, "is_translation_enabled": false, "profile_background_color": "000000", "profile_background_image_url": "http://abs.twimg.com/images/themes/theme1/bg.png", "profile_background_image_url_https": "https://abs.twimg.com/images/themes/theme1/bg.png", "profile_background_tile": false, "profile_image_url": "http://pbs.twimg.com/profile_images/1004112570607984643/EEO0iciE_normal.jpg", "profile_image_url_https": "https://pbs.twimg.com/profile_images/1004112570607984643/EEO0iciE_normal.jpg", "profile_banner_url": "https://pbs.twimg.com/profile_banners/546295587/1533893382", "profile_link_color": "1B95E0", "profile_sidebar_border_color": "000000", "profile_sidebar_fill_color": "000000", "profile_text_color": "000000", "profile_use_background_image": false, "has_extended_profile": true, "default_profile": false, "default_profile_image": false, "following": false, "follow_request_sent": false, "notifications": false, "translator_type": "none"}, "geo": null, "coordinates": null, "place": null, "contributors": null, "retweeted_status": {"created_at": "Sat Feb 15 14:46:18 +0000 2020", "id": 1228692012343361537, "id_str": "1228692012343361537", "text": "\"We are encouraged that the steps #China has taken to contain the outbreak at its source appear to have bought the\u2026 https://t.co/Swm52Drw6y", "truncated": true, "entities": {"hashtags": [{"text": "China", "indices": [34, 40]}], "symbols": [], "user_mentions": [], "urls": [{"url": "https://t.co/Swm52Drw6y", "expanded_url": "https://twitter.com/i/web/status/1228692012343361537", "display_url": "twitter.com/i/web/status/1\u2026", "indices": [116, 139]}]}, "metadata": {"iso_language_code": "en", "result_type": "recent"}, "source": "<a href=\"https://mobile.twitter.com\" rel=\"nofollow\">Twitter Web App</a>", "in_reply_to_status_id": null, "in_reply_to_status_id_str": null, "in_reply_to_user_id": null, "in_reply_to_user_id_str": null, "in_reply_to_screen_name": null, "user": {"id": 430595346, "id_str": "430595346", "name": "Munich Security Conference", "screen_name": "MunSecConf", "location": "Munich, Germany", "description": "The Munich Security Conference is the world's leading forum for debate on international security policy. #MSC2020", "url": "https://t.co/x9ouygxb3i", "entities": {"url": {"urls": [{"url": "https://t.co/x9ouygxb3i", "expanded_url": "https://securityconference.org/en", "display_url": "securityconference.org/en", "indices": [0, 23]}]}, "description": {"urls": []}}, "protected": false, "followers_count": 50009, "friends_count": 693, "listed_count": 724, "created_at": "Wed Dec 07 10:43:10 +0000 2011", "favourites_count": 2028, "utc_offset": null, "time_zone": null, "geo_enabled": true, "verified": true, "statuses_count": 7699, "lang": null, "contributors_enabled": false, "is_translator": false, "is_translation_enabled": false, "profile_background_color": "C0DEED", "profile_background_image_url": "http://abs.twimg.com/images/themes/theme1/bg.png", "profile_background_image_url_https": "https://abs.twimg.com/images/themes/theme1/bg.png", "profile_background_tile": true, "profile_image_url": "http://pbs.twimg.com/profile_images/1223303248007790599/H3tNUbbI_normal.jpg", "profile_image_url_https": "https://pbs.twimg.com/profile_images/1223303248007790599/H3tNUbbI_normal.jpg", "profile_banner_url": "https://pbs.twimg.com/profile_banners/430595346/1581768563", "profile_link_color": "0084B4", "profile_sidebar_border_color": "FFFFFF", "profile_sidebar_fill_color": "DDEEF6", "profile_text_color": "333333", "profile_use_background_image": false, "has_extended_profile": false, "default_profile": false, "default_profile_image": false, "following": false, "follow_request_sent": false, "notifications": false, "translator_type": "none"}, "geo": null, "coordinates": null, "place": null, "contributors": null, "is_quote_status": false, "retweet_count": 175, "favorite_count": 345, "favorited": false, "retweeted": false, "possibly_sensitive": false, "lang": "en"}, "is_quote_status": false, "retweet_count": 175, "favorite_count": 0, "favorited": false, "retweeted": false, "lang": "en"}