{"created_at": "Tue Feb 18 09:24:06 +0000 2020", "id": 1229698091143647232, "id_str": "1229698091143647232", "text": "RT @nn_lokales: #Coronavirus: 565 fr\u00e4nkische Unternehmen pflegen regelm\u00e4\u00dfige Kontakte mit China. Nun werden die Lagerbest\u00e4nde bei einigen F\u2026", "truncated": false, "entities": {"hashtags": [{"text": "Coronavirus", "indices": [16, 28]}], "symbols": [], "user_mentions": [{"screen_name": "nn_lokales", "name": "Die Lokalredaktion", "id": 2280602090, "id_str": "2280602090", "indices": [3, 14]}], "urls": []}, "metadata": {"iso_language_code": "de", "result_type": "recent"}, "source": "<a href=\"http://twitter.com/download/android\" rel=\"nofollow\">Twitter for Android</a>", "in_reply_to_status_id": null, "in_reply_to_status_id_str": null, "in_reply_to_user_id": null, "in_reply_to_user_id_str": null, "in_reply_to_screen_name": null, "user": {"id": 2455341572, "id_str": "2455341572", "name": "teilsteils", "screen_name": "Parameter79", "location": "", "description": "M\u00e4nners wehret euch! #fcknzs\n#Aussiedler Alles #Satire", "url": null, "entities": {"description": {"urls": []}}, "protected": false, "followers_count": 41, "friends_count": 76, "listed_count": 1, "created_at": "Sun Apr 20 17:46:39 +0000 2014", "favourites_count": 12513, "utc_offset": null, "time_zone": null, "geo_enabled": true, "verified": false, "statuses_count": 13006, "lang": null, "contributors_enabled": false, "is_translator": false, "is_translation_enabled": false, "profile_background_color": "131516", "profile_background_image_url": "http://abs.twimg.com/images/themes/theme14/bg.gif", "profile_background_image_url_https": "https://abs.twimg.com/images/themes/theme14/bg.gif", "profile_background_tile": true, "profile_image_url": "http://pbs.twimg.com/profile_images/1181472228501790720/qt1r7w3f_normal.jpg", "profile_image_url_https": "https://pbs.twimg.com/profile_images/1181472228501790720/qt1r7w3f_normal.jpg", "profile_banner_url": "https://pbs.twimg.com/profile_banners/2455341572/1536691576", "profile_link_color": "1F1FAD", "profile_sidebar_border_color": "FFFFFF", "profile_sidebar_fill_color": "EFEFEF", "profile_text_color": "333333", "profile_use_background_image": true, "has_extended_profile": false, "default_profile": false, "default_profile_image": false, "following": false, "follow_request_sent": false, "notifications": false, "translator_type": "none"}, "geo": null, "coordinates": null, "place": null, "contributors": null, "retweeted_status": {"created_at": "Tue Feb 18 08:12:11 +0000 2020", "id": 1229679994189877249, "id_str": "1229679994189877249", "text": "#Coronavirus: 565 fr\u00e4nkische Unternehmen pflegen regelm\u00e4\u00dfige Kontakte mit China. Nun werden die Lagerbest\u00e4nde bei e\u2026 https://t.co/NNnwECRsiM", "truncated": true, "entities": {"hashtags": [{"text": "Coronavirus", "indices": [0, 12]}], "symbols": [], "user_mentions": [], "urls": [{"url": "https://t.co/NNnwECRsiM", "expanded_url": "https://twitter.com/i/web/status/1229679994189877249", "display_url": "twitter.com/i/web/status/1\u2026", "indices": [117, 140]}]}, "metadata": {"iso_language_code": "de", "result_type": "recent"}, "source": "<a href=\"https://mobile.twitter.com\" rel=\"nofollow\">Twitter Web App</a>", "in_reply_to_status_id": null, "in_reply_to_status_id_str": null, "in_reply_to_user_id": null, "in_reply_to_user_id_str": null, "in_reply_to_screen_name": null, "user": {"id": 2280602090, "id_str": "2280602090", "name": "Die Lokalredaktion", "screen_name": "nn_lokales", "location": "N\u00fcrnberg", "description": "Lokales aus den N\u00fcrnberger Nachrichten. Das Medium der Metropolregion N\u00fcrnberg. Impressum: https://t.co/ThDpdxCxdK", "url": "https://t.co/FuMFnIlLPE", "entities": {"url": {"urls": [{"url": "https://t.co/FuMFnIlLPE", "expanded_url": "http://www.nordbayern.de/region/nuernberg", "display_url": "nordbayern.de/region/nuernbe\u2026", "indices": [0, 23]}]}, "description": {"urls": [{"url": "https://t.co/ThDpdxCxdK", "expanded_url": "http://bit.ly/1hQhDsc", "display_url": "bit.ly/1hQhDsc", "indices": [91, 114]}]}}, "protected": false, "followers_count": 7244, "friends_count": 309, "listed_count": 104, "created_at": "Tue Jan 07 13:33:38 +0000 2014", "favourites_count": 436, "utc_offset": null, "time_zone": null, "geo_enabled": true, "verified": false, "statuses_count": 24215, "lang": null, "contributors_enabled": false, "is_translator": false, "is_translation_enabled": false, "profile_background_color": "C0DEED", "profile_background_image_url": "http://abs.twimg.com/images/themes/theme1/bg.png", "profile_background_image_url_https": "https://abs.twimg.com/images/themes/theme1/bg.png", "profile_background_tile": false, "profile_image_url": "http://pbs.twimg.com/profile_images/936232516645801984/TpEfCvSA_normal.jpg", "profile_image_url_https": "https://pbs.twimg.com/profile_images/936232516645801984/TpEfCvSA_normal.jpg", "profile_banner_url": "https://pbs.twimg.com/profile_banners/2280602090/1582790986", "profile_link_color": "6585B0", "profile_sidebar_border_color": "FFFFFF", "profile_sidebar_fill_color": "DDEEF6", "profile_text_color": "333333", "profile_use_background_image": true, "has_extended_profile": false, "default_profile": false, "default_profile_image": false, "following": false, "follow_request_sent": false, "notifications": false, "translator_type": "none"}, "geo": null, "coordinates": null, "place": null, "contributors": null, "is_quote_status": false, "retweet_count": 2, "favorite_count": 2, "favorited": false, "retweeted": false, "possibly_sensitive": false, "lang": "de"}, "is_quote_status": false, "retweet_count": 2, "favorite_count": 0, "favorited": false, "retweeted": false, "lang": "de"}