{"created_at": "Tue Feb 18 12:29:12 +0000 2020", "id": 1229744674199355392, "id_str": "1229744674199355392", "text": "RT @SZ_TopNews: Die chinesische Seuchenschutzbeh\u00f6rde hat Einzelheiten \u00fcber die ersten 45 000 chinesischen Covid-19-Patienten vorgelegt. #Co\u2026", "truncated": false, "entities": {"hashtags": [], "symbols": [], "user_mentions": [{"screen_name": "SZ_TopNews", "name": "SZ Top-News", "id": 17803524, "id_str": "17803524", "indices": [3, 14]}], "urls": []}, "metadata": {"iso_language_code": "de", "result_type": "recent"}, "source": "<a href=\"http://twitter.com/download/android\" rel=\"nofollow\">Twitter for Android</a>", "in_reply_to_status_id": null, "in_reply_to_status_id_str": null, "in_reply_to_user_id": null, "in_reply_to_user_id_str": null, "in_reply_to_screen_name": null, "user": {"id": 885122988839796736, "id_str": "885122988839796736", "name": "Kurekureto", "screen_name": "Mondquelle", "location": "Japan", "description": "", "url": null, "entities": {"description": {"urls": []}}, "protected": false, "followers_count": 102, "friends_count": 3340, "listed_count": 0, "created_at": "Wed Jul 12 13:05:40 +0000 2017", "favourites_count": 27490, "utc_offset": null, "time_zone": null, "geo_enabled": false, "verified": false, "statuses_count": 19227, "lang": null, "contributors_enabled": false, "is_translator": false, "is_translation_enabled": false, "profile_background_color": "F5F8FA", "profile_background_image_url": null, "profile_background_image_url_https": null, "profile_background_tile": false, "profile_image_url": "http://pbs.twimg.com/profile_images/1000514486858465280/A2pq3p4T_normal.jpg", "profile_image_url_https": "https://pbs.twimg.com/profile_images/1000514486858465280/A2pq3p4T_normal.jpg", "profile_banner_url": "https://pbs.twimg.com/profile_banners/885122988839796736/1520826423", "profile_link_color": "1DA1F2", "profile_sidebar_border_color": "C0DEED", "profile_sidebar_fill_color": "DDEEF6", "profile_text_color": "333333", "profile_use_background_image": true, "has_extended_profile": false, "default_profile": true, "default_profile_image": false, "following": false, "follow_request_sent": false, "notifications": false, "translator_type": "none"}, "geo": null, "coordinates": null, "place": null, "contributors": null, "retweeted_status": {"created_at": "Tue Feb 18 12:24:42 +0000 2020", "id": 1229743541624221696, "id_str": "1229743541624221696", "text": "Die chinesische Seuchenschutzbeh\u00f6rde hat Einzelheiten \u00fcber die ersten 45 000 chinesischen Covid-19-Patienten vorgel\u2026 https://t.co/T4pvWmlDGd", "truncated": true, "entities": {"hashtags": [], "symbols": [], "user_mentions": [], "urls": [{"url": "https://t.co/T4pvWmlDGd", "expanded_url": "https://twitter.com/i/web/status/1229743541624221696", "display_url": "twitter.com/i/web/status/1\u2026", "indices": [117, 140]}]}, "metadata": {"iso_language_code": "de", "result_type": "recent"}, "source": "<a href=\"http://www.sueddeutsche.de/\" rel=\"nofollow\">SZ.de Twitterbot - Topthemen</a>", "in_reply_to_status_id": null, "in_reply_to_status_id_str": null, "in_reply_to_user_id": null, "in_reply_to_user_id_str": null, "in_reply_to_screen_name": null, "user": {"id": 17803524, "id_str": "17803524", "name": "SZ Top-News", "screen_name": "SZ_TopNews", "location": "M\u00fcnchen", "description": "Alle Top-Themen von S\u00fcddeutsche.de\r\n\r\nImpressum: http://t.co/Jh8GYzR1nn", "url": "http://t.co/BJF8degO13", "entities": {"url": {"urls": [{"url": "http://t.co/BJF8degO13", "expanded_url": "http://sz.de/", "display_url": "sz.de", "indices": [0, 22]}]}, "description": {"urls": [{"url": "http://t.co/Jh8GYzR1nn", "expanded_url": "http://sz.de/impressum", "display_url": "sz.de/impressum", "indices": [49, 71]}]}}, "protected": false, "followers_count": 221655, "friends_count": 82, "listed_count": 3384, "created_at": "Tue Dec 02 08:48:47 +0000 2008", "favourites_count": 9, "utc_offset": null, "time_zone": null, "geo_enabled": false, "verified": true, "statuses_count": 175948, "lang": null, "contributors_enabled": false, "is_translator": false, "is_translation_enabled": false, "profile_background_color": "FFFFFF", "profile_background_image_url": "http://abs.twimg.com/images/themes/theme1/bg.png", "profile_background_image_url_https": "https://abs.twimg.com/images/themes/theme1/bg.png", "profile_background_tile": false, "profile_image_url": "http://pbs.twimg.com/profile_images/655020120121712640/WcX4aKls_normal.png", "profile_image_url_https": "https://pbs.twimg.com/profile_images/655020120121712640/WcX4aKls_normal.png", "profile_banner_url": "https://pbs.twimg.com/profile_banners/17803524/1402902733", "profile_link_color": "333333", "profile_sidebar_border_color": "FFFFFF", "profile_sidebar_fill_color": "F1F3F4", "profile_text_color": "576266", "profile_use_background_image": false, "has_extended_profile": false, "default_profile": false, "default_profile_image": false, "following": false, "follow_request_sent": false, "notifications": false, "translator_type": "none"}, "geo": null, "coordinates": null, "place": null, "contributors": null, "is_quote_status": false, "retweet_count": 2, "favorite_count": 2, "favorited": false, "retweeted": false, "possibly_sensitive": false, "lang": "de"}, "is_quote_status": false, "retweet_count": 2, "favorite_count": 0, "favorited": false, "retweeted": false, "lang": "de"}