{"created_at": "Wed Feb 19 10:33:25 +0000 2020", "id": 1230077925355073536, "id_str": "1230077925355073536", "text": "#CoViD2019 #CoViD_19 #CoronaVirus\nDie Version f\u00fcr Mobilger\u00e4te des #CoViD19-Dashboards befindet sich hier:\nhttps://t.co/wdIsJqVVsP", "truncated": false, "entities": {"hashtags": [{"text": "CoViD2019", "indices": [0, 10]}, {"text": "CoViD_19", "indices": [11, 20]}, {"text": "CoronaVirus", "indices": [21, 33]}, {"text": "CoViD19", "indices": [66, 74]}], "symbols": [], "user_mentions": [], "urls": [{"url": "https://t.co/wdIsJqVVsP", "expanded_url": "https://gisanddata.maps.arcgis.com/apps/opsdashboard/index.html#/85320e2ea5424dfaaa75ae62e5c06e61", "display_url": "gisanddata.maps.arcgis.com/apps/opsdashbo\u2026", "indices": [106, 129]}]}, "metadata": {"iso_language_code": "de", "result_type": "recent"}, "source": "<a href=\"https://mobile.twitter.com\" rel=\"nofollow\">Twitter Web App</a>", "in_reply_to_status_id": 1230077680676147202, "in_reply_to_status_id_str": "1230077680676147202", "in_reply_to_user_id": 1730377189, "in_reply_to_user_id_str": "1730377189", "in_reply_to_screen_name": "pdfkungfoo", "user": {"id": 1730377189, "id_str": "1730377189", "name": "pdfkungfoo\ud83d\udc1d", "screen_name": "pdfkungfoo", "location": "Stuttgart/Germany", "description": "Kurt Pfeifle. One of my clients nicknames me 'The two-legged PDF Debugger'. I guess I should be proud of this. #newbee #beekeeper of a dozen #honeybee colonies.", "url": "https://t.co/sdpoiFB8G4", "entities": {"url": {"urls": [{"url": "https://t.co/sdpoiFB8G4", "expanded_url": "http://stackoverflow.com/users/359307/kurt-pfeifle", "display_url": "stackoverflow.com/users/359307/k\u2026", "indices": [0, 23]}]}, "description": {"urls": []}}, "protected": false, "followers_count": 469, "friends_count": 412, "listed_count": 26, "created_at": "Thu Sep 05 00:47:45 +0000 2013", "favourites_count": 188, "utc_offset": null, "time_zone": null, "geo_enabled": false, "verified": false, "statuses_count": 6307, "lang": null, "contributors_enabled": false, "is_translator": false, "is_translation_enabled": false, "profile_background_color": "C0DEED", "profile_background_image_url": "http://abs.twimg.com/images/themes/theme1/bg.png", "profile_background_image_url_https": "https://abs.twimg.com/images/themes/theme1/bg.png", "profile_background_tile": false, "profile_image_url": "http://pbs.twimg.com/profile_images/626046307145281536/Ih3XZ0oq_normal.png", "profile_image_url_https": "https://pbs.twimg.com/profile_images/626046307145281536/Ih3XZ0oq_normal.png", "profile_link_color": "1DA1F2", "profile_sidebar_border_color": "C0DEED", "profile_sidebar_fill_color": "DDEEF6", "profile_text_color": "333333", "profile_use_background_image": true, "has_extended_profile": false, "default_profile": true, "default_profile_image": false, "following": false, "follow_request_sent": false, "notifications": false, "translator_type": "none"}, "geo": null, "coordinates": null, "place": null, "contributors": null, "is_quote_status": false, "retweet_count": 0, "favorite_count": 0, "favorited": false, "retweeted": false, "possibly_sensitive": false, "lang": "de"}