{"created_at": "Tue Feb 18 19:51:10 +0000 2020", "id": 1229855898501296135, "id_str": "1229855898501296135", "text": "RT @kaibaumgartner: @sciencefiles #COVID19: Erg\u00e4nzend zur bisherigen YouTube-Empfehlung, ein weiterer Kanal mit didaktisch ordentlich aufbe\u2026", "truncated": false, "entities": {"hashtags": [{"text": "COVID19", "indices": [34, 42]}], "symbols": [], "user_mentions": [{"screen_name": "kaibaumgartner", "name": "Kai Baumgartner\ud83c\udf33\ud83e\uddd1\ud83c\udffd\u200d\ud83c\udf3e", "id": 72816261, "id_str": "72816261", "indices": [3, 18]}, {"screen_name": "sciencefiles", "name": "ScienceFiles \ud83c\uddec\ud83c\udde7 \ud83c\udff4\udb40\udc67\udb40\udc62\udb40\udc77\udb40\udc6c\udb40\udc73\udb40\udc7f", "id": 1172476850, "id_str": "1172476850", "indices": [20, 33]}], "urls": []}, "metadata": {"iso_language_code": "de", "result_type": "recent"}, "source": "<a href=\"http://twitter.com/download/android\" rel=\"nofollow\">Twitter for Android</a>", "in_reply_to_status_id": null, "in_reply_to_status_id_str": null, "in_reply_to_user_id": null, "in_reply_to_user_id_str": null, "in_reply_to_screen_name": null, "user": {"id": 1183975422863773696, "id_str": "1183975422863773696", "name": "Minyas", "screen_name": "Minyas49866842", "location": "", "description": "", "url": null, "entities": {"description": {"urls": []}}, "protected": false, "followers_count": 14, "friends_count": 26, "listed_count": 0, "created_at": "Tue Oct 15 05:18:44 +0000 2019", "favourites_count": 280, "utc_offset": null, "time_zone": null, "geo_enabled": false, "verified": false, "statuses_count": 296, "lang": null, "contributors_enabled": false, "is_translator": false, "is_translation_enabled": false, "profile_background_color": "F5F8FA", "profile_background_image_url": null, "profile_background_image_url_https": null, "profile_background_tile": false, "profile_image_url": "http://pbs.twimg.com/profile_images/1183975614786789376/dzLjcsnH_normal.jpg", "profile_image_url_https": "https://pbs.twimg.com/profile_images/1183975614786789376/dzLjcsnH_normal.jpg", "profile_link_color": "1DA1F2", "profile_sidebar_border_color": "C0DEED", "profile_sidebar_fill_color": "DDEEF6", "profile_text_color": "333333", "profile_use_background_image": true, "has_extended_profile": false, "default_profile": true, "default_profile_image": false, "following": false, "follow_request_sent": false, "notifications": false, "translator_type": "none"}, "geo": null, "coordinates": null, "place": null, "contributors": null, "retweeted_status": {"created_at": "Sun Feb 16 21:14:38 +0000 2020", "id": 1229152125881548800, "id_str": "1229152125881548800", "text": "@sciencefiles #COVID19: Erg\u00e4nzend zur bisherigen YouTube-Empfehlung, ein weiterer Kanal mit didaktisch ordentlich a\u2026 https://t.co/GWB9EckXEM", "truncated": true, "entities": {"hashtags": [{"text": "COVID19", "indices": [14, 22]}], "symbols": [], "user_mentions": [{"screen_name": "sciencefiles", "name": "ScienceFiles \ud83c\uddec\ud83c\udde7 \ud83c\udff4\udb40\udc67\udb40\udc62\udb40\udc77\udb40\udc6c\udb40\udc73\udb40\udc7f", "id": 1172476850, "id_str": "1172476850", "indices": [0, 13]}], "urls": [{"url": "https://t.co/GWB9EckXEM", "expanded_url": "https://twitter.com/i/web/status/1229152125881548800", "display_url": "twitter.com/i/web/status/1\u2026", "indices": [117, 140]}]}, "metadata": {"iso_language_code": "de", "result_type": "recent"}, "source": "<a href=\"http://twitter.com/download/iphone\" rel=\"nofollow\">Twitter for iPhone</a>", "in_reply_to_status_id": 1228006374451400704, "in_reply_to_status_id_str": "1228006374451400704", "in_reply_to_user_id": 1172476850, "in_reply_to_user_id_str": "1172476850", "in_reply_to_screen_name": "sciencefiles", "user": {"id": 72816261, "id_str": "72816261", "name": "Kai Baumgartner\ud83c\udf33\ud83e\uddd1\ud83c\udffd\u200d\ud83c\udf3e", "screen_name": "kaibaumgartner", "location": "M\u00fcnchen, Bayern, Deutschland", "description": "Private equity, venture capital, business angel, impact entrepreneurship, reason over ideology, diversity of thought, libertarianism, individualism, resilience", "url": "https://t.co/UYKFGMZt48", "entities": {"url": {"urls": [{"url": "https://t.co/UYKFGMZt48", "expanded_url": "http://www.kaibaumgartner.com", "display_url": "kaibaumgartner.com", "indices": [0, 23]}]}, "description": {"urls": []}}, "protected": false, "followers_count": 1648, "friends_count": 639, "listed_count": 256, "created_at": "Wed Sep 09 10:01:36 +0000 2009", "favourites_count": 26, "utc_offset": null, "time_zone": null, "geo_enabled": false, "verified": false, "statuses_count": 4128, "lang": null, "contributors_enabled": false, "is_translator": false, "is_translation_enabled": false, "profile_background_color": "57832C", "profile_background_image_url": "http://abs.twimg.com/images/themes/theme9/bg.gif", "profile_background_image_url_https": "https://abs.twimg.com/images/themes/theme9/bg.gif", "profile_background_tile": false, "profile_image_url": "http://pbs.twimg.com/profile_images/744506260930760704/NQVnWAgf_normal.jpg", "profile_image_url_https": "https://pbs.twimg.com/profile_images/744506260930760704/NQVnWAgf_normal.jpg", "profile_banner_url": "https://pbs.twimg.com/profile_banners/72816261/1467444283", "profile_link_color": "669933", "profile_sidebar_border_color": "FFFFFF", "profile_sidebar_fill_color": "F3F3F3", "profile_text_color": "333333", "profile_use_background_image": false, "has_extended_profile": true, "default_profile": false, "default_profile_image": false, "following": false, "follow_request_sent": false, "notifications": false, "translator_type": "none"}, "geo": null, "coordinates": null, "place": null, "contributors": null, "is_quote_status": false, "retweet_count": 1, "favorite_count": 1, "favorited": false, "retweeted": false, "possibly_sensitive": false, "lang": "de"}, "is_quote_status": false, "retweet_count": 1, "favorite_count": 0, "favorited": false, "retweeted": false, "possibly_sensitive": false, "lang": "de"}