{"created_at": "Fri Feb 21 10:03:14 +0000 2020", "id": 1230795104912322563, "id_str": "1230795104912322563", "text": "RT @BR24: China meldet wieder einen Anstieg von #Coronavirus-Infektionen. Nach Beh\u00f6rdenangaben gab es knapp 900 neue Infektionsf\u00e4lle, 118 M\u2026", "truncated": false, "entities": {"hashtags": [{"text": "Coronavirus", "indices": [48, 60]}], "symbols": [], "user_mentions": [{"screen_name": "BR24", "name": "BR24", "id": 90524645, "id_str": "90524645", "indices": [3, 8]}], "urls": []}, "metadata": {"iso_language_code": "de", "result_type": "recent"}, "source": "<a href=\"http://twitter.com/download/android\" rel=\"nofollow\">Twitter for Android</a>", "in_reply_to_status_id": null, "in_reply_to_status_id_str": null, "in_reply_to_user_id": null, "in_reply_to_user_id_str": null, "in_reply_to_screen_name": null, "user": {"id": 2262514882, "id_str": "2262514882", "name": "Birgit Lissowsky", "screen_name": "birgitlissowsky", "location": "Deutschland", "description": "Fabio & Nicci born: 05.04.2010  #OTRB Fabio 31.10.2018\ud83c\udf08\n\n\nChicca born 21.07.2018 #OTRB 29.03.2019\ud83c\udf08 \n\n\nFindus born 01.02.2019\n\n\nSch\u00fclerleitung @SGNuernberg1883", "url": null, "entities": {"description": {"urls": []}}, "protected": false, "followers_count": 4452, "friends_count": 1922, "listed_count": 273, "created_at": "Sat Jan 04 20:36:02 +0000 2014", "favourites_count": 340365, "utc_offset": null, "time_zone": null, "geo_enabled": true, "verified": false, "statuses_count": 250475, "lang": null, "contributors_enabled": false, "is_translator": false, "is_translation_enabled": false, "profile_background_color": "000000", "profile_background_image_url": "http://abs.twimg.com/images/themes/theme1/bg.png", "profile_background_image_url_https": "https://abs.twimg.com/images/themes/theme1/bg.png", "profile_background_tile": false, "profile_image_url": "http://pbs.twimg.com/profile_images/424135564988674049/rzfs4Qp6_normal.jpeg", "profile_image_url_https": "https://pbs.twimg.com/profile_images/424135564988674049/rzfs4Qp6_normal.jpeg", "profile_banner_url": "https://pbs.twimg.com/profile_banners/2262514882/1525551217", "profile_link_color": "FAB81E", "profile_sidebar_border_color": "000000", "profile_sidebar_fill_color": "000000", "profile_text_color": "000000", "profile_use_background_image": false, "has_extended_profile": true, "default_profile": false, "default_profile_image": false, "following": false, "follow_request_sent": false, "notifications": false, "translator_type": "none"}, "geo": null, "coordinates": null, "place": null, "contributors": null, "retweeted_status": {"created_at": "Fri Feb 21 09:43:13 +0000 2020", "id": 1230790064873070594, "id_str": "1230790064873070594", "text": "China meldet wieder einen Anstieg von #Coronavirus-Infektionen. Nach Beh\u00f6rdenangaben gab es knapp 900 neue Infektio\u2026 https://t.co/kHzcwTYG2S", "truncated": true, "entities": {"hashtags": [{"text": "Coronavirus", "indices": [38, 50]}], "symbols": [], "user_mentions": [], "urls": [{"url": "https://t.co/kHzcwTYG2S", "expanded_url": "https://twitter.com/i/web/status/1230790064873070594", "display_url": "twitter.com/i/web/status/1\u2026", "indices": [117, 140]}]}, "metadata": {"iso_language_code": "de", "result_type": "recent"}, "source": "<a href=\"https://about.twitter.com/products/tweetdeck\" rel=\"nofollow\">TweetDeck</a>", "in_reply_to_status_id": null, "in_reply_to_status_id_str": null, "in_reply_to_user_id": null, "in_reply_to_user_id_str": null, "in_reply_to_screen_name": null, "user": {"id": 90524645, "id_str": "90524645", "name": "BR24", "screen_name": "BR24", "location": "M\u00fcnchen, Bayern", "description": "Dar\u00fcber spricht Bayern. An der Tastatur: @rupprich", "url": "https://t.co/reyIDBBGTo", "entities": {"url": {"urls": [{"url": "https://t.co/reyIDBBGTo", "expanded_url": "http://www.br24.de", "display_url": "br24.de", "indices": [0, 23]}]}, "description": {"urls": []}}, "protected": false, "followers_count": 42031, "friends_count": 1304, "listed_count": 953, "created_at": "Tue Nov 17 00:37:00 +0000 2009", "favourites_count": 8162, "utc_offset": null, "time_zone": null, "geo_enabled": true, "verified": true, "statuses_count": 138333, "lang": null, "contributors_enabled": false, "is_translator": false, "is_translation_enabled": false, "profile_background_color": "FFFFFF", "profile_background_image_url": "http://abs.twimg.com/images/themes/theme1/bg.png", "profile_background_image_url_https": "https://abs.twimg.com/images/themes/theme1/bg.png", "profile_background_tile": false, "profile_image_url": "http://pbs.twimg.com/profile_images/875689536306728960/ZjT-XMQ9_normal.jpg", "profile_image_url_https": "https://pbs.twimg.com/profile_images/875689536306728960/ZjT-XMQ9_normal.jpg", "profile_banner_url": "https://pbs.twimg.com/profile_banners/90524645/1547183906", "profile_link_color": "0084B4", "profile_sidebar_border_color": "000000", "profile_sidebar_fill_color": "DDEEF6", "profile_text_color": "333333", "profile_use_background_image": true, "has_extended_profile": false, "default_profile": false, "default_profile_image": false, "following": false, "follow_request_sent": false, "notifications": false, "translator_type": "regular"}, "geo": null, "coordinates": null, "place": null, "contributors": null, "is_quote_status": false, "retweet_count": 1, "favorite_count": 0, "favorited": false, "retweeted": false, "possibly_sensitive": false, "lang": "de"}, "is_quote_status": false, "retweet_count": 1, "favorite_count": 0, "favorited": false, "retweeted": false, "lang": "de"}