{"created_at": "Tue Feb 18 20:38:23 +0000 2020", "id": 1229867782143193095, "id_str": "1229867782143193095", "text": "RT @faktenfuchs: \u00dcber das #Coronavirus \ud83e\udda0 wabern im Netz immer mehr Ger\u00fcchte und #Verschw\u00f6rungstheorien. Der #Faktenfuchs \ud83e\udd8a hat einige davon\u2026", "truncated": false, "entities": {"hashtags": [{"text": "Coronavirus", "indices": [26, 38]}, {"text": "Verschw\u00f6rungstheorien", "indices": [80, 102]}, {"text": "Faktenfuchs", "indices": [108, 120]}], "symbols": [], "user_mentions": [{"screen_name": "faktenfuchs", "name": "faktenfuchs", "id": 1010174381656608769, "id_str": "1010174381656608769", "indices": [3, 15]}], "urls": []}, "metadata": {"iso_language_code": "de", "result_type": "recent"}, "source": "<a href=\"http://twitter.com/download/iphone\" rel=\"nofollow\">Twitter for iPhone</a>", "in_reply_to_status_id": null, "in_reply_to_status_id_str": null, "in_reply_to_user_id": null, "in_reply_to_user_id_str": null, "in_reply_to_screen_name": null, "user": {"id": 1219206802358833152, "id_str": "1219206802358833152", "name": "Annette Peter", "screen_name": "AnnettePeter9", "location": "", "description": "Arbeite beim BR Fernsehen\nM\u00fcnchner Runde", "url": null, "entities": {"description": {"urls": []}}, "protected": false, "followers_count": 25, "friends_count": 145, "listed_count": 0, "created_at": "Mon Jan 20 10:35:41 +0000 2020", "favourites_count": 78, "utc_offset": null, "time_zone": null, "geo_enabled": false, "verified": false, "statuses_count": 247, "lang": null, "contributors_enabled": false, "is_translator": false, "is_translation_enabled": false, "profile_background_color": "F5F8FA", "profile_background_image_url": null, "profile_background_image_url_https": null, "profile_background_tile": false, "profile_image_url": "http://pbs.twimg.com/profile_images/1219207929414455301/y1wj5U_2_normal.png", "profile_image_url_https": "https://pbs.twimg.com/profile_images/1219207929414455301/y1wj5U_2_normal.png", "profile_link_color": "1DA1F2", "profile_sidebar_border_color": "C0DEED", "profile_sidebar_fill_color": "DDEEF6", "profile_text_color": "333333", "profile_use_background_image": true, "has_extended_profile": false, "default_profile": true, "default_profile_image": false, "following": false, "follow_request_sent": false, "notifications": false, "translator_type": "none"}, "geo": null, "coordinates": null, "place": null, "contributors": null, "retweeted_status": {"created_at": "Fri Jan 31 10:53:15 +0000 2020", "id": 1223197544806866944, "id_str": "1223197544806866944", "text": "\u00dcber das #Coronavirus \ud83e\udda0 wabern im Netz immer mehr Ger\u00fcchte und #Verschw\u00f6rungstheorien. Der #Faktenfuchs \ud83e\udd8a hat einig\u2026 https://t.co/wH9wITkIay", "truncated": true, "entities": {"hashtags": [{"text": "Coronavirus", "indices": [9, 21]}, {"text": "Verschw\u00f6rungstheorien", "indices": [63, 85]}, {"text": "Faktenfuchs", "indices": [91, 103]}], "symbols": [], "user_mentions": [], "urls": [{"url": "https://t.co/wH9wITkIay", "expanded_url": "https://twitter.com/i/web/status/1223197544806866944", "display_url": "twitter.com/i/web/status/1\u2026", "indices": [117, 140]}]}, "metadata": {"iso_language_code": "de", "result_type": "recent"}, "source": "<a href=\"https://mobile.twitter.com\" rel=\"nofollow\">Twitter Web App</a>", "in_reply_to_status_id": null, "in_reply_to_status_id_str": null, "in_reply_to_user_id": null, "in_reply_to_user_id_str": null, "in_reply_to_screen_name": null, "user": {"id": 1010174381656608769, "id_str": "1010174381656608769", "name": "faktenfuchs", "screen_name": "faktenfuchs", "location": "Bavaria, Germany", "description": "Der #Faktenfuchs \ud83e\udd8a von @BR24 jagt Informationen und Fakten zu aktuellen Themen und checkt Sachverhalte.", "url": "https://t.co/aLLpBtIWKP", "entities": {"url": {"urls": [{"url": "https://t.co/aLLpBtIWKP", "expanded_url": "http://br.de/faktencheck", "display_url": "br.de/faktencheck", "indices": [0, 23]}]}, "description": {"urls": []}}, "protected": false, "followers_count": 1325, "friends_count": 66, "listed_count": 22, "created_at": "Fri Jun 22 14:55:15 +0000 2018", "favourites_count": 122, "utc_offset": null, "time_zone": null, "geo_enabled": false, "verified": false, "statuses_count": 313, "lang": null, "contributors_enabled": false, "is_translator": false, "is_translation_enabled": false, "profile_background_color": "000000", "profile_background_image_url": "http://abs.twimg.com/images/themes/theme1/bg.png", "profile_background_image_url_https": "https://abs.twimg.com/images/themes/theme1/bg.png", "profile_background_tile": false, "profile_image_url": "http://pbs.twimg.com/profile_images/1010175373483626496/5Sfckm39_normal.jpg", "profile_image_url_https": "https://pbs.twimg.com/profile_images/1010175373483626496/5Sfckm39_normal.jpg", "profile_banner_url": "https://pbs.twimg.com/profile_banners/1010174381656608769/1562930008", "profile_link_color": "CD853F", "profile_sidebar_border_color": "000000", "profile_sidebar_fill_color": "000000", "profile_text_color": "000000", "profile_use_background_image": false, "has_extended_profile": true, "default_profile": false, "default_profile_image": false, "following": false, "follow_request_sent": false, "notifications": false, "translator_type": "none"}, "geo": null, "coordinates": null, "place": null, "contributors": null, "is_quote_status": false, "retweet_count": 13, "favorite_count": 26, "favorited": false, "retweeted": false, "possibly_sensitive": false, "lang": "de"}, "is_quote_status": false, "retweet_count": 13, "favorite_count": 0, "favorited": false, "retweeted": false, "lang": "de"}