{"created_at": "Tue Feb 18 20:38:53 +0000 2020", "id": 1229867906420400128, "id_str": "1229867906420400128", "text": "RT @muenchnerrunde: Wirtschaftliche Folgen des #coronavirus in #Bayern: Hotels in der Region um Schloss #Neuschwanstein klagen \u00fcber Stornie\u2026", "truncated": false, "entities": {"hashtags": [{"text": "coronavirus", "indices": [47, 59]}, {"text": "Bayern", "indices": [63, 70]}, {"text": "Neuschwanstein", "indices": [104, 119]}], "symbols": [], "user_mentions": [{"screen_name": "muenchnerrunde", "name": "M\u00fcnchner Runde", "id": 2383863565, "id_str": "2383863565", "indices": [3, 18]}], "urls": []}, "metadata": {"iso_language_code": "de", "result_type": "recent"}, "source": "<a href=\"http://twitter.com/download/iphone\" rel=\"nofollow\">Twitter for iPhone</a>", "in_reply_to_status_id": null, "in_reply_to_status_id_str": null, "in_reply_to_user_id": null, "in_reply_to_user_id_str": null, "in_reply_to_screen_name": null, "user": {"id": 1219206802358833152, "id_str": "1219206802358833152", "name": "Annette Peter", "screen_name": "AnnettePeter9", "location": "", "description": "Arbeite beim BR Fernsehen\nM\u00fcnchner Runde", "url": null, "entities": {"description": {"urls": []}}, "protected": false, "followers_count": 25, "friends_count": 145, "listed_count": 0, "created_at": "Mon Jan 20 10:35:41 +0000 2020", "favourites_count": 78, "utc_offset": null, "time_zone": null, "geo_enabled": false, "verified": false, "statuses_count": 247, "lang": null, "contributors_enabled": false, "is_translator": false, "is_translation_enabled": false, "profile_background_color": "F5F8FA", "profile_background_image_url": null, "profile_background_image_url_https": null, "profile_background_tile": false, "profile_image_url": "http://pbs.twimg.com/profile_images/1219207929414455301/y1wj5U_2_normal.png", "profile_image_url_https": "https://pbs.twimg.com/profile_images/1219207929414455301/y1wj5U_2_normal.png", "profile_link_color": "1DA1F2", "profile_sidebar_border_color": "C0DEED", "profile_sidebar_fill_color": "DDEEF6", "profile_text_color": "333333", "profile_use_background_image": true, "has_extended_profile": false, "default_profile": true, "default_profile_image": false, "following": false, "follow_request_sent": false, "notifications": false, "translator_type": "none"}, "geo": null, "coordinates": null, "place": null, "contributors": null, "retweeted_status": {"created_at": "Thu Jan 30 15:06:32 +0000 2020", "id": 1222898900463259653, "id_str": "1222898900463259653", "text": "Wirtschaftliche Folgen des #coronavirus in #Bayern: Hotels in der Region um Schloss #Neuschwanstein klagen \u00fcber Sto\u2026 https://t.co/2NkbTmKb2F", "truncated": true, "entities": {"hashtags": [{"text": "coronavirus", "indices": [27, 39]}, {"text": "Bayern", "indices": [43, 50]}, {"text": "Neuschwanstein", "indices": [84, 99]}], "symbols": [], "user_mentions": [], "urls": [{"url": "https://t.co/2NkbTmKb2F", "expanded_url": "https://twitter.com/i/web/status/1222898900463259653", "display_url": "twitter.com/i/web/status/1\u2026", "indices": [117, 140]}]}, "metadata": {"iso_language_code": "de", "result_type": "recent"}, "source": "<a href=\"https://mobile.twitter.com\" rel=\"nofollow\">Twitter Web App</a>", "in_reply_to_status_id": null, "in_reply_to_status_id_str": null, "in_reply_to_user_id": null, "in_reply_to_user_id_str": null, "in_reply_to_screen_name": null, "user": {"id": 2383863565, "id_str": "2383863565", "name": "M\u00fcnchner Runde", "screen_name": "muenchnerrunde", "location": "M\u00fcnchen", "description": "\ud83d\uddef\ufe0f Polit-Talk & multimediales Debattenformat des Bayerischen Rundfunks. Jeden zweiten Mittwoch live \ud83d\udcfa um 20.15 Uhr BR Fernsehen & bei BR24. Wdh. tagesschau24.", "url": "https://t.co/hLMEzW7gqA", "entities": {"url": {"urls": [{"url": "https://t.co/hLMEzW7gqA", "expanded_url": "https://www.br.de/br-fernsehen/sendungen/muenchner-runde/kontakt/Muenchner-Runde-Kontakt100.html", "display_url": "br.de/br-fernsehen/s\u2026", "indices": [0, 23]}]}, "description": {"urls": []}}, "protected": false, "followers_count": 163, "friends_count": 205, "listed_count": 1, "created_at": "Tue Mar 11 15:07:10 +0000 2014", "favourites_count": 101, "utc_offset": null, "time_zone": null, "geo_enabled": false, "verified": false, "statuses_count": 97, "lang": null, "contributors_enabled": false, "is_translator": false, "is_translation_enabled": false, "profile_background_color": "C0DEED", "profile_background_image_url": "http://abs.twimg.com/images/themes/theme1/bg.png", "profile_background_image_url_https": "https://abs.twimg.com/images/themes/theme1/bg.png", "profile_background_tile": false, "profile_image_url": "http://pbs.twimg.com/profile_images/1217824185399029761/FBwgWV9F_normal.jpg", "profile_image_url_https": "https://pbs.twimg.com/profile_images/1217824185399029761/FBwgWV9F_normal.jpg", "profile_banner_url": "https://pbs.twimg.com/profile_banners/2383863565/1579012762", "profile_link_color": "1DA1F2", "profile_sidebar_border_color": "C0DEED", "profile_sidebar_fill_color": "DDEEF6", "profile_text_color": "333333", "profile_use_background_image": true, "has_extended_profile": false, "default_profile": true, "default_profile_image": false, "following": false, "follow_request_sent": false, "notifications": false, "translator_type": "none"}, "geo": null, "coordinates": null, "place": null, "contributors": null, "is_quote_status": false, "retweet_count": 1, "favorite_count": 2, "favorited": false, "retweeted": false, "possibly_sensitive": false, "lang": "de"}, "is_quote_status": false, "retweet_count": 1, "favorite_count": 0, "favorited": false, "retweeted": false, "lang": "de"}