{"created_at": "Thu Feb 20 10:06:58 +0000 2020", "id": 1230433657606885379, "id_str": "1230433657606885379", "text": "Die Verbreitung des #Coronavirus in China ist keinesfalls gebannt. Dennoch lassen Rems-Murr-Unternehmen wie K\u00e4rcher\u2026 https://t.co/9uKlGw2Sqz", "truncated": true, "entities": {"hashtags": [{"text": "Coronavirus", "indices": [20, 32]}], "symbols": [], "user_mentions": [], "urls": [{"url": "https://t.co/9uKlGw2Sqz", "expanded_url": "https://twitter.com/i/web/status/1230433657606885379", "display_url": "twitter.com/i/web/status/1\u2026", "indices": [117, 140]}]}, "metadata": {"iso_language_code": "de", "result_type": "recent"}, "source": "<a href=\"https://mobile.twitter.com\" rel=\"nofollow\">Twitter Web App</a>", "in_reply_to_status_id": null, "in_reply_to_status_id_str": null, "in_reply_to_user_id": null, "in_reply_to_user_id_str": null, "in_reply_to_screen_name": null, "user": {"id": 111045376, "id_str": "111045376", "name": "ZVW Redaktion", "screen_name": "zvw_redaktion", "location": "Waiblingen", "description": "Hier twittert der Zeitungsverlag Waiblingen (Waiblinger Kreiszeitung, Schorndorfer Nachrichten, Winnender Zeitung, Welzheimer Zeitung) https://t.co/Rt0DLR55tY", "url": "http://t.co/lj4bJqHCt3", "entities": {"url": {"urls": [{"url": "http://t.co/lj4bJqHCt3", "expanded_url": "http://www.zvw.de", "display_url": "zvw.de", "indices": [0, 22]}]}, "description": {"urls": [{"url": "https://t.co/Rt0DLR55tY", "expanded_url": "http://zvw.de/impressum", "display_url": "zvw.de/impressum", "indices": [135, 158]}]}}, "protected": false, "followers_count": 2023, "friends_count": 188, "listed_count": 74, "created_at": "Wed Feb 03 16:39:32 +0000 2010", "favourites_count": 188, "utc_offset": null, "time_zone": null, "geo_enabled": true, "verified": false, "statuses_count": 23159, "lang": null, "contributors_enabled": false, "is_translator": false, "is_translation_enabled": false, "profile_background_color": "6E8796", "profile_background_image_url": "http://abs.twimg.com/images/themes/theme1/bg.png", "profile_background_image_url_https": "https://abs.twimg.com/images/themes/theme1/bg.png", "profile_background_tile": false, "profile_image_url": "http://pbs.twimg.com/profile_images/1085511828334174213/Q-JC4PFU_normal.jpg", "profile_image_url_https": "https://pbs.twimg.com/profile_images/1085511828334174213/Q-JC4PFU_normal.jpg", "profile_banner_url": "https://pbs.twimg.com/profile_banners/111045376/1357563664", "profile_link_color": "0094D2", "profile_sidebar_border_color": "FFFFFF", "profile_sidebar_fill_color": "DDEEF6", "profile_text_color": "333333", "profile_use_background_image": true, "has_extended_profile": false, "default_profile": false, "default_profile_image": false, "following": false, "follow_request_sent": false, "notifications": false, "translator_type": "none"}, "geo": null, "coordinates": null, "place": null, "contributors": null, "is_quote_status": false, "retweet_count": 0, "favorite_count": 0, "favorited": false, "retweeted": false, "possibly_sensitive": false, "lang": "de"}