{"created_at": "Wed Feb 19 07:27:47 +0000 2020", "id": 1230031206269554688, "id_str": "1230031206269554688", "text": "#LBBW_MorgenInfo: #Coronavirus belastet ZEW-Indikator f\u00fcr Deutschland. US-Fr\u00fchindikator \u00fcberrascht dagegen positiv.\u2026 https://t.co/cnyoTrk16C", "truncated": true, "entities": {"hashtags": [{"text": "LBBW_MorgenInfo", "indices": [0, 16]}, {"text": "Coronavirus", "indices": [18, 30]}], "symbols": [], "user_mentions": [], "urls": [{"url": "https://t.co/cnyoTrk16C", "expanded_url": "https://twitter.com/i/web/status/1230031206269554688", "display_url": "twitter.com/i/web/status/1\u2026", "indices": [117, 140]}]}, "metadata": {"iso_language_code": "de", "result_type": "recent"}, "source": "<a href=\"https://mobile.twitter.com\" rel=\"nofollow\">Twitter Web App</a>", "in_reply_to_status_id": null, "in_reply_to_status_id_str": null, "in_reply_to_user_id": null, "in_reply_to_user_id_str": null, "in_reply_to_screen_name": null, "user": {"id": 776434061468246016, "id_str": "776434061468246016", "name": "LBBW Research", "screen_name": "LBBW_Research", "location": "Stuttgart, Deutschland", "description": "Hier twittert das Analysten-Team des Research der LBBW.  Unsere Datenschutzhinweise: https://t.co/uUdeAqyqUM", "url": "https://t.co/6KeSPvEKcw", "entities": {"url": {"urls": [{"url": "https://t.co/6KeSPvEKcw", "expanded_url": "http://www.lbbw.de/de/research/research_start/research.jsp", "display_url": "lbbw.de/de/research/re\u2026", "indices": [0, 23]}]}, "description": {"urls": [{"url": "https://t.co/uUdeAqyqUM", "expanded_url": "https://www.lbbw.de/x/7wo5vqtvd_d?origin=/Datenschutz", "display_url": "lbbw.de/x/7wo5vqtvd_d?\u2026", "indices": [85, 108]}]}}, "protected": false, "followers_count": 922, "friends_count": 551, "listed_count": 16, "created_at": "Thu Sep 15 14:54:40 +0000 2016", "favourites_count": 73, "utc_offset": null, "time_zone": null, "geo_enabled": true, "verified": false, "statuses_count": 1184, "lang": null, "contributors_enabled": false, "is_translator": false, "is_translation_enabled": false, "profile_background_color": "000000", "profile_background_image_url": "http://abs.twimg.com/images/themes/theme1/bg.png", "profile_background_image_url_https": "https://abs.twimg.com/images/themes/theme1/bg.png", "profile_background_tile": false, "profile_image_url": "http://pbs.twimg.com/profile_images/994276590640140289/f31u88WF_normal.jpg", "profile_image_url_https": "https://pbs.twimg.com/profile_images/994276590640140289/f31u88WF_normal.jpg", "profile_banner_url": "https://pbs.twimg.com/profile_banners/776434061468246016/1525871825", "profile_link_color": "1B95E0", "profile_sidebar_border_color": "000000", "profile_sidebar_fill_color": "000000", "profile_text_color": "000000", "profile_use_background_image": false, "has_extended_profile": false, "default_profile": false, "default_profile_image": false, "following": false, "follow_request_sent": false, "notifications": false, "translator_type": "none"}, "geo": null, "coordinates": null, "place": null, "contributors": null, "is_quote_status": false, "retweet_count": 0, "favorite_count": 0, "favorited": false, "retweeted": false, "possibly_sensitive": false, "lang": "de"}