{"created_at": "Wed Feb 19 16:51:30 +0000 2020", "id": 1230173070368919552, "id_str": "1230173070368919552", "text": "RT @BR24: Wegen des #Coronavirus haben immer mehr Asiaten in #Deutschland mit #Diskriminierung zu k\u00e4mpfen - egal, woher sie wirklich kommen\u2026", "truncated": false, "entities": {"hashtags": [{"text": "Coronavirus", "indices": [20, 32]}, {"text": "Deutschland", "indices": [61, 73]}, {"text": "Diskriminierung", "indices": [78, 94]}], "symbols": [], "user_mentions": [{"screen_name": "BR24", "name": "BR24", "id": 90524645, "id_str": "90524645", "indices": [3, 8]}], "urls": []}, "metadata": {"iso_language_code": "de", "result_type": "recent"}, "source": "<a href=\"http://twitter.com/download/android\" rel=\"nofollow\">Twitter for Android</a>", "in_reply_to_status_id": null, "in_reply_to_status_id_str": null, "in_reply_to_user_id": null, "in_reply_to_user_id_str": null, "in_reply_to_screen_name": null, "user": {"id": 1131635826767597569, "id_str": "1131635826767597569", "name": "Chrisseyy", "screen_name": "Chrisseyy1", "location": "", "description": "Ich wei\u00df du willst mir in die Fresse hauen, aber du kannst nicht....", "url": null, "entities": {"description": {"urls": []}}, "protected": false, "followers_count": 6, "friends_count": 32, "listed_count": 0, "created_at": "Thu May 23 18:59:40 +0000 2019", "favourites_count": 1695, "utc_offset": null, "time_zone": null, "geo_enabled": false, "verified": false, "statuses_count": 279, "lang": null, "contributors_enabled": false, "is_translator": false, "is_translation_enabled": false, "profile_background_color": "F5F8FA", "profile_background_image_url": null, "profile_background_image_url_https": null, "profile_background_tile": false, "profile_image_url": "http://pbs.twimg.com/profile_images/1190753833271607297/StRnu3fH_normal.jpg", "profile_image_url_https": "https://pbs.twimg.com/profile_images/1190753833271607297/StRnu3fH_normal.jpg", "profile_link_color": "1DA1F2", "profile_sidebar_border_color": "C0DEED", "profile_sidebar_fill_color": "DDEEF6", "profile_text_color": "333333", "profile_use_background_image": true, "has_extended_profile": false, "default_profile": true, "default_profile_image": false, "following": false, "follow_request_sent": false, "notifications": false, "translator_type": "none"}, "geo": null, "coordinates": null, "place": null, "contributors": null, "retweeted_status": {"created_at": "Thu Feb 13 08:33:13 +0000 2020", "id": 1227873346852982787, "id_str": "1227873346852982787", "text": "Wegen des #Coronavirus haben immer mehr Asiaten in #Deutschland mit #Diskriminierung zu k\u00e4mpfen - egal, woher sie w\u2026 https://t.co/8vsp03RtPt", "truncated": true, "entities": {"hashtags": [{"text": "Coronavirus", "indices": [10, 22]}, {"text": "Deutschland", "indices": [51, 63]}, {"text": "Diskriminierung", "indices": [68, 84]}], "symbols": [], "user_mentions": [], "urls": [{"url": "https://t.co/8vsp03RtPt", "expanded_url": "https://twitter.com/i/web/status/1227873346852982787", "display_url": "twitter.com/i/web/status/1\u2026", "indices": [117, 140]}]}, "metadata": {"iso_language_code": "de", "result_type": "recent"}, "source": "<a href=\"https://studio.twitter.com\" rel=\"nofollow\">Twitter Media Studio</a>", "in_reply_to_status_id": null, "in_reply_to_status_id_str": null, "in_reply_to_user_id": null, "in_reply_to_user_id_str": null, "in_reply_to_screen_name": null, "user": {"id": 90524645, "id_str": "90524645", "name": "BR24", "screen_name": "BR24", "location": "M\u00fcnchen, Bayern", "description": "Dar\u00fcber spricht Bayern. An der Tastatur: @rupprich", "url": "https://t.co/reyIDBBGTo", "entities": {"url": {"urls": [{"url": "https://t.co/reyIDBBGTo", "expanded_url": "http://www.br24.de", "display_url": "br24.de", "indices": [0, 23]}]}, "description": {"urls": []}}, "protected": false, "followers_count": 42031, "friends_count": 1304, "listed_count": 953, "created_at": "Tue Nov 17 00:37:00 +0000 2009", "favourites_count": 8162, "utc_offset": null, "time_zone": null, "geo_enabled": true, "verified": true, "statuses_count": 138333, "lang": null, "contributors_enabled": false, "is_translator": false, "is_translation_enabled": false, "profile_background_color": "FFFFFF", "profile_background_image_url": "http://abs.twimg.com/images/themes/theme1/bg.png", "profile_background_image_url_https": "https://abs.twimg.com/images/themes/theme1/bg.png", "profile_background_tile": false, "profile_image_url": "http://pbs.twimg.com/profile_images/875689536306728960/ZjT-XMQ9_normal.jpg", "profile_image_url_https": "https://pbs.twimg.com/profile_images/875689536306728960/ZjT-XMQ9_normal.jpg", "profile_banner_url": "https://pbs.twimg.com/profile_banners/90524645/1547183906", "profile_link_color": "0084B4", "profile_sidebar_border_color": "000000", "profile_sidebar_fill_color": "DDEEF6", "profile_text_color": "333333", "profile_use_background_image": true, "has_extended_profile": false, "default_profile": false, "default_profile_image": false, "following": false, "follow_request_sent": false, "notifications": false, "translator_type": "regular"}, "geo": null, "coordinates": null, "place": null, "contributors": null, "is_quote_status": false, "retweet_count": 6, "favorite_count": 14, "favorited": false, "retweeted": false, "possibly_sensitive": false, "lang": "de"}, "is_quote_status": false, "retweet_count": 6, "favorite_count": 0, "favorited": false, "retweeted": false, "lang": "de"}