{"created_at": "Tue Feb 18 09:28:13 +0000 2020", "id": 1229699129099653120, "id_str": "1229699129099653120", "text": "#Angst vor #Coronavirus: 63 chinesische Aussteller sind wohl bei #GrindTec-Messe in #Augsburg dabei. Aus den Risiko\u2026 https://t.co/7f4vJOIELj", "truncated": true, "entities": {"hashtags": [{"text": "Angst", "indices": [0, 6]}, {"text": "Coronavirus", "indices": [11, 23]}, {"text": "GrindTec", "indices": [65, 74]}, {"text": "Augsburg", "indices": [84, 93]}], "symbols": [], "user_mentions": [], "urls": [{"url": "https://t.co/7f4vJOIELj", "expanded_url": "https://twitter.com/i/web/status/1229699129099653120", "display_url": "twitter.com/i/web/status/1\u2026", "indices": [117, 140]}]}, "metadata": {"iso_language_code": "de", "result_type": "recent"}, "source": "<a href=\"https://mobile.twitter.com\" rel=\"nofollow\">Twitter Web App</a>", "in_reply_to_status_id": null, "in_reply_to_status_id_str": null, "in_reply_to_user_id": null, "in_reply_to_user_id_str": null, "in_reply_to_screen_name": null, "user": {"id": 2994143782, "id_str": "2994143782", "name": "Radio Fantasy 93,4", "screen_name": "934Fantasy", "location": "Augsburg", "description": "FB: Radio Fantasy\nInstagram: fantasy934", "url": "https://t.co/OqFwtjuAqU", "entities": {"url": {"urls": [{"url": "https://t.co/OqFwtjuAqU", "expanded_url": "http://www.fantasy.de", "display_url": "fantasy.de", "indices": [0, 23]}]}, "description": {"urls": []}}, "protected": false, "followers_count": 1359, "friends_count": 621, "listed_count": 16, "created_at": "Fri Jan 23 13:04:24 +0000 2015", "favourites_count": 123, "utc_offset": null, "time_zone": null, "geo_enabled": true, "verified": false, "statuses_count": 3388, "lang": null, "contributors_enabled": false, "is_translator": false, "is_translation_enabled": false, "profile_background_color": "000000", "profile_background_image_url": "http://abs.twimg.com/images/themes/theme1/bg.png", "profile_background_image_url_https": "https://abs.twimg.com/images/themes/theme1/bg.png", "profile_background_tile": false, "profile_image_url": "http://pbs.twimg.com/profile_images/870131514658496513/_ZqkMV1h_normal.jpg", "profile_image_url_https": "https://pbs.twimg.com/profile_images/870131514658496513/_ZqkMV1h_normal.jpg", "profile_banner_url": "https://pbs.twimg.com/profile_banners/2994143782/1563367011", "profile_link_color": "DB1708", "profile_sidebar_border_color": "000000", "profile_sidebar_fill_color": "000000", "profile_text_color": "000000", "profile_use_background_image": false, "has_extended_profile": false, "default_profile": false, "default_profile_image": false, "following": false, "follow_request_sent": false, "notifications": false, "translator_type": "none"}, "geo": null, "coordinates": null, "place": null, "contributors": null, "is_quote_status": false, "retweet_count": 0, "favorite_count": 0, "favorited": false, "retweeted": false, "possibly_sensitive": false, "lang": "de"}