{"created_at": "Wed Feb 19 09:47:14 +0000 2020", "id": 1230066301969870849, "id_str": "1230066301969870849", "text": "Welchen Einfluss hat das #coronavirus auf die Lieferkette elektronischer Bauteile. Hier die Einsch\u00e4tzung einiger Di\u2026 https://t.co/qUnLofMSOB", "truncated": true, "entities": {"hashtags": [{"text": "coronavirus", "indices": [25, 37]}], "symbols": [], "user_mentions": [], "urls": [{"url": "https://t.co/qUnLofMSOB", "expanded_url": "https://twitter.com/i/web/status/1230066301969870849", "display_url": "twitter.com/i/web/status/1\u2026", "indices": [117, 140]}]}, "metadata": {"iso_language_code": "de", "result_type": "recent"}, "source": "<a href=\"https://mobile.twitter.com\" rel=\"nofollow\">Twitter Web App</a>", "in_reply_to_status_id": null, "in_reply_to_status_id_str": null, "in_reply_to_user_id": null, "in_reply_to_user_id_str": null, "in_reply_to_screen_name": null, "user": {"id": 723039213378105344, "id_str": "723039213378105344", "name": "Agentur Lorenzoni", "screen_name": "AgenturL", "location": "Erding, Deutschland", "description": "", "url": "https://t.co/WqGxOyGhah", "entities": {"url": {"urls": [{"url": "https://t.co/WqGxOyGhah", "expanded_url": "http://www.lorenzoni.de", "display_url": "lorenzoni.de", "indices": [0, 23]}]}, "description": {"urls": []}}, "protected": false, "followers_count": 102, "friends_count": 288, "listed_count": 12, "created_at": "Thu Apr 21 06:42:36 +0000 2016", "favourites_count": 1086, "utc_offset": null, "time_zone": null, "geo_enabled": false, "verified": false, "statuses_count": 790, "lang": null, "contributors_enabled": false, "is_translator": false, "is_translation_enabled": false, "profile_background_color": "000000", "profile_background_image_url": "http://abs.twimg.com/images/themes/theme1/bg.png", "profile_background_image_url_https": "https://abs.twimg.com/images/themes/theme1/bg.png", "profile_background_tile": false, "profile_image_url": "http://pbs.twimg.com/profile_images/958342076810387456/dAWHpIML_normal.jpg", "profile_image_url_https": "https://pbs.twimg.com/profile_images/958342076810387456/dAWHpIML_normal.jpg", "profile_banner_url": "https://pbs.twimg.com/profile_banners/723039213378105344/1476885242", "profile_link_color": "1B95E0", "profile_sidebar_border_color": "000000", "profile_sidebar_fill_color": "000000", "profile_text_color": "000000", "profile_use_background_image": false, "has_extended_profile": false, "default_profile": false, "default_profile_image": false, "following": false, "follow_request_sent": false, "notifications": false, "translator_type": "none"}, "geo": null, "coordinates": null, "place": null, "contributors": null, "is_quote_status": false, "retweet_count": 0, "favorite_count": 0, "favorited": false, "retweeted": false, "possibly_sensitive": false, "lang": "de"}