{"created_at": "Wed Feb 19 20:48:25 +0000 2020", "id": 1230232692740022277, "id_str": "1230232692740022277", "text": "RT @mvollmer1: #MondayMotivaton Impact of #DigitalTransformation &amp; #coronavirus / #COVID19 ... \ud83d\ude26 Is this the #FutureofWork?\n\nMT @helene_wpl\u2026", "truncated": false, "entities": {"hashtags": [{"text": "MondayMotivaton", "indices": [15, 31]}, {"text": "DigitalTransformation", "indices": [42, 64]}, {"text": "coronavirus", "indices": [71, 83]}, {"text": "COVID19", "indices": [86, 94]}, {"text": "FutureofWork", "indices": [113, 126]}], "symbols": [], "user_mentions": [{"screen_name": "mvollmer1", "name": "Dr. Marcell Vollmer", "id": 99674560, "id_str": "99674560", "indices": [3, 13]}], "urls": []}, "metadata": {"iso_language_code": "en", "result_type": "recent"}, "source": "<a href=\"http://twitter.com/download/android\" rel=\"nofollow\">Twitter for Android</a>", "in_reply_to_status_id": null, "in_reply_to_status_id_str": null, "in_reply_to_user_id": null, "in_reply_to_user_id_str": null, "in_reply_to_screen_name": null, "user": {"id": 138230769, "id_str": "138230769", "name": "Yasmin Aldosari", "screen_name": "YasminsMirror", "location": "Riyadh", "description": "\u200f\u200f\u200f\u200f\u0627\u0639\u0637\u064a \u0628\u0644\u0627 \u0645\u0642\u0627\u0628\u0644 \u060c \u0627\u0639\u0645\u0644 \u0628\u0644\u0627 \u062a\u0648\u0642\u0641 \u062d\u062a\u0649 \u0627\u0635\u0644 \u0644\u0647\u062f\u0641\u064a\n \u200f\u200f\u0647\u062c\u064a\u0646 \u0627\u0644\u062a\u062e\u0635\u0635 \u062d\u0627\u0633\u0628/ \u0627\u062f\u0627\u0631\u0629 \u0635\u062d\u064a\u0629 \u201cBe the Change you wish to see in the World.\u201d", "url": "https://t.co/j7BE54MJWD", "entities": {"url": {"urls": [{"url": "https://t.co/j7BE54MJWD", "expanded_url": "http://psindentistry.org", "display_url": "psindentistry.org", "indices": [0, 23]}]}, "description": {"urls": []}}, "protected": false, "followers_count": 1360, "friends_count": 944, "listed_count": 94, "created_at": "Thu Apr 29 00:20:17 +0000 2010", "favourites_count": 5005, "utc_offset": null, "time_zone": null, "geo_enabled": false, "verified": false, "statuses_count": 62565, "lang": null, "contributors_enabled": false, "is_translator": false, "is_translation_enabled": false, "profile_background_color": "1C130E", "profile_background_image_url": "http://abs.twimg.com/images/themes/theme18/bg.gif", "profile_background_image_url_https": "https://abs.twimg.com/images/themes/theme18/bg.gif", "profile_background_tile": false, "profile_image_url": "http://pbs.twimg.com/profile_images/842656761538666496/RiyToncT_normal.jpg", "profile_image_url_https": "https://pbs.twimg.com/profile_images/842656761538666496/RiyToncT_normal.jpg", "profile_banner_url": "https://pbs.twimg.com/profile_banners/138230769/1464985361", "profile_link_color": "81498E", "profile_sidebar_border_color": "9DB98C", "profile_sidebar_fill_color": "140E0A", "profile_text_color": "838978", "profile_use_background_image": false, "has_extended_profile": true, "default_profile": false, "default_profile_image": false, "following": false, "follow_request_sent": false, "notifications": false, "translator_type": "none"}, "geo": null, "coordinates": null, "place": null, "contributors": null, "retweeted_status": {"created_at": "Mon Feb 17 04:49:19 +0000 2020", "id": 1229266550743556102, "id_str": "1229266550743556102", "text": "#MondayMotivaton Impact of #DigitalTransformation &amp; #coronavirus / #COVID19 ... \ud83d\ude26 Is this the #FutureofWork?\n\nMT\u2026 https://t.co/Baj7Vd8An8", "truncated": true, "entities": {"hashtags": [{"text": "MondayMotivaton", "indices": [0, 16]}, {"text": "DigitalTransformation", "indices": [27, 49]}, {"text": "coronavirus", "indices": [56, 68]}, {"text": "COVID19", "indices": [71, 79]}, {"text": "FutureofWork", "indices": [98, 111]}], "symbols": [], "user_mentions": [], "urls": [{"url": "https://t.co/Baj7Vd8An8", "expanded_url": "https://twitter.com/i/web/status/1229266550743556102", "display_url": "twitter.com/i/web/status/1\u2026", "indices": [118, 141]}]}, "metadata": {"iso_language_code": "en", "result_type": "recent"}, "source": "<a href=\"http://twitter.com/#!/download/ipad\" rel=\"nofollow\">Twitter for iPad</a>", "in_reply_to_status_id": null, "in_reply_to_status_id_str": null, "in_reply_to_user_id": null, "in_reply_to_user_id_str": null, "in_reply_to_screen_name": null, "user": {"id": 99674560, "id_str": "99674560", "name": "Dr. Marcell Vollmer", "screen_name": "mvollmer1", "location": "Munich, Bavaria", "description": "Chief Innovation Officer @Celonis. Passionate about life & coffee. PhD & MBA in Economics. Social Media enthusiast and curious to continuously learn & grow", "url": "https://t.co/EsPFMBdrDN", "entities": {"url": {"urls": [{"url": "https://t.co/EsPFMBdrDN", "expanded_url": "https://www.linkedin.com/in/marcellvollmer/", "display_url": "linkedin.com/in/marcellvoll\u2026", "indices": [0, 23]}]}, "description": {"urls": []}}, "protected": false, "followers_count": 49255, "friends_count": 45474, "listed_count": 581, "created_at": "Sun Dec 27 09:07:18 +0000 2009", "favourites_count": 201062, "utc_offset": null, "time_zone": null, "geo_enabled": true, "verified": false, "statuses_count": 80147, "lang": null, "contributors_enabled": false, "is_translator": false, "is_translation_enabled": false, "profile_background_color": "C0DEED", "profile_background_image_url": "http://abs.twimg.com/images/themes/theme1/bg.png", "profile_background_image_url_https": "https://abs.twimg.com/images/themes/theme1/bg.png", "profile_background_tile": false, "profile_image_url": "http://pbs.twimg.com/profile_images/735212931940552704/83zOt4k5_normal.jpg", "profile_image_url_https": "https://pbs.twimg.com/profile_images/735212931940552704/83zOt4k5_normal.jpg", "profile_banner_url": "https://pbs.twimg.com/profile_banners/99674560/1486476950", "profile_link_color": "1DA1F2", "profile_sidebar_border_color": "C0DEED", "profile_sidebar_fill_color": "DDEEF6", "profile_text_color": "333333", "profile_use_background_image": true, "has_extended_profile": true, "default_profile": true, "default_profile_image": false, "following": false, "follow_request_sent": false, "notifications": false, "translator_type": "none"}, "geo": null, "coordinates": null, "place": null, "contributors": null, "is_quote_status": false, "retweet_count": 68, "favorite_count": 129, "favorited": false, "retweeted": false, "possibly_sensitive": false, "lang": "en"}, "is_quote_status": false, "retweet_count": 68, "favorite_count": 0, "favorited": false, "retweeted": false, "lang": "en"}