{"created_at": "Fri Feb 21 12:30:08 +0000 2020", "id": 1230832071356141569, "id_str": "1230832071356141569", "text": "Der #Goldpreis notierte im Wochenverlauf zeitweilig so hoch wie letztmalig 2013. Die Sorge um das #Coronavirus trei\u2026 https://t.co/c3HsmlwJ6N", "truncated": true, "entities": {"hashtags": [{"text": "Goldpreis", "indices": [4, 14]}, {"text": "Coronavirus", "indices": [98, 110]}], "symbols": [], "user_mentions": [], "urls": [{"url": "https://t.co/c3HsmlwJ6N", "expanded_url": "https://twitter.com/i/web/status/1230832071356141569", "display_url": "twitter.com/i/web/status/1\u2026", "indices": [117, 140]}]}, "metadata": {"iso_language_code": "de", "result_type": "recent"}, "source": "<a href=\"https://www.hootsuite.com\" rel=\"nofollow\">Hootsuite Inc.</a>", "in_reply_to_status_id": null, "in_reply_to_status_id_str": null, "in_reply_to_user_id": null, "in_reply_to_user_id_str": null, "in_reply_to_screen_name": null, "user": {"id": 14674814, "id_str": "14674814", "name": "boerseonline", "screen_name": "boerseonline", "location": "M\u00fcnchen", "description": "B\u00d6RSE ONLINE informiert unabh\u00e4ngig, aktuell, analytisch und kompetent \u00fcber Geldanlage.", "url": "http://t.co/z1QupjSRNS", "entities": {"url": {"urls": [{"url": "http://t.co/z1QupjSRNS", "expanded_url": "http://www.boerse-online.de", "display_url": "boerse-online.de", "indices": [0, 22]}]}, "description": {"urls": []}}, "protected": false, "followers_count": 13737, "friends_count": 35, "listed_count": 329, "created_at": "Tue May 06 15:47:03 +0000 2008", "favourites_count": 33, "utc_offset": null, "time_zone": null, "geo_enabled": true, "verified": false, "statuses_count": 14313, "lang": null, "contributors_enabled": false, "is_translator": false, "is_translation_enabled": false, "profile_background_color": "0099B9", "profile_background_image_url": "http://abs.twimg.com/images/themes/theme1/bg.png", "profile_background_image_url_https": "https://abs.twimg.com/images/themes/theme1/bg.png", "profile_background_tile": false, "profile_image_url": "http://pbs.twimg.com/profile_images/522305770503696384/J6guKsKV_normal.jpeg", "profile_image_url_https": "https://pbs.twimg.com/profile_images/522305770503696384/J6guKsKV_normal.jpeg", "profile_banner_url": "https://pbs.twimg.com/profile_banners/14674814/1582702073", "profile_link_color": "B83939", "profile_sidebar_border_color": "000000", "profile_sidebar_fill_color": "FFFFFF", "profile_text_color": "3C3940", "profile_use_background_image": false, "has_extended_profile": false, "default_profile": false, "default_profile_image": false, "following": false, "follow_request_sent": false, "notifications": false, "translator_type": "none"}, "geo": null, "coordinates": null, "place": null, "contributors": null, "is_quote_status": false, "retweet_count": 0, "favorite_count": 0, "favorited": false, "retweeted": false, "possibly_sensitive": false, "lang": "de"}