{"created_at": "Wed Feb 19 15:32:15 +0000 2020", "id": 1230153128693161984, "id_str": "1230153128693161984", "text": "Die Nachrichtenlage zum #coronavirus ist nach wie vor diffus. Elektronik-Distributoren versuchen sich an einer erst\u2026 https://t.co/zb1uyXMar0", "truncated": true, "entities": {"hashtags": [{"text": "coronavirus", "indices": [24, 36]}], "symbols": [], "user_mentions": [], "urls": [{"url": "https://t.co/zb1uyXMar0", "expanded_url": "https://twitter.com/i/web/status/1230153128693161984", "display_url": "twitter.com/i/web/status/1\u2026", "indices": [117, 140]}]}, "metadata": {"iso_language_code": "de", "result_type": "recent"}, "source": "<a href=\"https://mobile.twitter.com\" rel=\"nofollow\">Twitter Web App</a>", "in_reply_to_status_id": null, "in_reply_to_status_id_str": null, "in_reply_to_user_id": null, "in_reply_to_user_id_str": null, "in_reply_to_screen_name": null, "user": {"id": 795614569729323008, "id_str": "795614569729323008", "name": "Elektronik", "screen_name": "ElektronikTweet", "location": "Haar bei M\u00fcnchen", "description": "Aktuelles aus der Redaktion der Elektronik \u2013 die Plattform f\u00fcr Expertenwissen. Impressum: https://t.co/ZcprvM6VnQ", "url": "https://t.co/SmhFvMaw8u", "entities": {"url": {"urls": [{"url": "https://t.co/SmhFvMaw8u", "expanded_url": "http://www.elektronik.de", "display_url": "elektronik.de", "indices": [0, 23]}]}, "description": {"urls": [{"url": "https://t.co/ZcprvM6VnQ", "expanded_url": "https://bit.ly/2TP78PL", "display_url": "bit.ly/2TP78PL", "indices": [90, 113]}]}}, "protected": false, "followers_count": 755, "friends_count": 484, "listed_count": 28, "created_at": "Mon Nov 07 13:11:10 +0000 2016", "favourites_count": 1440, "utc_offset": null, "time_zone": null, "geo_enabled": true, "verified": false, "statuses_count": 1380, "lang": null, "contributors_enabled": false, "is_translator": false, "is_translation_enabled": false, "profile_background_color": "000000", "profile_background_image_url": "http://abs.twimg.com/images/themes/theme1/bg.png", "profile_background_image_url_https": "https://abs.twimg.com/images/themes/theme1/bg.png", "profile_background_tile": false, "profile_image_url": "http://pbs.twimg.com/profile_images/806402530620166144/VdDba5Cm_normal.jpg", "profile_image_url_https": "https://pbs.twimg.com/profile_images/806402530620166144/VdDba5Cm_normal.jpg", "profile_banner_url": "https://pbs.twimg.com/profile_banners/795614569729323008/1486030314", "profile_link_color": "D10A10", "profile_sidebar_border_color": "000000", "profile_sidebar_fill_color": "000000", "profile_text_color": "000000", "profile_use_background_image": false, "has_extended_profile": true, "default_profile": false, "default_profile_image": false, "following": false, "follow_request_sent": false, "notifications": false, "translator_type": "none"}, "geo": null, "coordinates": null, "place": null, "contributors": null, "is_quote_status": false, "retweet_count": 0, "favorite_count": 0, "favorited": false, "retweeted": false, "possibly_sensitive": false, "lang": "de"}