{"created_at": "Tue Feb 18 15:31:13 +0000 2020", "id": 1229790479962775553, "id_str": "1229790479962775553", "text": "@FukushimaFacts \ud83d\udc41\ufe0f@IceAgeFarmer #Coronavirus Causes Unanticipated Problem At #Fukushima Daiichi", "truncated": false, "entities": {"hashtags": [{"text": "Coronavirus", "indices": [32, 44]}, {"text": "Fukushima", "indices": [77, 87]}], "symbols": [], "user_mentions": [{"screen_name": "FukushimaFacts", "name": "FukushimaFacts", "id": 566637962, "id_str": "566637962", "indices": [0, 15]}, {"screen_name": "IceAgeFarmer", "name": "Ice Age Farmer \u2744\ud83c\udf31 (\u29d6)", "id": 864682641030750208, "id_str": "864682641030750208", "indices": [18, 31]}], "urls": []}, "metadata": {"iso_language_code": "en", "result_type": "recent"}, "source": "<a href=\"https://mobile.twitter.com\" rel=\"nofollow\">Twitter Web App</a>", "in_reply_to_status_id": 1229788922529636353, "in_reply_to_status_id_str": "1229788922529636353", "in_reply_to_user_id": 566637962, "in_reply_to_user_id_str": "566637962", "in_reply_to_screen_name": "FukushimaFacts", "user": {"id": 2932410160, "id_str": "2932410160", "name": "\u0e23\u05e7\u0e04\u03c2\u0454\u0e53\u0e04\u0e53\u0e04 \u0e53\u0e04y\u0e04  \u03a9", "screen_name": "SpacemamaMaya", "location": "Germany, Bavaria", "description": "\u2248o\u2248n\u2248e\u2248l\u2248\u03a9\u2248v\u2248e\u2248  \ud83d\udc99\n\n\n** eYe do not claim ownership to any content posted **", "url": "https://t.co/bG9Jz03KWZ", "entities": {"url": {"urls": [{"url": "https://t.co/bG9Jz03KWZ", "expanded_url": "https://soundcloud.com/spacemama11", "display_url": "soundcloud.com/spacemama11", "indices": [0, 23]}]}, "description": {"urls": []}}, "protected": false, "followers_count": 1827, "friends_count": 3118, "listed_count": 151, "created_at": "Fri Dec 19 18:10:42 +0000 2014", "favourites_count": 80220, "utc_offset": null, "time_zone": null, "geo_enabled": false, "verified": false, "statuses_count": 66867, "lang": null, "contributors_enabled": false, "is_translator": false, "is_translation_enabled": false, "profile_background_color": "000000", "profile_background_image_url": "http://abs.twimg.com/images/themes/theme1/bg.png", "profile_background_image_url_https": "https://abs.twimg.com/images/themes/theme1/bg.png", "profile_background_tile": false, "profile_image_url": "http://pbs.twimg.com/profile_images/556845809426132993/5tJT1sCq_normal.jpeg", "profile_image_url_https": "https://pbs.twimg.com/profile_images/556845809426132993/5tJT1sCq_normal.jpeg", "profile_banner_url": "https://pbs.twimg.com/profile_banners/2932410160/1546465006", "profile_link_color": "1B95E0", "profile_sidebar_border_color": "000000", "profile_sidebar_fill_color": "000000", "profile_text_color": "000000", "profile_use_background_image": false, "has_extended_profile": false, "default_profile": false, "default_profile_image": false, "following": false, "follow_request_sent": false, "notifications": false, "translator_type": "none"}, "geo": null, "coordinates": null, "place": null, "contributors": null, "is_quote_status": false, "retweet_count": 0, "favorite_count": 0, "favorited": false, "retweeted": false, "lang": "en"}