{"created_at": "Fri Feb 21 10:39:42 +0000 2020", "id": 1230804282871603201, "id_str": "1230804282871603201", "text": "RT @UyghurCongress: The #coronavirus #COVID19 is spreading rapidly in cruise ships &amp; prisons, where ppl are confined in close quarters.\n\nMi\u2026", "truncated": false, "entities": {"hashtags": [{"text": "coronavirus", "indices": [24, 36]}, {"text": "COVID19", "indices": [37, 45]}], "symbols": [], "user_mentions": [{"screen_name": "UyghurCongress", "name": "WorldUyghurCongress", "id": 274669412, "id_str": "274669412", "indices": [3, 18]}], "urls": []}, "metadata": {"iso_language_code": "en", "result_type": "recent"}, "source": "<a href=\"http://twitter.com/download/android\" rel=\"nofollow\">Twitter for Android</a>", "in_reply_to_status_id": null, "in_reply_to_status_id_str": null, "in_reply_to_user_id": null, "in_reply_to_user_id_str": null, "in_reply_to_screen_name": null, "user": {"id": 363606927, "id_str": "363606927", "name": "\u0628\u0646 \u062c\u0644\u0627", "screen_name": "bin_gala1", "location": "Arab world", "description": "\u0645\u0646 \u0644\u0645 \u064a\u0645\u062a \u0628\u0627\u0644\u0633\u064a\u0641 \u0645\u0627\u062a \u0628\u063a\u064a\u0631\u0647 \n\u062a\u0639\u062f\u062f\u062a \u0627\u0644\u0627\u0633\u0628\u0627\u0628 \u0648\u0627\u0644\u0645\u0648\u062a \u0648\u0627\u062d\u062f\u064f", "url": null, "entities": {"description": {"urls": []}}, "protected": false, "followers_count": 18, "friends_count": 192, "listed_count": 0, "created_at": "Sun Aug 28 11:21:27 +0000 2011", "favourites_count": 390, "utc_offset": null, "time_zone": null, "geo_enabled": false, "verified": false, "statuses_count": 11460, "lang": null, "contributors_enabled": false, "is_translator": false, "is_translation_enabled": false, "profile_background_color": "C0DEED", "profile_background_image_url": "http://abs.twimg.com/images/themes/theme1/bg.png", "profile_background_image_url_https": "https://abs.twimg.com/images/themes/theme1/bg.png", "profile_background_tile": false, "profile_image_url": "http://pbs.twimg.com/profile_images/2614662873/9AE7C5C7-0A19-4A4B-B733-7156077DFB27_normal", "profile_image_url_https": "https://pbs.twimg.com/profile_images/2614662873/9AE7C5C7-0A19-4A4B-B733-7156077DFB27_normal", "profile_link_color": "1DA1F2", "profile_sidebar_border_color": "C0DEED", "profile_sidebar_fill_color": "DDEEF6", "profile_text_color": "333333", "profile_use_background_image": true, "has_extended_profile": false, "default_profile": true, "default_profile_image": false, "following": false, "follow_request_sent": false, "notifications": false, "translator_type": "none"}, "geo": null, "coordinates": null, "place": null, "contributors": null, "retweeted_status": {"created_at": "Fri Feb 21 09:44:48 +0000 2020", "id": 1230790466867748865, "id_str": "1230790466867748865", "text": "The #coronavirus #COVID19 is spreading rapidly in cruise ships &amp; prisons, where ppl are confined in close quarters.\u2026 https://t.co/REFlqSNiWe", "truncated": true, "entities": {"hashtags": [{"text": "coronavirus", "indices": [4, 16]}, {"text": "COVID19", "indices": [17, 25]}], "symbols": [], "user_mentions": [], "urls": [{"url": "https://t.co/REFlqSNiWe", "expanded_url": "https://twitter.com/i/web/status/1230790466867748865", "display_url": "twitter.com/i/web/status/1\u2026", "indices": [121, 144]}]}, "metadata": {"iso_language_code": "en", "result_type": "recent"}, "source": "<a href=\"https://mobile.twitter.com\" rel=\"nofollow\">Twitter Web App</a>", "in_reply_to_status_id": null, "in_reply_to_status_id_str": null, "in_reply_to_user_id": null, "in_reply_to_user_id_str": null, "in_reply_to_screen_name": null, "user": {"id": 274669412, "id_str": "274669412", "name": "WorldUyghurCongress", "screen_name": "UyghurCongress", "location": "Munich, Germany", "description": "International umbrella organization promoting #Uyghur human rights and a peaceful solution to the conflict in East Turkistan.", "url": "https://t.co/70xMUcBmtq", "entities": {"url": {"urls": [{"url": "https://t.co/70xMUcBmtq", "expanded_url": "http://www.uyghurcongress.org", "display_url": "uyghurcongress.org", "indices": [0, 23]}]}, "description": {"urls": []}}, "protected": false, "followers_count": 24127, "friends_count": 1283, "listed_count": 306, "created_at": "Wed Mar 30 20:31:53 +0000 2011", "favourites_count": 4953, "utc_offset": null, "time_zone": null, "geo_enabled": true, "verified": true, "statuses_count": 19178, "lang": null, "contributors_enabled": false, "is_translator": false, "is_translation_enabled": false, "profile_background_color": "6296CB", "profile_background_image_url": "http://abs.twimg.com/images/themes/theme1/bg.png", "profile_background_image_url_https": "https://abs.twimg.com/images/themes/theme1/bg.png", "profile_background_tile": false, "profile_image_url": "http://pbs.twimg.com/profile_images/867676517131845633/CVNkbC9u_normal.jpg", "profile_image_url_https": "https://pbs.twimg.com/profile_images/867676517131845633/CVNkbC9u_normal.jpg", "profile_banner_url": "https://pbs.twimg.com/profile_banners/274669412/1525168141", "profile_link_color": "3E7DBB", "profile_sidebar_border_color": "000000", "profile_sidebar_fill_color": "DDEEF6", "profile_text_color": "333333", "profile_use_background_image": true, "has_extended_profile": false, "default_profile": false, "default_profile_image": false, "following": false, "follow_request_sent": false, "notifications": false, "translator_type": "none"}, "geo": null, "coordinates": null, "place": null, "contributors": null, "is_quote_status": false, "retweet_count": 47, "favorite_count": 49, "favorited": false, "retweeted": false, "possibly_sensitive": false, "lang": "en"}, "is_quote_status": false, "retweet_count": 47, "favorite_count": 0, "favorited": false, "retweeted": false, "lang": "en"}