{"created_at": "Thu Feb 20 00:04:24 +0000 2020", "id": 1230282013619425284, "id_str": "1230282013619425284", "text": "RT @mride80336: Erste Pressekonferenz des Bayerischen Gesundheitsministeriums zum #Coronavirus am 28.1.2020.\nNiemand weiss etwas \u00fcber #COVI\u2026", "truncated": false, "entities": {"hashtags": [{"text": "Coronavirus", "indices": [82, 94]}], "symbols": [], "user_mentions": [{"screen_name": "mride80336", "name": "Martin Richter", "id": 357072283, "id_str": "357072283", "indices": [3, 14]}], "urls": []}, "metadata": {"iso_language_code": "de", "result_type": "recent"}, "source": "<a href=\"http://twitter.com/download/iphone\" rel=\"nofollow\">Twitter for iPhone</a>", "in_reply_to_status_id": null, "in_reply_to_status_id_str": null, "in_reply_to_user_id": null, "in_reply_to_user_id_str": null, "in_reply_to_screen_name": null, "user": {"id": 1075268006, "id_str": "1075268006", "name": "Sabine B", "screen_name": "sabine_m_b", "location": "", "description": "und jeden Tag nimmt das fassungslose Kopfsch\u00fctteln zu... https://t.co/jAZ2mpoWDc", "url": null, "entities": {"description": {"urls": [{"url": "https://t.co/jAZ2mpoWDc", "expanded_url": "http://gab.ai/sabine@smb", "display_url": "gab.ai/sabine@smb", "indices": [57, 80]}]}}, "protected": false, "followers_count": 2324, "friends_count": 2004, "listed_count": 47, "created_at": "Thu Jan 10 00:25:47 +0000 2013", "favourites_count": 91084, "utc_offset": null, "time_zone": null, "geo_enabled": true, "verified": false, "statuses_count": 81730, "lang": null, "contributors_enabled": false, "is_translator": false, "is_translation_enabled": false, "profile_background_color": "C0DEED", "profile_background_image_url": "http://abs.twimg.com/images/themes/theme1/bg.png", "profile_background_image_url_https": "https://abs.twimg.com/images/themes/theme1/bg.png", "profile_background_tile": false, "profile_image_url": "http://pbs.twimg.com/profile_images/1047236354147586048/kbQap1dU_normal.jpg", "profile_image_url_https": "https://pbs.twimg.com/profile_images/1047236354147586048/kbQap1dU_normal.jpg", "profile_banner_url": "https://pbs.twimg.com/profile_banners/1075268006/1529271345", "profile_link_color": "1DA1F2", "profile_sidebar_border_color": "C0DEED", "profile_sidebar_fill_color": "DDEEF6", "profile_text_color": "333333", "profile_use_background_image": true, "has_extended_profile": false, "default_profile": true, "default_profile_image": false, "following": false, "follow_request_sent": false, "notifications": false, "translator_type": "none"}, "geo": null, "coordinates": null, "place": null, "contributors": null, "retweeted_status": {"created_at": "Wed Feb 19 19:41:05 +0000 2020", "id": 1230215748804644867, "id_str": "1230215748804644867", "text": "Erste Pressekonferenz des Bayerischen Gesundheitsministeriums zum #Coronavirus am 28.1.2020.\nNiemand weiss etwas \u00fcb\u2026 https://t.co/GaCMPa7VRx", "truncated": true, "entities": {"hashtags": [{"text": "Coronavirus", "indices": [66, 78]}], "symbols": [], "user_mentions": [], "urls": [{"url": "https://t.co/GaCMPa7VRx", "expanded_url": "https://twitter.com/i/web/status/1230215748804644867", "display_url": "twitter.com/i/web/status/1\u2026", "indices": [117, 140]}]}, "metadata": {"iso_language_code": "de", "result_type": "recent"}, "source": "<a href=\"https://mobile.twitter.com\" rel=\"nofollow\">Twitter Web App</a>", "in_reply_to_status_id": null, "in_reply_to_status_id_str": null, "in_reply_to_user_id": null, "in_reply_to_user_id_str": null, "in_reply_to_screen_name": null, "user": {"id": 357072283, "id_str": "357072283", "name": "Martin Richter", "screen_name": "mride80336", "location": "M\u00fcnchen, Bayern", "description": "Interessiert an Forschung | Medien | Deutschland, Europa, Welt | Politik, Sozial- und Umweltfragen | Selbst: Informatiker und Projektplaner", "url": null, "entities": {"description": {"urls": []}}, "protected": false, "followers_count": 63, "friends_count": 60, "listed_count": 0, "created_at": "Wed Aug 17 20:11:43 +0000 2011", "favourites_count": 55, "utc_offset": null, "time_zone": null, "geo_enabled": true, "verified": false, "statuses_count": 257, "lang": null, "contributors_enabled": false, "is_translator": false, "is_translation_enabled": false, "profile_background_color": "C0DEED", "profile_background_image_url": "http://abs.twimg.com/images/themes/theme1/bg.png", "profile_background_image_url_https": "https://abs.twimg.com/images/themes/theme1/bg.png", "profile_background_tile": false, "profile_image_url": "http://pbs.twimg.com/profile_images/1223850047168819200/JPLX4UnS_normal.jpg", "profile_image_url_https": "https://pbs.twimg.com/profile_images/1223850047168819200/JPLX4UnS_normal.jpg", "profile_banner_url": "https://pbs.twimg.com/profile_banners/357072283/1582111833", "profile_link_color": "1DA1F2", "profile_sidebar_border_color": "C0DEED", "profile_sidebar_fill_color": "DDEEF6", "profile_text_color": "333333", "profile_use_background_image": true, "has_extended_profile": true, "default_profile": true, "default_profile_image": false, "following": false, "follow_request_sent": false, "notifications": false, "translator_type": "none"}, "geo": null, "coordinates": null, "place": null, "contributors": null, "is_quote_status": false, "retweet_count": 2, "favorite_count": 7, "favorited": false, "retweeted": false, "possibly_sensitive": false, "lang": "de"}, "is_quote_status": false, "retweet_count": 2, "favorite_count": 0, "favorited": false, "retweeted": false, "lang": "de"}