{"created_at": "Thu Feb 20 11:07:30 +0000 2020", "id": 1230448891302227970, "id_str": "1230448891302227970", "text": "Die langfristigen Auswirkungen des Coronavirus sind noch nicht absehbar. Ein Drei-Stufen-Modell zum SCRM soll Liefe\u2026 https://t.co/owd6lTfzVo", "truncated": true, "entities": {"hashtags": [], "symbols": [], "user_mentions": [], "urls": [{"url": "https://t.co/owd6lTfzVo", "expanded_url": "https://twitter.com/i/web/status/1230448891302227970", "display_url": "twitter.com/i/web/status/1\u2026", "indices": [117, 140]}]}, "metadata": {"iso_language_code": "de", "result_type": "recent"}, "source": "<a href=\"https://panel.socialpilot.co/\" rel=\"nofollow\">SocialPilot.co</a>", "in_reply_to_status_id": null, "in_reply_to_status_id_str": null, "in_reply_to_user_id": null, "in_reply_to_user_id_str": null, "in_reply_to_screen_name": null, "user": {"id": 197351613, "id_str": "197351613", "name": "LOGISTIK HEUTE", "screen_name": "LOGISTIK_HEUTE", "location": "M\u00fcnchen", "description": "LOGISTIK HEUTE ist das DAS deutsche Logistikmagazin | The German Logistics Magazine", "url": "http://t.co/3zg31PWcSx", "entities": {"url": {"urls": [{"url": "http://t.co/3zg31PWcSx", "expanded_url": "http://www.logistik-heute.de", "display_url": "logistik-heute.de", "indices": [0, 22]}]}, "description": {"urls": []}}, "protected": false, "followers_count": 6831, "friends_count": 354, "listed_count": 281, "created_at": "Fri Oct 01 08:05:37 +0000 2010", "favourites_count": 97, "utc_offset": null, "time_zone": null, "geo_enabled": true, "verified": false, "statuses_count": 10429, "lang": null, "contributors_enabled": false, "is_translator": false, "is_translation_enabled": false, "profile_background_color": "C0DEED", "profile_background_image_url": "http://abs.twimg.com/images/themes/theme1/bg.png", "profile_background_image_url_https": "https://abs.twimg.com/images/themes/theme1/bg.png", "profile_background_tile": false, "profile_image_url": "http://pbs.twimg.com/profile_images/560735744864444416/wjvtGPj-_normal.png", "profile_image_url_https": "https://pbs.twimg.com/profile_images/560735744864444416/wjvtGPj-_normal.png", "profile_banner_url": "https://pbs.twimg.com/profile_banners/197351613/1485327524", "profile_link_color": "F08C00", "profile_sidebar_border_color": "8B9FAA", "profile_sidebar_fill_color": "F1F2F3", "profile_text_color": "000000", "profile_use_background_image": true, "has_extended_profile": false, "default_profile": false, "default_profile_image": false, "following": false, "follow_request_sent": false, "notifications": false, "translator_type": "none"}, "geo": null, "coordinates": null, "place": null, "contributors": null, "is_quote_status": false, "retweet_count": 0, "favorite_count": 1, "favorited": false, "retweeted": false, "possibly_sensitive": false, "lang": "de"}