{"created_at": "Fri Feb 21 16:25:25 +0000 2020", "id": 1230891282156924929, "id_str": "1230891282156924929", "text": "Ein geheilter Patient aus der Provinz Sichuan, hat sich erneut mit dem #coronavirus infiziert. #Covid_19 #SARS_CoV_2 https://t.co/60XbUCI5Qw", "truncated": false, "entities": {"hashtags": [{"text": "coronavirus", "indices": [71, 83]}, {"text": "Covid_19", "indices": [95, 104]}, {"text": "SARS_CoV_2", "indices": [105, 116]}], "symbols": [], "user_mentions": [], "urls": [{"url": "https://t.co/60XbUCI5Qw", "expanded_url": "https://twitter.com/jenniferatntd/status/1230889573540122629", "display_url": "twitter.com/jenniferatntd/\u2026", "indices": [117, 140]}]}, "metadata": {"iso_language_code": "de", "result_type": "recent"}, "source": "<a href=\"http://twitter.com/download/android\" rel=\"nofollow\">Twitter for Android</a>", "in_reply_to_status_id": null, "in_reply_to_status_id_str": null, "in_reply_to_user_id": null, "in_reply_to_user_id_str": null, "in_reply_to_screen_name": null, "user": {"id": 326372648, "id_str": "326372648", "name": "TTR", "screen_name": "Bratwurst81", "location": "Munich, Germany", "description": "", "url": null, "entities": {"description": {"urls": []}}, "protected": false, "followers_count": 88, "friends_count": 341, "listed_count": 4, "created_at": "Wed Jun 29 20:23:12 +0000 2011", "favourites_count": 3971, "utc_offset": null, "time_zone": null, "geo_enabled": false, "verified": false, "statuses_count": 3110, "lang": null, "contributors_enabled": false, "is_translator": false, "is_translation_enabled": false, "profile_background_color": "C0DEED", "profile_background_image_url": "http://abs.twimg.com/images/themes/theme1/bg.png", "profile_background_image_url_https": "https://abs.twimg.com/images/themes/theme1/bg.png", "profile_background_tile": false, "profile_image_url": "http://pbs.twimg.com/profile_images/1152603881437876224/Z6RBmpZk_normal.jpg", "profile_image_url_https": "https://pbs.twimg.com/profile_images/1152603881437876224/Z6RBmpZk_normal.jpg", "profile_link_color": "0084B4", "profile_sidebar_border_color": "C0DEED", "profile_sidebar_fill_color": "DDEEF6", "profile_text_color": "333333", "profile_use_background_image": true, "has_extended_profile": false, "default_profile": false, "default_profile_image": false, "following": false, "follow_request_sent": false, "notifications": false, "translator_type": "none"}, "geo": null, "coordinates": null, "place": null, "contributors": null, "is_quote_status": true, "quoted_status_id": 1230889573540122629, "quoted_status_id_str": "1230889573540122629", "quoted_status": {"created_at": "Fri Feb 21 16:18:37 +0000 2020", "id": 1230889573540122629, "id_str": "1230889573540122629", "text": "Not good news. Cured patient of #COVID19 in #Sichuan province infected again.\n\u56db\u5ddd\u51fa\u73fe\u65b0\u51a0\u80ba\u708e\u300c\u4e8c\u6b21\u611f\u67d3\u300d\u60a3\u8005 https://t.co/h6XRvrEMB8 via @dajiyuan", "truncated": false, "entities": {"hashtags": [{"text": "COVID19", "indices": [32, 40]}, {"text": "Sichuan", "indices": [44, 52]}], "symbols": [], "user_mentions": [{"screen_name": "dajiyuan", "name": "\u5927\u7d00\u5143\u65b0\u805e\u7db2", "id": 56572394, "id_str": "56572394", "indices": [123, 132]}], "urls": [{"url": "https://t.co/h6XRvrEMB8", "expanded_url": "https://www.epochtimes.com/gb/20/2/21/n11884983.htm", "display_url": "epochtimes.com/gb/20/2/21/n11\u2026", "indices": [95, 118]}]}, "metadata": {"iso_language_code": "de", "result_type": "recent"}, "source": "<a href=\"http://twitter.com\" rel=\"nofollow\">Twitter Web Client</a>", "in_reply_to_status_id": null, "in_reply_to_status_id_str": null, "in_reply_to_user_id": null, "in_reply_to_user_id_str": null, "in_reply_to_screen_name": null, "user": {"id": 2313027666, "id_str": "2313027666", "name": "\u66fe\u931a Jennifer Zeng", "screen_name": "jenniferatntd", "location": "New York, USA", "description": "\u4f5c\u5bb6\u3001\u81ea\u5a92\u9ad4\u4eba\u3002\u9858\u81ea\u5df1\u548c\u4e16\u754c\u66f4\u7f8e\u597d\u3002\u500b\u4eba\u7db2\u7ad9\u53ca\u6cb9\u7ba1\u7db2\u5740\u5982\u4e0b\u3002Writer at https://t.co/XRo5fzvFMx , YouTuber at https://t.co/zxKWSjmvY4", "url": "https://t.co/DVUmHwyaie", "entities": {"url": {"urls": [{"url": "https://t.co/DVUmHwyaie", "expanded_url": "https://www.jenniferzengblog.com", "display_url": "jenniferzengblog.com", "indices": [0, 23]}]}, "description": {"urls": [{"url": "https://t.co/XRo5fzvFMx", "expanded_url": "http://jenniferzengblog.com", "display_url": "jenniferzengblog.com", "indices": [40, 63]}, {"url": "https://t.co/zxKWSjmvY4", "expanded_url": "http://youtube.com/c/JenniferZeng?sub_confirmation=1", "display_url": "youtube.com/c/JenniferZeng\u2026", "indices": [78, 101]}]}}, "protected": false, "followers_count": 82835, "friends_count": 339, "listed_count": 593, "created_at": "Mon Jan 27 04:58:03 +0000 2014", "favourites_count": 16522, "utc_offset": null, "time_zone": null, "geo_enabled": false, "verified": false, "statuses_count": 10522, "lang": null, "contributors_enabled": false, "is_translator": false, "is_translation_enabled": false, "profile_background_color": "C0DEED", "profile_background_image_url": "http://abs.twimg.com/images/themes/theme1/bg.png", "profile_background_image_url_https": "https://abs.twimg.com/images/themes/theme1/bg.png", "profile_background_tile": false, "profile_image_url": "http://pbs.twimg.com/profile_images/1165454070854930432/rlFABk5V_normal.jpg", "profile_image_url_https": "https://pbs.twimg.com/profile_images/1165454070854930432/rlFABk5V_normal.jpg", "profile_banner_url": "https://pbs.twimg.com/profile_banners/2313027666/1558527954", "profile_link_color": "1DA1F2", "profile_sidebar_border_color": "C0DEED", "profile_sidebar_fill_color": "DDEEF6", "profile_text_color": "333333", "profile_use_background_image": true, "has_extended_profile": false, "default_profile": true, "default_profile_image": false, "following": false, "follow_request_sent": false, "notifications": false, "translator_type": "none"}, "geo": null, "coordinates": null, "place": null, "contributors": null, "is_quote_status": false, "retweet_count": 521, "favorite_count": 600, "favorited": false, "retweeted": false, "possibly_sensitive": false, "lang": "ja"}, "retweet_count": 4, "favorite_count": 0, "favorited": false, "retweeted": false, "possibly_sensitive": false, "lang": "de"}