{"created_at": "Wed Feb 19 12:04:50 +0000 2020", "id": 1230100928176545792, "id_str": "1230100928176545792", "text": "Durch sowas werden dei \u00c4ngste nicht weniger #coronavirus https://t.co/91AtantDGx", "truncated": false, "entities": {"hashtags": [{"text": "coronavirus", "indices": [44, 56]}], "symbols": [], "user_mentions": [], "urls": [{"url": "https://t.co/91AtantDGx", "expanded_url": "https://twitter.com/WDRaktuell/status/1230098878709497856", "display_url": "twitter.com/WDRaktuell/sta\u2026", "indices": [57, 80]}]}, "metadata": {"iso_language_code": "de", "result_type": "recent"}, "source": "<a href=\"http://twitter.com/download/iphone\" rel=\"nofollow\">Twitter for iPhone</a>", "in_reply_to_status_id": null, "in_reply_to_status_id_str": null, "in_reply_to_user_id": null, "in_reply_to_user_id_str": null, "in_reply_to_screen_name": null, "user": {"id": 2214186154, "id_str": "2214186154", "name": "taxi muc", "screen_name": "MucTaxi", "location": "M\u00fcnchen, Bayern", "description": "#taxi munich #Gold #Taxi", "url": null, "entities": {"description": {"urls": []}}, "protected": false, "followers_count": 26, "friends_count": 228, "listed_count": 0, "created_at": "Sun Dec 08 16:04:37 +0000 2013", "favourites_count": 1168, "utc_offset": null, "time_zone": null, "geo_enabled": false, "verified": false, "statuses_count": 215, "lang": null, "contributors_enabled": false, "is_translator": false, "is_translation_enabled": false, "profile_background_color": "C0DEED", "profile_background_image_url": "http://abs.twimg.com/images/themes/theme1/bg.png", "profile_background_image_url_https": "https://abs.twimg.com/images/themes/theme1/bg.png", "profile_background_tile": false, "profile_image_url": "http://pbs.twimg.com/profile_images/1226476669961154560/JwJ8fJct_normal.jpg", "profile_image_url_https": "https://pbs.twimg.com/profile_images/1226476669961154560/JwJ8fJct_normal.jpg", "profile_banner_url": "https://pbs.twimg.com/profile_banners/2214186154/1578516922", "profile_link_color": "1DA1F2", "profile_sidebar_border_color": "C0DEED", "profile_sidebar_fill_color": "DDEEF6", "profile_text_color": "333333", "profile_use_background_image": true, "has_extended_profile": false, "default_profile": true, "default_profile_image": false, "following": false, "follow_request_sent": false, "notifications": false, "translator_type": "none"}, "geo": null, "coordinates": null, "place": null, "contributors": null, "is_quote_status": true, "quoted_status_id": 1230098878709497856, "quoted_status_id_str": "1230098878709497856", "quoted_status": {"created_at": "Wed Feb 19 11:56:41 +0000 2020", "id": 1230098878709497856, "id_str": "1230098878709497856", "text": "Stromausf\u00e4lle sind meistens schnell vorbei. Doch was, wenn es richtig lange dauert? Das Bundesamt f\u00fcr Bev\u00f6lkerungss\u2026 https://t.co/UYhwlqtXej", "truncated": true, "entities": {"hashtags": [], "symbols": [], "user_mentions": [], "urls": [{"url": "https://t.co/UYhwlqtXej", "expanded_url": "https://twitter.com/i/web/status/1230098878709497856", "display_url": "twitter.com/i/web/status/1\u2026", "indices": [117, 140]}]}, "metadata": {"iso_language_code": "de", "result_type": "recent"}, "source": "<a href=\"https://about.twitter.com/products/tweetdeck\" rel=\"nofollow\">TweetDeck</a>", "in_reply_to_status_id": null, "in_reply_to_status_id_str": null, "in_reply_to_user_id": null, "in_reply_to_user_id_str": null, "in_reply_to_screen_name": null, "user": {"id": 19609062, "id_str": "19609062", "name": "WDR aktuell", "screen_name": "WDRaktuell", "location": "NRW", "description": "Nachrichten aus NRW. Das Wichtigste aus aller Welt - https://t.co/lJo1RqFFTe, https://t.co/x09CcN8YOB, \nhttps://t.co/BmQJhNWHay", "url": null, "entities": {"description": {"urls": [{"url": "https://t.co/lJo1RqFFTe", "expanded_url": "http://facebook.com/WDRaktuell", "display_url": "facebook.com/WDRaktuell", "indices": [53, 76]}, {"url": "https://t.co/x09CcN8YOB", "expanded_url": "http://wdr.de/k/Impressum", "display_url": "wdr.de/k/Impressum", "indices": [78, 101]}, {"url": "https://t.co/BmQJhNWHay", "expanded_url": "http://www.wdr.de/k/datenschutz", "display_url": "wdr.de/k/datenschutz", "indices": [104, 127]}]}}, "protected": false, "followers_count": 375698, "friends_count": 582, "listed_count": 2293, "created_at": "Tue Jan 27 19:09:47 +0000 2009", "favourites_count": 7345, "utc_offset": null, "time_zone": null, "geo_enabled": true, "verified": true, "statuses_count": 104311, "lang": null, "contributors_enabled": false, "is_translator": false, "is_translation_enabled": false, "profile_background_color": "055095", "profile_background_image_url": "http://abs.twimg.com/images/themes/theme1/bg.png", "profile_background_image_url_https": "https://abs.twimg.com/images/themes/theme1/bg.png", "profile_background_tile": true, "profile_image_url": "http://pbs.twimg.com/profile_images/860059782534897664/TKvANKjG_normal.jpg", "profile_image_url_https": "https://pbs.twimg.com/profile_images/860059782534897664/TKvANKjG_normal.jpg", "profile_banner_url": "https://pbs.twimg.com/profile_banners/19609062/1581771282", "profile_link_color": "1B95E0", "profile_sidebar_border_color": "FFFFFF", "profile_sidebar_fill_color": "E5EAF0", "profile_text_color": "000066", "profile_use_background_image": true, "has_extended_profile": false, "default_profile": false, "default_profile_image": false, "following": false, "follow_request_sent": false, "notifications": false, "translator_type": "regular"}, "geo": null, "coordinates": null, "place": null, "contributors": null, "is_quote_status": false, "retweet_count": 19, "favorite_count": 56, "favorited": false, "retweeted": false, "possibly_sensitive": false, "lang": "de"}, "retweet_count": 0, "favorite_count": 2, "favorited": false, "retweeted": false, "possibly_sensitive": false, "lang": "de"}