{"created_at": "Thu Feb 20 19:04:12 +0000 2020", "id": 1230568853349879808, "id_str": "1230568853349879808", "text": "#Coronavirus : Ausschreitungen vor Quarant\u00e4nestation in Ukraine - DER SPIEGEL\n\nHunderte #Ukrainer haben gegen die R\u2026 https://t.co/bsAYIbxYfU", "truncated": true, "entities": {"hashtags": [{"text": "Coronavirus", "indices": [0, 12]}, {"text": "Ukrainer", "indices": [88, 97]}], "symbols": [], "user_mentions": [], "urls": [{"url": "https://t.co/bsAYIbxYfU", "expanded_url": "https://twitter.com/i/web/status/1230568853349879808", "display_url": "twitter.com/i/web/status/1\u2026", "indices": [117, 140]}]}, "metadata": {"iso_language_code": "de", "result_type": "recent"}, "source": "<a href=\"http://twitter.com/#!/download/ipad\" rel=\"nofollow\">Twitter for iPad</a>", "in_reply_to_status_id": null, "in_reply_to_status_id_str": null, "in_reply_to_user_id": null, "in_reply_to_user_id_str": null, "in_reply_to_screen_name": null, "user": {"id": 56077161, "id_str": "56077161", "name": "Haldun Kantoglu", "screen_name": "Kantoglu", "location": "Stuttgart - Germany", "description": "", "url": null, "entities": {"description": {"urls": []}}, "protected": false, "followers_count": 1178, "friends_count": 1646, "listed_count": 82, "created_at": "Sun Jul 12 11:55:55 +0000 2009", "favourites_count": 24233, "utc_offset": null, "time_zone": null, "geo_enabled": false, "verified": false, "statuses_count": 26264, "lang": null, "contributors_enabled": false, "is_translator": false, "is_translation_enabled": false, "profile_background_color": "000305", "profile_background_image_url": "http://abs.twimg.com/images/themes/theme1/bg.png", "profile_background_image_url_https": "https://abs.twimg.com/images/themes/theme1/bg.png", "profile_background_tile": true, "profile_image_url": "http://pbs.twimg.com/profile_images/1191749069305270273/51Xh9N6M_normal.jpg", "profile_image_url_https": "https://pbs.twimg.com/profile_images/1191749069305270273/51Xh9N6M_normal.jpg", "profile_banner_url": "https://pbs.twimg.com/profile_banners/56077161/1566757121", "profile_link_color": "D91832", "profile_sidebar_border_color": "000000", "profile_sidebar_fill_color": "DDEEF6", "profile_text_color": "333333", "profile_use_background_image": true, "has_extended_profile": false, "default_profile": false, "default_profile_image": false, "following": false, "follow_request_sent": false, "notifications": false, "translator_type": "none"}, "geo": null, "coordinates": null, "place": null, "contributors": null, "is_quote_status": false, "retweet_count": 0, "favorite_count": 1, "favorited": false, "retweeted": false, "possibly_sensitive": false, "lang": "de"}