{"created_at": "Thu Feb 20 19:08:44 +0000 2020", "id": 1230569993865134082, "id_str": "1230569993865134082", "text": "RT @LuckyLu32431232: #Coronavirus : \u00ab 60 % de la population mondiale pourrait \u00eatre infect\u00e9 s\u2019il n\u2019est pas contr\u00f4l\u00e9 \u00bb \u2013 Pr Gabriel Leung htt\u2026", "truncated": false, "entities": {"hashtags": [{"text": "Coronavirus", "indices": [21, 33]}], "symbols": [], "user_mentions": [{"screen_name": "LuckyLu32431232", "name": "Lucky Luc", "id": 995604886409695233, "id_str": "995604886409695233", "indices": [3, 19]}], "urls": []}, "metadata": {"iso_language_code": "fr", "result_type": "recent"}, "source": "<a href=\"http://twitter.com/download/iphone\" rel=\"nofollow\">Twitter for iPhone</a>", "in_reply_to_status_id": null, "in_reply_to_status_id_str": null, "in_reply_to_user_id": null, "in_reply_to_user_id_str": null, "in_reply_to_screen_name": null, "user": {"id": 20446102, "id_str": "20446102", "name": "Nenagh-eye...World.Citizens.", "screen_name": "Nenagh9", "location": "", "description": "\u201cTo the animals, all people are Nazis; to the animals, life is an eternal Treblinka.\u201d  Isaac Bashevis Singer \ud83d\ude4f\ud83c\udffb\ud83d\udc9c\ud83d\udc3e\ud83d\ude4f\ud83c\udffb\ud83d\udc9c\ud83d\udc3e \ud83d\ude4f\ud83d\udc9c\ud83d\udc3e#GlobalStateOfHeartache", "url": null, "entities": {"description": {"urls": []}}, "protected": false, "followers_count": 3998, "friends_count": 2149, "listed_count": 14, "created_at": "Mon Feb 09 16:30:17 +0000 2009", "favourites_count": 64237, "utc_offset": null, "time_zone": null, "geo_enabled": true, "verified": false, "statuses_count": 122611, "lang": null, "contributors_enabled": false, "is_translator": false, "is_translation_enabled": false, "profile_background_color": "EDECE9", "profile_background_image_url": "http://abs.twimg.com/images/themes/theme3/bg.gif", "profile_background_image_url_https": "https://abs.twimg.com/images/themes/theme3/bg.gif", "profile_background_tile": false, "profile_image_url": "http://pbs.twimg.com/profile_images/896112132462399493/2sGYhK7M_normal.jpg", "profile_image_url_https": "https://pbs.twimg.com/profile_images/896112132462399493/2sGYhK7M_normal.jpg", "profile_banner_url": "https://pbs.twimg.com/profile_banners/20446102/1502486501", "profile_link_color": "088253", "profile_sidebar_border_color": "D3D2CF", "profile_sidebar_fill_color": "E3E2DE", "profile_text_color": "634047", "profile_use_background_image": true, "has_extended_profile": false, "default_profile": false, "default_profile_image": false, "following": false, "follow_request_sent": false, "notifications": false, "translator_type": "none"}, "geo": null, "coordinates": null, "place": null, "contributors": null, "retweeted_status": {"created_at": "Tue Feb 18 08:01:33 +0000 2020", "id": 1229677318148427776, "id_str": "1229677318148427776", "text": "#Coronavirus : \u00ab 60 % de la population mondiale pourrait \u00eatre infect\u00e9 s\u2019il n\u2019est pas contr\u00f4l\u00e9 \u00bb \u2013 Pr Gabriel Leung https://t.co/zMds2wUPZj", "truncated": false, "entities": {"hashtags": [{"text": "Coronavirus", "indices": [0, 12]}], "symbols": [], "user_mentions": [], "urls": [{"url": "https://t.co/zMds2wUPZj", "expanded_url": "https://aphadolie.com/2020/02/18/coronavirus-60-pourcent-de-la-population-mondiale-pourrait-etre-infecte-sil-nest-pas-controle-pr-gabriel-leung-videos/", "display_url": "aphadolie.com/2020/02/18/cor\u2026", "indices": [115, 138]}]}, "metadata": {"iso_language_code": "fr", "result_type": "recent"}, "source": "<a href=\"http://twitter.com/download/iphone\" rel=\"nofollow\">Twitter for iPhone</a>", "in_reply_to_status_id": null, "in_reply_to_status_id_str": null, "in_reply_to_user_id": null, "in_reply_to_user_id_str": null, "in_reply_to_screen_name": null, "user": {"id": 995604886409695233, "id_str": "995604886409695233", "name": "Lucky Luc", "screen_name": "LuckyLu32431232", "location": "Monaco", "description": "Revue de presse \u00e9clectique au quotidien. Lib\u00e9ral et contre un Etat qui nous \u00e9touffe et d\u00e9cide de tout au d\u00e9triment de nos libert\u00e9s! RT n\u2019est pas approuver.", "url": null, "entities": {"description": {"urls": []}}, "protected": false, "followers_count": 1905, "friends_count": 1342, "listed_count": 7, "created_at": "Sun May 13 10:01:17 +0000 2018", "favourites_count": 31127, "utc_offset": null, "time_zone": null, "geo_enabled": false, "verified": false, "statuses_count": 11057, "lang": null, "contributors_enabled": false, "is_translator": false, "is_translation_enabled": false, "profile_background_color": "F5F8FA", "profile_background_image_url": null, "profile_background_image_url_https": null, "profile_background_tile": false, "profile_image_url": "http://pbs.twimg.com/profile_images/996011970976501760/IpPrSXO7_normal.jpg", "profile_image_url_https": "https://pbs.twimg.com/profile_images/996011970976501760/IpPrSXO7_normal.jpg", "profile_banner_url": "https://pbs.twimg.com/profile_banners/995604886409695233/1545066597", "profile_link_color": "1DA1F2", "profile_sidebar_border_color": "C0DEED", "profile_sidebar_fill_color": "DDEEF6", "profile_text_color": "333333", "profile_use_background_image": true, "has_extended_profile": false, "default_profile": true, "default_profile_image": false, "following": false, "follow_request_sent": false, "notifications": false, "translator_type": "none"}, "geo": null, "coordinates": null, "place": null, "contributors": null, "is_quote_status": false, "retweet_count": 19, "favorite_count": 12, "favorited": false, "retweeted": false, "possibly_sensitive": false, "lang": "fr"}, "is_quote_status": false, "retweet_count": 19, "favorite_count": 0, "favorited": false, "retweeted": false, "lang": "fr"}