{"created_at": "Tue Feb 18 13:08:38 +0000 2020", "id": 1229754596257652737, "id_str": "1229754596257652737", "text": "RT @BR_Oberbayern: Das Landratsamt #Rosenheim spricht von einer Verschw\u00f6rungstheorie: Es gebe bei keinem einzigen Fall den Nachweis oder de\u2026", "truncated": false, "entities": {"hashtags": [{"text": "Rosenheim", "indices": [35, 45]}], "symbols": [], "user_mentions": [{"screen_name": "BR_Oberbayern", "name": "BR_Oberbayern", "id": 2289843524, "id_str": "2289843524", "indices": [3, 17]}], "urls": []}, "metadata": {"iso_language_code": "de", "result_type": "recent"}, "source": "<a href=\"https://mobile.twitter.com\" rel=\"nofollow\">Twitter Web App</a>", "in_reply_to_status_id": null, "in_reply_to_status_id_str": null, "in_reply_to_user_id": null, "in_reply_to_user_id_str": null, "in_reply_to_screen_name": null, "user": {"id": 919640568128589824, "id_str": "919640568128589824", "name": "Lila Luchs", "screen_name": "Lila_Luchs", "location": "", "description": "Wusstet ihr es schon:  Luchse sind Atheisten.\nDie gesamte Sippe.\nLuchse verteidigen ihren angestammten Siedlungsraum.\nReiner Luchsus, dieser Selbstschutz \ud83d\ude09", "url": null, "entities": {"description": {"urls": []}}, "protected": false, "followers_count": 787, "friends_count": 830, "listed_count": 1, "created_at": "Sun Oct 15 19:06:12 +0000 2017", "favourites_count": 24582, "utc_offset": null, "time_zone": null, "geo_enabled": false, "verified": false, "statuses_count": 30704, "lang": null, "contributors_enabled": false, "is_translator": false, "is_translation_enabled": false, "profile_background_color": "F5F8FA", "profile_background_image_url": null, "profile_background_image_url_https": null, "profile_background_tile": false, "profile_image_url": "http://pbs.twimg.com/profile_images/919642336220581888/jrowz8Mq_normal.jpg", "profile_image_url_https": "https://pbs.twimg.com/profile_images/919642336220581888/jrowz8Mq_normal.jpg", "profile_banner_url": "https://pbs.twimg.com/profile_banners/919640568128589824/1508094848", "profile_link_color": "1DA1F2", "profile_sidebar_border_color": "C0DEED", "profile_sidebar_fill_color": "DDEEF6", "profile_text_color": "333333", "profile_use_background_image": true, "has_extended_profile": false, "default_profile": true, "default_profile_image": false, "following": false, "follow_request_sent": false, "notifications": false, "translator_type": "none"}, "geo": null, "coordinates": null, "place": null, "contributors": null, "retweeted_status": {"created_at": "Tue Feb 18 11:56:13 +0000 2020", "id": 1229736374095482881, "id_str": "1229736374095482881", "text": "Das Landratsamt #Rosenheim spricht von einer Verschw\u00f6rungstheorie: Es gebe bei keinem einzigen Fall den Nachweis od\u2026 https://t.co/OskI4gdiWa", "truncated": true, "entities": {"hashtags": [{"text": "Rosenheim", "indices": [16, 26]}], "symbols": [], "user_mentions": [], "urls": [{"url": "https://t.co/OskI4gdiWa", "expanded_url": "https://twitter.com/i/web/status/1229736374095482881", "display_url": "twitter.com/i/web/status/1\u2026", "indices": [117, 140]}]}, "metadata": {"iso_language_code": "de", "result_type": "recent"}, "source": "<a href=\"https://mobile.twitter.com\" rel=\"nofollow\">Twitter Web App</a>", "in_reply_to_status_id": null, "in_reply_to_status_id_str": null, "in_reply_to_user_id": null, "in_reply_to_user_id_str": null, "in_reply_to_screen_name": null, "user": {"id": 2289843524, "id_str": "2289843524", "name": "BR_Oberbayern", "screen_name": "BR_Oberbayern", "location": "M\u00fcnchen", "description": "Hier twittern die Reporter des BR-Regionalstudios Oberbayern.", "url": "https://t.co/VW0ub4RscJ", "entities": {"url": {"urls": [{"url": "https://t.co/VW0ub4RscJ", "expanded_url": "http://www.br.de/nachrichten/oberbayern", "display_url": "br.de/nachrichten/ob\u2026", "indices": [0, 23]}]}, "description": {"urls": []}}, "protected": false, "followers_count": 5446, "friends_count": 348, "listed_count": 135, "created_at": "Mon Jan 13 15:27:39 +0000 2014", "favourites_count": 1149, "utc_offset": null, "time_zone": null, "geo_enabled": true, "verified": false, "statuses_count": 34628, "lang": null, "contributors_enabled": false, "is_translator": false, "is_translation_enabled": false, "profile_background_color": "C0DEED", "profile_background_image_url": "http://abs.twimg.com/images/themes/theme1/bg.png", "profile_background_image_url_https": "https://abs.twimg.com/images/themes/theme1/bg.png", "profile_background_tile": false, "profile_image_url": "http://pbs.twimg.com/profile_images/883226358280839168/zyWegf5J_normal.jpg", "profile_image_url_https": "https://pbs.twimg.com/profile_images/883226358280839168/zyWegf5J_normal.jpg", "profile_banner_url": "https://pbs.twimg.com/profile_banners/2289843524/1460360172", "profile_link_color": "0084B4", "profile_sidebar_border_color": "FFFFFF", "profile_sidebar_fill_color": "DDEEF6", "profile_text_color": "333333", "profile_use_background_image": true, "has_extended_profile": false, "default_profile": false, "default_profile_image": false, "following": false, "follow_request_sent": false, "notifications": false, "translator_type": "none"}, "geo": null, "coordinates": null, "place": null, "contributors": null, "is_quote_status": false, "retweet_count": 15, "favorite_count": 19, "favorited": false, "retweeted": false, "possibly_sensitive": false, "lang": "de"}, "is_quote_status": false, "retweet_count": 15, "favorite_count": 0, "favorited": false, "retweeted": false, "lang": "de"}