{"created_at": "Wed Feb 19 23:41:24 +0000 2020", "id": 1230276227900071938, "id_str": "1230276227900071938", "text": "RT @AlexanderKekule: For those who love numbers, a mathematician explains here in detail what I tweeted Feb 13: More cases can be good news\u2026", "truncated": false, "entities": {"hashtags": [], "symbols": [], "user_mentions": [{"screen_name": "AlexanderKekule", "name": "Prof Alexander Kekul\u00e9, MD PhD", "id": 1198373197059678208, "id_str": "1198373197059678208", "indices": [3, 19]}], "urls": []}, "metadata": {"iso_language_code": "en", "result_type": "recent"}, "source": "<a href=\"https://mobile.twitter.com\" rel=\"nofollow\">Twitter Web App</a>", "in_reply_to_status_id": null, "in_reply_to_status_id_str": null, "in_reply_to_user_id": null, "in_reply_to_user_id_str": null, "in_reply_to_screen_name": null, "user": {"id": 2460335661, "id_str": "2460335661", "name": "Susanne-007", "screen_name": "susan_d7", "location": "", "description": "", "url": null, "entities": {"description": {"urls": []}}, "protected": false, "followers_count": 417, "friends_count": 634, "listed_count": 3, "created_at": "Fri Apr 04 16:41:43 +0000 2014", "favourites_count": 57260, "utc_offset": null, "time_zone": null, "geo_enabled": false, "verified": false, "statuses_count": 40733, "lang": null, "contributors_enabled": false, "is_translator": false, "is_translation_enabled": false, "profile_background_color": "C0DEED", "profile_background_image_url": "http://abs.twimg.com/images/themes/theme1/bg.png", "profile_background_image_url_https": "https://abs.twimg.com/images/themes/theme1/bg.png", "profile_background_tile": false, "profile_image_url": "http://abs.twimg.com/sticky/default_profile_images/default_profile_normal.png", "profile_image_url_https": "https://abs.twimg.com/sticky/default_profile_images/default_profile_normal.png", "profile_link_color": "1DA1F2", "profile_sidebar_border_color": "C0DEED", "profile_sidebar_fill_color": "DDEEF6", "profile_text_color": "333333", "profile_use_background_image": true, "has_extended_profile": false, "default_profile": true, "default_profile_image": true, "following": false, "follow_request_sent": false, "notifications": false, "translator_type": "none"}, "geo": null, "coordinates": null, "place": null, "contributors": null, "retweeted_status": {"created_at": "Wed Feb 19 07:10:50 +0000 2020", "id": 1230026942524645376, "id_str": "1230026942524645376", "text": "For those who love numbers, a mathematician explains here in detail what I tweeted Feb 13: More cases can be good n\u2026 https://t.co/NzZMv1zxA9", "truncated": true, "entities": {"hashtags": [], "symbols": [], "user_mentions": [], "urls": [{"url": "https://t.co/NzZMv1zxA9", "expanded_url": "https://twitter.com/i/web/status/1230026942524645376", "display_url": "twitter.com/i/web/status/1\u2026", "indices": [117, 140]}]}, "metadata": {"iso_language_code": "en", "result_type": "recent"}, "source": "<a href=\"http://twitter.com\" rel=\"nofollow\">Twitter Web Client</a>", "in_reply_to_status_id": null, "in_reply_to_status_id_str": null, "in_reply_to_user_id": null, "in_reply_to_user_id_str": null, "in_reply_to_screen_name": null, "user": {"id": 1198373197059678208, "id_str": "1198373197059678208", "name": "Prof Alexander Kekul\u00e9, MD PhD", "screen_name": "AlexanderKekule", "location": "M\u00fcnchen, Bayern", "description": "Director, Institute for Biosecurity Research. Professor in Virology and Microbiology. Former German Fed Govt adviser on disease control.", "url": "https://t.co/XFOFVrEVc9", "entities": {"url": {"urls": [{"url": "https://t.co/XFOFVrEVc9", "expanded_url": "http://www.kekule.com", "display_url": "kekule.com", "indices": [0, 23]}]}, "description": {"urls": []}}, "protected": false, "followers_count": 2138, "friends_count": 2, "listed_count": 18, "created_at": "Sat Nov 23 22:50:27 +0000 2019", "favourites_count": 2, "utc_offset": null, "time_zone": null, "geo_enabled": false, "verified": false, "statuses_count": 53, "lang": null, "contributors_enabled": false, "is_translator": false, "is_translation_enabled": false, "profile_background_color": "F5F8FA", "profile_background_image_url": null, "profile_background_image_url_https": null, "profile_background_tile": false, "profile_image_url": "http://pbs.twimg.com/profile_images/1223149505073373184/050eywhx_normal.jpg", "profile_image_url_https": "https://pbs.twimg.com/profile_images/1223149505073373184/050eywhx_normal.jpg", "profile_banner_url": "https://pbs.twimg.com/profile_banners/1198373197059678208/1580457063", "profile_link_color": "1DA1F2", "profile_sidebar_border_color": "C0DEED", "profile_sidebar_fill_color": "DDEEF6", "profile_text_color": "333333", "profile_use_background_image": true, "has_extended_profile": false, "default_profile": true, "default_profile_image": false, "following": false, "follow_request_sent": false, "notifications": false, "translator_type": "none"}, "geo": null, "coordinates": null, "place": null, "contributors": null, "is_quote_status": false, "retweet_count": 11, "favorite_count": 16, "favorited": false, "retweeted": false, "possibly_sensitive": false, "lang": "en"}, "is_quote_status": false, "retweet_count": 11, "favorite_count": 0, "favorited": false, "retweeted": false, "lang": "en"}