{"created_at": "Wed Feb 19 20:29:01 +0000 2020", "id": 1230227813300670465, "id_str": "1230227813300670465", "text": "RT @BR24: Um eine weitere Ausbreitung des #Coronavirus zu verhindern, muss dringend ein Impfstoff gegen den Erreger gefunden werden. Auch F\u2026", "truncated": false, "entities": {"hashtags": [{"text": "Coronavirus", "indices": [42, 54]}], "symbols": [], "user_mentions": [{"screen_name": "BR24", "name": "BR24", "id": 90524645, "id_str": "90524645", "indices": [3, 8]}], "urls": []}, "metadata": {"iso_language_code": "de", "result_type": "recent"}, "source": "<a href=\"http://twitter.com/download/android\" rel=\"nofollow\">Twitter for Android</a>", "in_reply_to_status_id": null, "in_reply_to_status_id_str": null, "in_reply_to_user_id": null, "in_reply_to_user_id_str": null, "in_reply_to_screen_name": null, "user": {"id": 782349601059790848, "id_str": "782349601059790848", "name": "BASTET-4711", "screen_name": "bastet_4711", "location": "Planet Erde", "description": "Je weniger Dinge man auf Erden wichtig nimmt, desto n\u00e4her kommt man den wirklich wichtigen Dingen\n( Federico Garc\u00eda Lorca\u00a0\u00a0)", "url": null, "entities": {"description": {"urls": []}}, "protected": false, "followers_count": 889, "friends_count": 1377, "listed_count": 27, "created_at": "Sat Oct 01 22:40:55 +0000 2016", "favourites_count": 101562, "utc_offset": null, "time_zone": null, "geo_enabled": true, "verified": false, "statuses_count": 124288, "lang": null, "contributors_enabled": false, "is_translator": false, "is_translation_enabled": false, "profile_background_color": "F5F8FA", "profile_background_image_url": null, "profile_background_image_url_https": null, "profile_background_tile": false, "profile_image_url": "http://pbs.twimg.com/profile_images/993901716276903936/OZ1cVfp9_normal.jpg", "profile_image_url_https": "https://pbs.twimg.com/profile_images/993901716276903936/OZ1cVfp9_normal.jpg", "profile_banner_url": "https://pbs.twimg.com/profile_banners/782349601059790848/1525799528", "profile_link_color": "1DA1F2", "profile_sidebar_border_color": "C0DEED", "profile_sidebar_fill_color": "DDEEF6", "profile_text_color": "333333", "profile_use_background_image": true, "has_extended_profile": true, "default_profile": true, "default_profile_image": false, "following": false, "follow_request_sent": false, "notifications": false, "translator_type": "none"}, "geo": null, "coordinates": null, "place": null, "contributors": null, "retweeted_status": {"created_at": "Wed Feb 19 20:21:44 +0000 2020", "id": 1230225978691026946, "id_str": "1230225978691026946", "text": "Um eine weitere Ausbreitung des #Coronavirus zu verhindern, muss dringend ein Impfstoff gegen den Erreger gefunden\u2026 https://t.co/va9FzWaHsY", "truncated": true, "entities": {"hashtags": [{"text": "Coronavirus", "indices": [32, 44]}], "symbols": [], "user_mentions": [], "urls": [{"url": "https://t.co/va9FzWaHsY", "expanded_url": "https://twitter.com/i/web/status/1230225978691026946", "display_url": "twitter.com/i/web/status/1\u2026", "indices": [116, 139]}]}, "metadata": {"iso_language_code": "de", "result_type": "recent"}, "source": "<a href=\"https://about.twitter.com/products/tweetdeck\" rel=\"nofollow\">TweetDeck</a>", "in_reply_to_status_id": null, "in_reply_to_status_id_str": null, "in_reply_to_user_id": null, "in_reply_to_user_id_str": null, "in_reply_to_screen_name": null, "user": {"id": 90524645, "id_str": "90524645", "name": "BR24", "screen_name": "BR24", "location": "M\u00fcnchen, Bayern", "description": "Dar\u00fcber spricht Bayern. An der Tastatur: @rupprich", "url": "https://t.co/reyIDBBGTo", "entities": {"url": {"urls": [{"url": "https://t.co/reyIDBBGTo", "expanded_url": "http://www.br24.de", "display_url": "br24.de", "indices": [0, 23]}]}, "description": {"urls": []}}, "protected": false, "followers_count": 42031, "friends_count": 1304, "listed_count": 953, "created_at": "Tue Nov 17 00:37:00 +0000 2009", "favourites_count": 8162, "utc_offset": null, "time_zone": null, "geo_enabled": true, "verified": true, "statuses_count": 138333, "lang": null, "contributors_enabled": false, "is_translator": false, "is_translation_enabled": false, "profile_background_color": "FFFFFF", "profile_background_image_url": "http://abs.twimg.com/images/themes/theme1/bg.png", "profile_background_image_url_https": "https://abs.twimg.com/images/themes/theme1/bg.png", "profile_background_tile": false, "profile_image_url": "http://pbs.twimg.com/profile_images/875689536306728960/ZjT-XMQ9_normal.jpg", "profile_image_url_https": "https://pbs.twimg.com/profile_images/875689536306728960/ZjT-XMQ9_normal.jpg", "profile_banner_url": "https://pbs.twimg.com/profile_banners/90524645/1547183906", "profile_link_color": "0084B4", "profile_sidebar_border_color": "000000", "profile_sidebar_fill_color": "DDEEF6", "profile_text_color": "333333", "profile_use_background_image": true, "has_extended_profile": false, "default_profile": false, "default_profile_image": false, "following": false, "follow_request_sent": false, "notifications": false, "translator_type": "regular"}, "geo": null, "coordinates": null, "place": null, "contributors": null, "is_quote_status": false, "retweet_count": 1, "favorite_count": 4, "favorited": false, "retweeted": false, "possibly_sensitive": false, "lang": "de"}, "is_quote_status": false, "retweet_count": 1, "favorite_count": 0, "favorited": false, "retweeted": false, "lang": "de"}