{"created_at": "Wed Feb 19 11:02:17 +0000 2020", "id": 1230085187498893313, "id_str": "1230085187498893313", "text": "Wegen des #Coronavirus bef\u00fcrchtet der fr\u00e4nkische Sportartikelhersteller Puma Einbu\u00dfen im Asien-Gesch\u00e4ft. BMW und Au\u2026 https://t.co/ESa5qEL8wl", "truncated": true, "entities": {"hashtags": [{"text": "Coronavirus", "indices": [10, 22]}], "symbols": [], "user_mentions": [], "urls": [{"url": "https://t.co/ESa5qEL8wl", "expanded_url": "https://twitter.com/i/web/status/1230085187498893313", "display_url": "twitter.com/i/web/status/1\u2026", "indices": [117, 140]}]}, "metadata": {"iso_language_code": "de", "result_type": "recent"}, "source": "<a href=\"https://about.twitter.com/products/tweetdeck\" rel=\"nofollow\">TweetDeck</a>", "in_reply_to_status_id": null, "in_reply_to_status_id_str": null, "in_reply_to_user_id": null, "in_reply_to_user_id_str": null, "in_reply_to_screen_name": null, "user": {"id": 19767003, "id_str": "19767003", "name": "SZ Bayern", "screen_name": "SZ_Bayern", "location": "M\u00fcnchen", "description": "Impressum: http://t.co/EAvYxK6ZZT", "url": "http://t.co/XVSJ75Qlra", "entities": {"url": {"urls": [{"url": "http://t.co/XVSJ75Qlra", "expanded_url": "http://www.sz.de/bayern/", "display_url": "sz.de/bayern/", "indices": [0, 22]}]}, "description": {"urls": [{"url": "http://t.co/EAvYxK6ZZT", "expanded_url": "http://sz.de/impressum", "display_url": "sz.de/impressum", "indices": [11, 33]}]}}, "protected": false, "followers_count": 44572, "friends_count": 75, "listed_count": 330, "created_at": "Fri Jan 30 13:30:01 +0000 2009", "favourites_count": 45, "utc_offset": null, "time_zone": null, "geo_enabled": false, "verified": true, "statuses_count": 19308, "lang": null, "contributors_enabled": false, "is_translator": false, "is_translation_enabled": false, "profile_background_color": "F2F2F2", "profile_background_image_url": "http://abs.twimg.com/images/themes/theme1/bg.png", "profile_background_image_url_https": "https://abs.twimg.com/images/themes/theme1/bg.png", "profile_background_tile": false, "profile_image_url": "http://pbs.twimg.com/profile_images/1034089827271102464/D1Qib3gF_normal.jpg", "profile_image_url_https": "https://pbs.twimg.com/profile_images/1034089827271102464/D1Qib3gF_normal.jpg", "profile_link_color": "009999", "profile_sidebar_border_color": "FFFFFF", "profile_sidebar_fill_color": "F2F2F2", "profile_text_color": "333333", "profile_use_background_image": false, "has_extended_profile": false, "default_profile": false, "default_profile_image": false, "following": false, "follow_request_sent": false, "notifications": false, "translator_type": "none"}, "geo": null, "coordinates": null, "place": null, "contributors": null, "is_quote_status": false, "retweet_count": 0, "favorite_count": 0, "favorited": false, "retweeted": false, "possibly_sensitive": false, "lang": "de"}