{"created_at": "Tue Feb 18 22:14:15 +0000 2020", "id": 1229891906353737728, "id_str": "1229891906353737728", "text": "How about really starting Kung Flu Fighting the #coronavirus?", "truncated": false, "entities": {"hashtags": [{"text": "coronavirus", "indices": [48, 60]}], "symbols": [], "user_mentions": [], "urls": []}, "metadata": {"iso_language_code": "en", "result_type": "recent"}, "source": "<a href=\"http://twitter.com/download/iphone\" rel=\"nofollow\">Twitter for iPhone</a>", "in_reply_to_status_id": null, "in_reply_to_status_id_str": null, "in_reply_to_user_id": null, "in_reply_to_user_id_str": null, "in_reply_to_screen_name": null, "user": {"id": 1224660672425926656, "id_str": "1224660672425926656", "name": "Matthias Br\u00fcck", "screen_name": "BruckMatthias", "location": "Baden-W\u00fcrttemberg, Deutschland", "description": "Sage nicht immer was du wei\u00dft, wisse aber immer was du sagst.", "url": null, "entities": {"description": {"urls": []}}, "protected": false, "followers_count": 252, "friends_count": 286, "listed_count": 0, "created_at": "Tue Feb 04 11:47:25 +0000 2020", "favourites_count": 3860, "utc_offset": null, "time_zone": null, "geo_enabled": false, "verified": false, "statuses_count": 1566, "lang": null, "contributors_enabled": false, "is_translator": false, "is_translation_enabled": false, "profile_background_color": "F5F8FA", "profile_background_image_url": null, "profile_background_image_url_https": null, "profile_background_tile": false, "profile_image_url": "http://pbs.twimg.com/profile_images/1230746800430010369/HfWJ2Wbn_normal.jpg", "profile_image_url_https": "https://pbs.twimg.com/profile_images/1230746800430010369/HfWJ2Wbn_normal.jpg", "profile_banner_url": "https://pbs.twimg.com/profile_banners/1224660672425926656/1580817014", "profile_link_color": "1DA1F2", "profile_sidebar_border_color": "C0DEED", "profile_sidebar_fill_color": "DDEEF6", "profile_text_color": "333333", "profile_use_background_image": true, "has_extended_profile": true, "default_profile": true, "default_profile_image": false, "following": false, "follow_request_sent": false, "notifications": false, "translator_type": "none"}, "geo": null, "coordinates": null, "place": null, "contributors": null, "is_quote_status": false, "retweet_count": 0, "favorite_count": 0, "favorited": false, "retweeted": false, "lang": "en"}