{"created_at": "Thu Feb 20 08:35:12 +0000 2020", "id": 1230410561063673856, "id_str": "1230410561063673856", "text": "Die #Fluggesellschaft Air France-KLM rechnet wegen des #Coronavirus zwischen Februar und April mit einer Belastung\u2026 https://t.co/In0QfnTNL4", "truncated": true, "entities": {"hashtags": [{"text": "Fluggesellschaft", "indices": [4, 21]}, {"text": "Coronavirus", "indices": [55, 67]}], "symbols": [], "user_mentions": [], "urls": [{"url": "https://t.co/In0QfnTNL4", "expanded_url": "https://twitter.com/i/web/status/1230410561063673856", "display_url": "twitter.com/i/web/status/1\u2026", "indices": [116, 139]}]}, "metadata": {"iso_language_code": "de", "result_type": "recent"}, "source": "<a href=\"http://www.verkehrsrundschau.de\" rel=\"nofollow\">Tweet-From-CMS</a>", "in_reply_to_status_id": null, "in_reply_to_status_id_str": null, "in_reply_to_user_id": null, "in_reply_to_user_id_str": null, "in_reply_to_screen_name": null, "user": {"id": 43083763, "id_str": "43083763", "name": "VerkehrsRundschau", "screen_name": "vr_online", "location": "Munich, Germany", "description": "Fachmagazin / Portal f\u00fcr Verkehr, Transport und Logistik", "url": "https://t.co/DTKuuz3jt5", "entities": {"url": {"urls": [{"url": "https://t.co/DTKuuz3jt5", "expanded_url": "https://www.verkehrsrundschau.de/impressum", "display_url": "verkehrsrundschau.de/impressum", "indices": [0, 23]}]}, "description": {"urls": []}}, "protected": false, "followers_count": 4473, "friends_count": 250, "listed_count": 178, "created_at": "Thu May 28 10:17:37 +0000 2009", "favourites_count": 146, "utc_offset": null, "time_zone": null, "geo_enabled": false, "verified": false, "statuses_count": 35480, "lang": null, "contributors_enabled": false, "is_translator": false, "is_translation_enabled": false, "profile_background_color": "C0DEED", "profile_background_image_url": "http://abs.twimg.com/images/themes/theme1/bg.png", "profile_background_image_url_https": "https://abs.twimg.com/images/themes/theme1/bg.png", "profile_background_tile": true, "profile_image_url": "http://pbs.twimg.com/profile_images/734647748327280640/VuCmfibI_normal.jpg", "profile_image_url_https": "https://pbs.twimg.com/profile_images/734647748327280640/VuCmfibI_normal.jpg", "profile_banner_url": "https://pbs.twimg.com/profile_banners/43083763/1463988653", "profile_link_color": "022D5C", "profile_sidebar_border_color": "C0DEED", "profile_sidebar_fill_color": "DDEEF6", "profile_text_color": "333333", "profile_use_background_image": true, "has_extended_profile": false, "default_profile": false, "default_profile_image": false, "following": false, "follow_request_sent": false, "notifications": false, "translator_type": "none"}, "geo": null, "coordinates": null, "place": null, "contributors": null, "is_quote_status": false, "retweet_count": 0, "favorite_count": 0, "favorited": false, "retweeted": false, "possibly_sensitive": false, "lang": "de"}