{"created_at": "Tue Feb 18 06:37:43 +0000 2020", "id": 1229656221076131840, "id_str": "1229656221076131840", "text": "RT @UyghurCongress: \u201cThese people are in a vulnerable &amp; weakened state due to the Chinese govt\u2019s abuses &amp; mistreatment. This has just furth\u2026", "truncated": false, "entities": {"hashtags": [], "symbols": [], "user_mentions": [{"screen_name": "UyghurCongress", "name": "WorldUyghurCongress", "id": 274669412, "id_str": "274669412", "indices": [3, 18]}], "urls": []}, "metadata": {"iso_language_code": "en", "result_type": "recent"}, "source": "<a href=\"https://mobile.twitter.com\" rel=\"nofollow\">Twitter Web App</a>", "in_reply_to_status_id": null, "in_reply_to_status_id_str": null, "in_reply_to_user_id": null, "in_reply_to_user_id_str": null, "in_reply_to_screen_name": null, "user": {"id": 1099378329663270912, "id_str": "1099378329663270912", "name": "Alim Bughra", "screen_name": "AlimBughra", "location": "", "description": "an Uyghur", "url": null, "entities": {"description": {"urls": []}}, "protected": false, "followers_count": 341, "friends_count": 3447, "listed_count": 0, "created_at": "Sat Feb 23 18:39:54 +0000 2019", "favourites_count": 5, "utc_offset": null, "time_zone": null, "geo_enabled": false, "verified": false, "statuses_count": 6555, "lang": null, "contributors_enabled": false, "is_translator": false, "is_translation_enabled": false, "profile_background_color": "F5F8FA", "profile_background_image_url": null, "profile_background_image_url_https": null, "profile_background_tile": false, "profile_image_url": "http://abs.twimg.com/sticky/default_profile_images/default_profile_normal.png", "profile_image_url_https": "https://abs.twimg.com/sticky/default_profile_images/default_profile_normal.png", "profile_link_color": "1DA1F2", "profile_sidebar_border_color": "C0DEED", "profile_sidebar_fill_color": "DDEEF6", "profile_text_color": "333333", "profile_use_background_image": true, "has_extended_profile": false, "default_profile": true, "default_profile_image": true, "following": false, "follow_request_sent": false, "notifications": false, "translator_type": "none"}, "geo": null, "coordinates": null, "place": null, "contributors": null, "retweeted_status": {"created_at": "Thu Feb 13 09:02:32 +0000 2020", "id": 1227880724864339970, "id_str": "1227880724864339970", "text": "\u201cThese people are in a vulnerable &amp; weakened state due to the Chinese govt\u2019s abuses &amp; mistreatment. This has just f\u2026 https://t.co/w7LDBIG8Y0", "truncated": true, "entities": {"hashtags": [], "symbols": [], "user_mentions": [], "urls": [{"url": "https://t.co/w7LDBIG8Y0", "expanded_url": "https://twitter.com/i/web/status/1227880724864339970", "display_url": "twitter.com/i/web/status/1\u2026", "indices": [125, 148]}]}, "metadata": {"iso_language_code": "en", "result_type": "recent"}, "source": "<a href=\"https://mobile.twitter.com\" rel=\"nofollow\">Twitter Web App</a>", "in_reply_to_status_id": null, "in_reply_to_status_id_str": null, "in_reply_to_user_id": null, "in_reply_to_user_id_str": null, "in_reply_to_screen_name": null, "user": {"id": 274669412, "id_str": "274669412", "name": "WorldUyghurCongress", "screen_name": "UyghurCongress", "location": "Munich, Germany", "description": "International umbrella organization promoting #Uyghur human rights and a peaceful solution to the conflict in East Turkistan.", "url": "https://t.co/70xMUcBmtq", "entities": {"url": {"urls": [{"url": "https://t.co/70xMUcBmtq", "expanded_url": "http://www.uyghurcongress.org", "display_url": "uyghurcongress.org", "indices": [0, 23]}]}, "description": {"urls": []}}, "protected": false, "followers_count": 24127, "friends_count": 1283, "listed_count": 306, "created_at": "Wed Mar 30 20:31:53 +0000 2011", "favourites_count": 4953, "utc_offset": null, "time_zone": null, "geo_enabled": true, "verified": true, "statuses_count": 19178, "lang": null, "contributors_enabled": false, "is_translator": false, "is_translation_enabled": false, "profile_background_color": "6296CB", "profile_background_image_url": "http://abs.twimg.com/images/themes/theme1/bg.png", "profile_background_image_url_https": "https://abs.twimg.com/images/themes/theme1/bg.png", "profile_background_tile": false, "profile_image_url": "http://pbs.twimg.com/profile_images/867676517131845633/CVNkbC9u_normal.jpg", "profile_image_url_https": "https://pbs.twimg.com/profile_images/867676517131845633/CVNkbC9u_normal.jpg", "profile_banner_url": "https://pbs.twimg.com/profile_banners/274669412/1525168141", "profile_link_color": "3E7DBB", "profile_sidebar_border_color": "000000", "profile_sidebar_fill_color": "DDEEF6", "profile_text_color": "333333", "profile_use_background_image": true, "has_extended_profile": false, "default_profile": false, "default_profile_image": false, "following": false, "follow_request_sent": false, "notifications": false, "translator_type": "none"}, "geo": null, "coordinates": null, "place": null, "contributors": null, "is_quote_status": false, "retweet_count": 42, "favorite_count": 37, "favorited": false, "retweeted": false, "possibly_sensitive": false, "lang": "en"}, "is_quote_status": false, "retweet_count": 42, "favorite_count": 0, "favorited": false, "retweeted": false, "lang": "en"}