{"created_at": "Fri Feb 21 16:36:14 +0000 2020", "id": 1230894006973935617, "id_str": "1230894006973935617", "text": "#WHO: #Coronavirus deaths in #Iran \"very concerning\" https://t.co/wF1qYAc9c3", "truncated": false, "entities": {"hashtags": [{"text": "WHO", "indices": [0, 4]}, {"text": "Coronavirus", "indices": [6, 18]}, {"text": "Iran", "indices": [29, 34]}], "symbols": [], "user_mentions": [], "urls": [{"url": "https://t.co/wF1qYAc9c3", "expanded_url": "https://breakingthenews.net/Article/WHO:-Coronavirus-deaths-in-Iran-%22very-concerning%22/51325540", "display_url": "breakingthenews.net/Article/WHO:-C\u2026", "indices": [53, 76]}]}, "metadata": {"iso_language_code": "en", "result_type": "recent"}, "source": "<a href=\"http://twitter.com/download/android\" rel=\"nofollow\">Twitter for Android</a>", "in_reply_to_status_id": null, "in_reply_to_status_id_str": null, "in_reply_to_user_id": null, "in_reply_to_user_id_str": null, "in_reply_to_screen_name": null, "user": {"id": 203536528, "id_str": "203536528", "name": "Yashar Huseyn", "screen_name": "yasharhuseyn", "location": "L\u00f6wenstein, Deutschland", "description": "Blogger, Interpreter, Numismatist, Philologist, Photographer, Traveler", "url": "https://t.co/K3HzLapSqX", "entities": {"url": {"urls": [{"url": "https://t.co/K3HzLapSqX", "expanded_url": "http://yasharhuseyn.wordpress.com", "display_url": "yasharhuseyn.wordpress.com", "indices": [0, 23]}]}, "description": {"urls": []}}, "protected": false, "followers_count": 2025, "friends_count": 83, "listed_count": 125, "created_at": "Sat Oct 16 14:14:05 +0000 2010", "favourites_count": 481, "utc_offset": null, "time_zone": null, "geo_enabled": true, "verified": false, "statuses_count": 43986, "lang": null, "contributors_enabled": false, "is_translator": false, "is_translation_enabled": false, "profile_background_color": "000000", "profile_background_image_url": "http://abs.twimg.com/images/themes/theme18/bg.gif", "profile_background_image_url_https": "https://abs.twimg.com/images/themes/theme18/bg.gif", "profile_background_tile": false, "profile_image_url": "http://pbs.twimg.com/profile_images/1131988787821711360/eehnRvxv_normal.jpg", "profile_image_url_https": "https://pbs.twimg.com/profile_images/1131988787821711360/eehnRvxv_normal.jpg", "profile_banner_url": "https://pbs.twimg.com/profile_banners/203536528/1526408516", "profile_link_color": "2B0B30", "profile_sidebar_border_color": "000000", "profile_sidebar_fill_color": "000000", "profile_text_color": "000000", "profile_use_background_image": false, "has_extended_profile": true, "default_profile": false, "default_profile_image": false, "following": false, "follow_request_sent": false, "notifications": false, "translator_type": "regular"}, "geo": null, "coordinates": null, "place": {"id": "05a02c6be885ce43", "url": "https://api.twitter.com/1.1/geo/id/05a02c6be885ce43.json", "place_type": "city", "name": "L\u00f6wenstein", "full_name": "L\u00f6wenstein, Deutschland", "country_code": "DE", "country": "Germany", "contained_within": [], "bounding_box": {"type": "Polygon", "coordinates": [[[9.337228, 49.0576423], [9.453093, 49.0576423], [9.453093, 49.120527], [9.337228, 49.120527]]]}, "attributes": {}}, "contributors": null, "is_quote_status": false, "retweet_count": 0, "favorite_count": 1, "favorited": false, "retweeted": false, "possibly_sensitive": false, "lang": "en"}