{"created_at": "Fri Feb 21 06:50:28 +0000 2020", "id": 1230746594636529666, "id_str": "1230746594636529666", "text": "RT @TAG24DD: Fast w\u00e4re #Dresden #Monopoly dem #Coronavirus zum Opfer gefallen! https://t.co/lsap7GvAXv https://t.co/8QgVqfCF0x", "truncated": false, "entities": {"hashtags": [{"text": "Dresden", "indices": [23, 31]}, {"text": "Monopoly", "indices": [32, 41]}, {"text": "Coronavirus", "indices": [46, 58]}], "symbols": [], "user_mentions": [{"screen_name": "TAG24DD", "name": "TAG24 NEWS Dresden", "id": 2780869477, "id_str": "2780869477", "indices": [3, 11]}], "urls": [{"url": "https://t.co/lsap7GvAXv", "expanded_url": "https://www.tag24.de/nachrichten/fast-dresden-monopoly-coronavirus-opfer-gefallen-spielfigur-produktion-stop-strassennahmen-stehen-fest-1394296", "display_url": "tag24.de/nachrichten/fa\u2026", "indices": [79, 102]}], "media": [{"id": 1230746327358693380, "id_str": "1230746327358693380", "indices": [103, 126], "media_url": "http://pbs.twimg.com/media/ERR9Q5LU4AQYDQT.jpg", "media_url_https": "https://pbs.twimg.com/media/ERR9Q5LU4AQYDQT.jpg", "url": "https://t.co/8QgVqfCF0x", "display_url": "pic.twitter.com/8QgVqfCF0x", "expanded_url": "https://twitter.com/TAG24DD/status/1230746329837535232/photo/1", "type": "photo", "sizes": {"thumb": {"w": 150, "h": 150, "resize": "crop"}, "small": {"w": 680, "h": 434, "resize": "fit"}, "large": {"w": 980, "h": 625, "resize": "fit"}, "medium": {"w": 980, "h": 625, "resize": "fit"}}, "source_status_id": 1230746329837535232, "source_status_id_str": "1230746329837535232", "source_user_id": 2780869477, "source_user_id_str": "2780869477"}]}, "extended_entities": {"media": [{"id": 1230746327358693380, "id_str": "1230746327358693380", "indices": [103, 126], "media_url": "http://pbs.twimg.com/media/ERR9Q5LU4AQYDQT.jpg", "media_url_https": "https://pbs.twimg.com/media/ERR9Q5LU4AQYDQT.jpg", "url": "https://t.co/8QgVqfCF0x", "display_url": "pic.twitter.com/8QgVqfCF0x", "expanded_url": "https://twitter.com/TAG24DD/status/1230746329837535232/photo/1", "type": "photo", "sizes": {"thumb": {"w": 150, "h": 150, "resize": "crop"}, "small": {"w": 680, "h": 434, "resize": "fit"}, "large": {"w": 980, "h": 625, "resize": "fit"}, "medium": {"w": 980, "h": 625, "resize": "fit"}}, "source_status_id": 1230746329837535232, "source_status_id_str": "1230746329837535232", "source_user_id": 2780869477, "source_user_id_str": "2780869477"}]}, "metadata": {"iso_language_code": "de", "result_type": "recent"}, "source": "<a href=\"http://twitter.com/download/android\" rel=\"nofollow\">Twitter for Android</a>", "in_reply_to_status_id": null, "in_reply_to_status_id_str": null, "in_reply_to_user_id": null, "in_reply_to_user_id_str": null, "in_reply_to_screen_name": null, "user": {"id": 2217939218, "id_str": "2217939218", "name": "Boring Angel", "screen_name": "boring_angel", "location": "Hoki", "description": "But I am just an arm hanging in the sun", "url": null, "entities": {"description": {"urls": []}}, "protected": false, "followers_count": 555, "friends_count": 266, "listed_count": 18, "created_at": "Wed Nov 27 15:02:20 +0000 2013", "favourites_count": 36446, "utc_offset": null, "time_zone": null, "geo_enabled": false, "verified": false, "statuses_count": 23726, "lang": null, "contributors_enabled": false, "is_translator": false, "is_translation_enabled": false, "profile_background_color": "434E52", "profile_background_image_url": "http://abs.twimg.com/images/themes/theme1/bg.png", "profile_background_image_url_https": "https://abs.twimg.com/images/themes/theme1/bg.png", "profile_background_tile": false, "profile_image_url": "http://pbs.twimg.com/profile_images/420251985200160768/AItVl2r1_normal.png", "profile_image_url_https": "https://pbs.twimg.com/profile_images/420251985200160768/AItVl2r1_normal.png", "profile_banner_url": "https://pbs.twimg.com/profile_banners/2217939218/1400694274", "profile_link_color": "2F3D7B", "profile_sidebar_border_color": "FFFFFF", "profile_sidebar_fill_color": "DDEEF6", "profile_text_color": "333333", "profile_use_background_image": false, "has_extended_profile": true, "default_profile": false, "default_profile_image": false, "following": false, "follow_request_sent": false, "notifications": false, "translator_type": "none"}, "geo": null, "coordinates": null, "place": null, "contributors": null, "retweeted_status": {"created_at": "Fri Feb 21 06:49:25 +0000 2020", "id": 1230746329837535232, "id_str": "1230746329837535232", "text": "Fast w\u00e4re #Dresden #Monopoly dem #Coronavirus zum Opfer gefallen! https://t.co/lsap7GvAXv https://t.co/8QgVqfCF0x", "truncated": false, "entities": {"hashtags": [{"text": "Dresden", "indices": [10, 18]}, {"text": "Monopoly", "indices": [19, 28]}, {"text": "Coronavirus", "indices": [33, 45]}], "symbols": [], "user_mentions": [], "urls": [{"url": "https://t.co/lsap7GvAXv", "expanded_url": "https://www.tag24.de/nachrichten/fast-dresden-monopoly-coronavirus-opfer-gefallen-spielfigur-produktion-stop-strassennahmen-stehen-fest-1394296", "display_url": "tag24.de/nachrichten/fa\u2026", "indices": [66, 89]}], "media": [{"id": 1230746327358693380, "id_str": "1230746327358693380", "indices": [90, 113], "media_url": "http://pbs.twimg.com/media/ERR9Q5LU4AQYDQT.jpg", "media_url_https": "https://pbs.twimg.com/media/ERR9Q5LU4AQYDQT.jpg", "url": "https://t.co/8QgVqfCF0x", "display_url": "pic.twitter.com/8QgVqfCF0x", "expanded_url": "https://twitter.com/TAG24DD/status/1230746329837535232/photo/1", "type": "photo", "sizes": {"thumb": {"w": 150, "h": 150, "resize": "crop"}, "small": {"w": 680, "h": 434, "resize": "fit"}, "large": {"w": 980, "h": 625, "resize": "fit"}, "medium": {"w": 980, "h": 625, "resize": "fit"}}}]}, "extended_entities": {"media": [{"id": 1230746327358693380, "id_str": "1230746327358693380", "indices": [90, 113], "media_url": "http://pbs.twimg.com/media/ERR9Q5LU4AQYDQT.jpg", "media_url_https": "https://pbs.twimg.com/media/ERR9Q5LU4AQYDQT.jpg", "url": "https://t.co/8QgVqfCF0x", "display_url": "pic.twitter.com/8QgVqfCF0x", "expanded_url": "https://twitter.com/TAG24DD/status/1230746329837535232/photo/1", "type": "photo", "sizes": {"thumb": {"w": 150, "h": 150, "resize": "crop"}, "small": {"w": 680, "h": 434, "resize": "fit"}, "large": {"w": 980, "h": 625, "resize": "fit"}, "medium": {"w": 980, "h": 625, "resize": "fit"}}}]}, "metadata": {"iso_language_code": "de", "result_type": "recent"}, "source": "<a href=\"https://tag24.de\" rel=\"nofollow\">TAG24DD App</a>", "in_reply_to_status_id": null, "in_reply_to_status_id_str": null, "in_reply_to_user_id": null, "in_reply_to_user_id_str": null, "in_reply_to_screen_name": null, "user": {"id": 2780869477, "id_str": "2780869477", "name": "TAG24 NEWS Dresden", "screen_name": "TAG24DD", "location": "Sachsen", "description": "Hier twittern die News-Nerds der Dresdner TAG24-Redaktion. Etwas hyperaktiv, aber gut gelaunt:-) Impressum: https://t.co/9Q98G8nQLm", "url": "https://t.co/qK9FJ4i8CU", "entities": {"url": {"urls": [{"url": "https://t.co/qK9FJ4i8CU", "expanded_url": "http://www.tag24.de/dresden", "display_url": "tag24.de/dresden", "indices": [0, 23]}]}, "description": {"urls": [{"url": "https://t.co/9Q98G8nQLm", "expanded_url": "http://bit.ly/2mHkmAQ", "display_url": "bit.ly/2mHkmAQ", "indices": [108, 131]}]}}, "protected": false, "followers_count": 7096, "friends_count": 414, "listed_count": 223, "created_at": "Sat Aug 30 16:58:15 +0000 2014", "favourites_count": 102, "utc_offset": null, "time_zone": null, "geo_enabled": false, "verified": false, "statuses_count": 34760, "lang": null, "contributors_enabled": false, "is_translator": false, "is_translation_enabled": false, "profile_background_color": "0099B9", "profile_background_image_url": "http://abs.twimg.com/images/themes/theme4/bg.gif", "profile_background_image_url_https": "https://abs.twimg.com/images/themes/theme4/bg.gif", "profile_background_tile": false, "profile_image_url": "http://pbs.twimg.com/profile_images/782870909493383168/9a5SEJw9_normal.jpg", "profile_image_url_https": "https://pbs.twimg.com/profile_images/782870909493383168/9a5SEJw9_normal.jpg", "profile_banner_url": "https://pbs.twimg.com/profile_banners/2780869477/1526305297", "profile_link_color": "0099B9", "profile_sidebar_border_color": "5ED4DC", "profile_sidebar_fill_color": "95E8EC", "profile_text_color": "3C3940", "profile_use_background_image": true, "has_extended_profile": false, "default_profile": false, "default_profile_image": false, "following": false, "follow_request_sent": false, "notifications": false, "translator_type": "none"}, "geo": null, "coordinates": null, "place": null, "contributors": null, "is_quote_status": false, "retweet_count": 3, "favorite_count": 3, "favorited": false, "retweeted": false, "possibly_sensitive": false, "lang": "de"}, "is_quote_status": false, "retweet_count": 3, "favorite_count": 0, "favorited": false, "retweeted": false, "possibly_sensitive": false, "lang": "de"}