{"created_at": "Wed Feb 19 11:38:41 +0000 2020", "id": 1230094350824153088, "id_str": "1230094350824153088", "text": "RT @Krieger66362259: Coronavirus : la crise chinoise qui risque de ralentir l\u2019\u00e9conomie mondiale...\nhttps://t.co/cg6S47H400 via @contrepoint\u2026", "truncated": false, "entities": {"hashtags": [], "symbols": [], "user_mentions": [{"screen_name": "Krieger66362259", "name": "Richard Krieger", "id": 812043847433916416, "id_str": "812043847433916416", "indices": [3, 19]}], "urls": [{"url": "https://t.co/cg6S47H400", "expanded_url": "https://www.contrepoints.org/2020/02/19/364689-coronavirus-la-crise-chinoise-qui-risque-de-ralentir-leconomie-mondiale?mc_cid=83c56cda88&mc_eid=acfc8d2b9a", "display_url": "contrepoints.org/2020/02/19/364\u2026", "indices": [99, 122]}]}, "metadata": {"iso_language_code": "fr", "result_type": "recent"}, "source": "<a href=\"http://twitter.com/download/iphone\" rel=\"nofollow\">Twitter for iPhone</a>", "in_reply_to_status_id": null, "in_reply_to_status_id_str": null, "in_reply_to_user_id": null, "in_reply_to_user_id_str": null, "in_reply_to_screen_name": null, "user": {"id": 995604886409695233, "id_str": "995604886409695233", "name": "Lucky Luc", "screen_name": "LuckyLu32431232", "location": "Monaco", "description": "Revue de presse \u00e9clectique au quotidien. Lib\u00e9ral et contre un Etat qui nous \u00e9touffe et d\u00e9cide de tout au d\u00e9triment de nos libert\u00e9s! RT n\u2019est pas approuver.", "url": null, "entities": {"description": {"urls": []}}, "protected": false, "followers_count": 1905, "friends_count": 1342, "listed_count": 7, "created_at": "Sun May 13 10:01:17 +0000 2018", "favourites_count": 31127, "utc_offset": null, "time_zone": null, "geo_enabled": false, "verified": false, "statuses_count": 11057, "lang": null, "contributors_enabled": false, "is_translator": false, "is_translation_enabled": false, "profile_background_color": "F5F8FA", "profile_background_image_url": null, "profile_background_image_url_https": null, "profile_background_tile": false, "profile_image_url": "http://pbs.twimg.com/profile_images/996011970976501760/IpPrSXO7_normal.jpg", "profile_image_url_https": "https://pbs.twimg.com/profile_images/996011970976501760/IpPrSXO7_normal.jpg", "profile_banner_url": "https://pbs.twimg.com/profile_banners/995604886409695233/1545066597", "profile_link_color": "1DA1F2", "profile_sidebar_border_color": "C0DEED", "profile_sidebar_fill_color": "DDEEF6", "profile_text_color": "333333", "profile_use_background_image": true, "has_extended_profile": false, "default_profile": true, "default_profile_image": false, "following": false, "follow_request_sent": false, "notifications": false, "translator_type": "none"}, "geo": null, "coordinates": null, "place": null, "contributors": null, "retweeted_status": {"created_at": "Wed Feb 19 07:43:55 +0000 2020", "id": 1230035266410336262, "id_str": "1230035266410336262", "text": "Coronavirus : la crise chinoise qui risque de ralentir l\u2019\u00e9conomie mondiale...\nhttps://t.co/cg6S47H400 via @contrepoints #coronavirus", "truncated": false, "entities": {"hashtags": [{"text": "coronavirus", "indices": [120, 132]}], "symbols": [], "user_mentions": [{"screen_name": "Contrepoints", "name": "Contrepoints", "id": 123942210, "id_str": "123942210", "indices": [106, 119]}], "urls": [{"url": "https://t.co/cg6S47H400", "expanded_url": "https://www.contrepoints.org/2020/02/19/364689-coronavirus-la-crise-chinoise-qui-risque-de-ralentir-leconomie-mondiale?mc_cid=83c56cda88&mc_eid=acfc8d2b9a", "display_url": "contrepoints.org/2020/02/19/364\u2026", "indices": [78, 101]}]}, "metadata": {"iso_language_code": "fr", "result_type": "recent"}, "source": "<a href=\"http://twitter.com/download/iphone\" rel=\"nofollow\">Twitter for iPhone</a>", "in_reply_to_status_id": null, "in_reply_to_status_id_str": null, "in_reply_to_user_id": null, "in_reply_to_user_id_str": null, "in_reply_to_screen_name": null, "user": {"id": 812043847433916416, "id_str": "812043847433916416", "name": "Richard Krieger", "screen_name": "Krieger66362259", "location": "Monaco", "description": "Revue de presse \u00e9clectique : \u00ab Bien inform\u00e9s les hommes sont des citoyens, mal inform\u00e9s ils deviennent des sujets! \u00bb Alfred Sauvy...RT n\u2019est pas approuver!", "url": "https://t.co/SnxRjaszhE", "entities": {"url": {"urls": [{"url": "https://t.co/SnxRjaszhE", "expanded_url": "http://www.entrepreneurs-pour-la-France.org", "display_url": "entrepreneurs-pour-la-France.org", "indices": [0, 23]}]}, "description": {"urls": []}}, "protected": false, "followers_count": 2237, "friends_count": 1709, "listed_count": 2, "created_at": "Thu Dec 22 21:15:15 +0000 2016", "favourites_count": 51709, "utc_offset": null, "time_zone": null, "geo_enabled": false, "verified": false, "statuses_count": 16175, "lang": null, "contributors_enabled": false, "is_translator": false, "is_translation_enabled": false, "profile_background_color": "000000", "profile_background_image_url": "http://abs.twimg.com/images/themes/theme1/bg.png", "profile_background_image_url_https": "https://abs.twimg.com/images/themes/theme1/bg.png", "profile_background_tile": false, "profile_image_url": "http://pbs.twimg.com/profile_images/1002313578928594944/x72UXl7w_normal.jpg", "profile_image_url_https": "https://pbs.twimg.com/profile_images/1002313578928594944/x72UXl7w_normal.jpg", "profile_banner_url": "https://pbs.twimg.com/profile_banners/812043847433916416/1561470245", "profile_link_color": "1B95E0", "profile_sidebar_border_color": "000000", "profile_sidebar_fill_color": "000000", "profile_text_color": "000000", "profile_use_background_image": false, "has_extended_profile": false, "default_profile": false, "default_profile_image": false, "following": false, "follow_request_sent": false, "notifications": false, "translator_type": "none"}, "geo": null, "coordinates": null, "place": null, "contributors": null, "is_quote_status": false, "retweet_count": 3, "favorite_count": 5, "favorited": false, "retweeted": false, "possibly_sensitive": true, "lang": "fr"}, "is_quote_status": false, "retweet_count": 3, "favorite_count": 0, "favorited": false, "retweeted": false, "possibly_sensitive": false, "lang": "fr"}