{"created_at": "Thu Feb 20 16:40:10 +0000 2020", "id": 1230532606523006978, "id_str": "1230532606523006978", "text": "We provide va-Q-proof and va-Q-med boxes to a #biotech company from #Singapore which developed a test kit for the d\u2026 https://t.co/7xxO7hjiRa", "truncated": true, "entities": {"hashtags": [{"text": "biotech", "indices": [46, 54]}, {"text": "Singapore", "indices": [68, 78]}], "symbols": [], "user_mentions": [], "urls": [{"url": "https://t.co/7xxO7hjiRa", "expanded_url": "https://twitter.com/i/web/status/1230532606523006978", "display_url": "twitter.com/i/web/status/1\u2026", "indices": [117, 140]}]}, "metadata": {"iso_language_code": "en", "result_type": "recent"}, "source": "<a href=\"https://www.kontentino.com\" rel=\"nofollow\">Kontentino</a>", "in_reply_to_status_id": null, "in_reply_to_status_id_str": null, "in_reply_to_user_id": null, "in_reply_to_user_id_str": null, "in_reply_to_screen_name": null, "user": {"id": 2272788252, "id_str": "2272788252", "name": "va-Q-tec", "screen_name": "vaQtec", "location": "W\u00fcrzburg, Germany", "description": "Providing high-performance tech solutions in the field of thermal #insulation and temperature controlled (#TempChain) logistics.", "url": "https://t.co/nBUn3UWKn6", "entities": {"url": {"urls": [{"url": "https://t.co/nBUn3UWKn6", "expanded_url": "http://www.va-q-tec.com", "display_url": "va-q-tec.com", "indices": [0, 23]}]}, "description": {"urls": []}}, "protected": false, "followers_count": 355, "friends_count": 383, "listed_count": 6, "created_at": "Thu Jan 02 09:56:22 +0000 2014", "favourites_count": 564, "utc_offset": null, "time_zone": null, "geo_enabled": true, "verified": false, "statuses_count": 454, "lang": null, "contributors_enabled": false, "is_translator": false, "is_translation_enabled": false, "profile_background_color": "000000", "profile_background_image_url": "http://abs.twimg.com/images/themes/theme1/bg.png", "profile_background_image_url_https": "https://abs.twimg.com/images/themes/theme1/bg.png", "profile_background_tile": false, "profile_image_url": "http://pbs.twimg.com/profile_images/910787253571551232/A37xchLs_normal.jpg", "profile_image_url_https": "https://pbs.twimg.com/profile_images/910787253571551232/A37xchLs_normal.jpg", "profile_banner_url": "https://pbs.twimg.com/profile_banners/2272788252/1505981748", "profile_link_color": "1DA1F2", "profile_sidebar_border_color": "000000", "profile_sidebar_fill_color": "000000", "profile_text_color": "000000", "profile_use_background_image": false, "has_extended_profile": false, "default_profile": false, "default_profile_image": false, "following": false, "follow_request_sent": false, "notifications": false, "translator_type": "none"}, "geo": null, "coordinates": null, "place": null, "contributors": null, "is_quote_status": false, "retweet_count": 0, "favorite_count": 1, "favorited": false, "retweeted": false, "possibly_sensitive": false, "lang": "en"}