{"created_at": "Thu Feb 20 13:39:19 +0000 2020", "id": 1230487095824781312, "id_str": "1230487095824781312", "text": "RT @SZ: China hat erneut die Diagnosekriterien f\u00fcr #Covid19 ge\u00e4ndert. #Coronavirus https://t.co/xbMEOSOn8f", "truncated": false, "entities": {"hashtags": [{"text": "Covid19", "indices": [51, 59]}, {"text": "Coronavirus", "indices": [70, 82]}], "symbols": [], "user_mentions": [{"screen_name": "SZ", "name": "S\u00fcddeutsche Zeitung", "id": 114508061, "id_str": "114508061", "indices": [3, 6]}], "urls": [{"url": "https://t.co/xbMEOSOn8f", "expanded_url": "https://sz.de/1.4788734", "display_url": "sz.de/1.4788734", "indices": [83, 106]}]}, "metadata": {"iso_language_code": "de", "result_type": "recent"}, "source": "<a href=\"https://mobile.twitter.com\" rel=\"nofollow\">Twitter Web App</a>", "in_reply_to_status_id": null, "in_reply_to_status_id_str": null, "in_reply_to_user_id": null, "in_reply_to_user_id_str": null, "in_reply_to_screen_name": null, "user": {"id": 387914765, "id_str": "387914765", "name": "\u00c5t\u0127 G\u00f8\u00f0\u00eal\u00edt\u0161\u00e4s", "screen_name": "godelitsas", "location": "Athens, Greece", "description": "@uoaofficial visiting @unicomplutense and @UniOulu / #mineralogy #geochemistry #nanogeoscience - arts & metal music - | RTs mean interest not opinion", "url": "http://t.co/IMXRSlgRjD", "entities": {"url": {"urls": [{"url": "http://t.co/IMXRSlgRjD", "expanded_url": "http://users.uoa.gr/~agodel", "display_url": "users.uoa.gr/~agodel", "indices": [0, 22]}]}, "description": {"urls": []}}, "protected": false, "followers_count": 9789, "friends_count": 10577, "listed_count": 682, "created_at": "Sun Oct 09 21:28:35 +0000 2011", "favourites_count": 28657, "utc_offset": null, "time_zone": null, "geo_enabled": false, "verified": false, "statuses_count": 320370, "lang": null, "contributors_enabled": false, "is_translator": false, "is_translation_enabled": false, "profile_background_color": "C6E2EE", "profile_background_image_url": "http://abs.twimg.com/images/themes/theme2/bg.gif", "profile_background_image_url_https": "https://abs.twimg.com/images/themes/theme2/bg.gif", "profile_background_tile": true, "profile_image_url": "http://pbs.twimg.com/profile_images/484277724811259906/qRf1wmAg_normal.jpeg", "profile_image_url_https": "https://pbs.twimg.com/profile_images/484277724811259906/qRf1wmAg_normal.jpeg", "profile_banner_url": "https://pbs.twimg.com/profile_banners/387914765/1472404201", "profile_link_color": "1F98C7", "profile_sidebar_border_color": "C6E2EE", "profile_sidebar_fill_color": "C3E3F0", "profile_text_color": "663B12", "profile_use_background_image": true, "has_extended_profile": true, "default_profile": false, "default_profile_image": false, "following": false, "follow_request_sent": false, "notifications": false, "translator_type": "none"}, "geo": null, "coordinates": null, "place": null, "contributors": null, "retweeted_status": {"created_at": "Thu Feb 20 13:38:53 +0000 2020", "id": 1230486984222703616, "id_str": "1230486984222703616", "text": "China hat erneut die Diagnosekriterien f\u00fcr #Covid19 ge\u00e4ndert. #Coronavirus https://t.co/xbMEOSOn8f", "truncated": false, "entities": {"hashtags": [{"text": "Covid19", "indices": [43, 51]}, {"text": "Coronavirus", "indices": [62, 74]}], "symbols": [], "user_mentions": [], "urls": [{"url": "https://t.co/xbMEOSOn8f", "expanded_url": "https://sz.de/1.4788734", "display_url": "sz.de/1.4788734", "indices": [75, 98]}]}, "metadata": {"iso_language_code": "de", "result_type": "recent"}, "source": "<a href=\"http://www.sueddeutsche.de/\" rel=\"nofollow\">SZ.de Twitterbot - Main</a>", "in_reply_to_status_id": null, "in_reply_to_status_id_str": null, "in_reply_to_user_id": null, "in_reply_to_user_id_str": null, "in_reply_to_screen_name": null, "user": {"id": 114508061, "id_str": "114508061", "name": "S\u00fcddeutsche Zeitung", "screen_name": "SZ", "location": "M\u00fcnchen, Deutschland", "description": "Der offizielle Twitter-Account der S\u00fcddeutschen Zeitung. Alle Redakteure und Kan\u00e4le: http://t.co/AjR51c6fBJ \u00b7 Impressum: http://t.co/73f0c1DSzV", "url": "https://t.co/pwVdcHEVKW", "entities": {"url": {"urls": [{"url": "https://t.co/pwVdcHEVKW", "expanded_url": "http://www.sz.de", "display_url": "sz.de", "indices": [0, 23]}]}, "description": {"urls": [{"url": "http://t.co/AjR51c6fBJ", "expanded_url": "http://sz.de/twitterdetails", "display_url": "sz.de/twitterdetails", "indices": [85, 107]}, {"url": "http://t.co/73f0c1DSzV", "expanded_url": "http://sz.de/impressum", "display_url": "sz.de/impressum", "indices": [121, 143]}]}}, "protected": false, "followers_count": 1573745, "friends_count": 411, "listed_count": 7010, "created_at": "Mon Feb 15 17:10:14 +0000 2010", "favourites_count": 962, "utc_offset": null, "time_zone": null, "geo_enabled": false, "verified": true, "statuses_count": 153217, "lang": null, "contributors_enabled": false, "is_translator": false, "is_translation_enabled": false, "profile_background_color": "F2F2F2", "profile_background_image_url": "http://abs.twimg.com/images/themes/theme1/bg.png", "profile_background_image_url_https": "https://abs.twimg.com/images/themes/theme1/bg.png", "profile_background_tile": false, "profile_image_url": "http://pbs.twimg.com/profile_images/996782033132191750/vVZs_SD8_normal.jpg", "profile_image_url_https": "https://pbs.twimg.com/profile_images/996782033132191750/vVZs_SD8_normal.jpg", "profile_banner_url": "https://pbs.twimg.com/profile_banners/114508061/1573839948", "profile_link_color": "333333", "profile_sidebar_border_color": "000000", "profile_sidebar_fill_color": "DDEEF6", "profile_text_color": "333333", "profile_use_background_image": false, "has_extended_profile": false, "default_profile": false, "default_profile_image": false, "following": false, "follow_request_sent": false, "notifications": false, "translator_type": "none"}, "geo": null, "coordinates": null, "place": null, "contributors": null, "is_quote_status": false, "retweet_count": 6, "favorite_count": 5, "favorited": false, "retweeted": false, "possibly_sensitive": false, "lang": "de"}, "is_quote_status": false, "retweet_count": 6, "favorite_count": 0, "favorited": false, "retweeted": false, "possibly_sensitive": false, "lang": "de"}