{"created_at": "Thu Feb 20 09:20:18 +0000 2020", "id": 1230421911609511936, "id_str": "1230421911609511936", "text": "#Coronavirus\u27a1\ufe0ffirst fatalities in #MiddleEast\n(elderly people die in hospital in the holy city of Qom)\n\nhttps://t.co/7JZR25JNI0", "truncated": false, "entities": {"hashtags": [{"text": "Coronavirus", "indices": [0, 12]}, {"text": "MiddleEast", "indices": [34, 45]}], "symbols": [], "user_mentions": [], "urls": [{"url": "https://t.co/7JZR25JNI0", "expanded_url": "https://www.aljazeera.com/news/2020/02/die-coronavirus-iran-fatalities-middle-east-200219171007605.html", "display_url": "aljazeera.com/news/2020/02/d\u2026", "indices": [104, 127]}]}, "metadata": {"iso_language_code": "en", "result_type": "recent"}, "source": "<a href=\"https://mobile.twitter.com\" rel=\"nofollow\">Twitter Web App</a>", "in_reply_to_status_id": null, "in_reply_to_status_id_str": null, "in_reply_to_user_id": null, "in_reply_to_user_id_str": null, "in_reply_to_screen_name": null, "user": {"id": 432647972, "id_str": "432647972", "name": "Julika Brand", "screen_name": "JulikaBrand", "location": "Allg\u00e4u (Bayern)", "description": "No party affiliation!\u27a1\ufe0f\n...maybe I can find the truth by comparing their lies\n( you want the truth - follow the money)", "url": null, "entities": {"description": {"urls": []}}, "protected": false, "followers_count": 2886, "friends_count": 2135, "listed_count": 236, "created_at": "Fri Dec 09 16:39:29 +0000 2011", "favourites_count": 40985, "utc_offset": null, "time_zone": null, "geo_enabled": false, "verified": false, "statuses_count": 49180, "lang": null, "contributors_enabled": false, "is_translator": false, "is_translation_enabled": false, "profile_background_color": "ABB8C2", "profile_background_image_url": "http://abs.twimg.com/images/themes/theme1/bg.png", "profile_background_image_url_https": "https://abs.twimg.com/images/themes/theme1/bg.png", "profile_background_tile": false, "profile_image_url": "http://pbs.twimg.com/profile_images/1069268956408627201/A151cSSl_normal.jpg", "profile_image_url_https": "https://pbs.twimg.com/profile_images/1069268956408627201/A151cSSl_normal.jpg", "profile_banner_url": "https://pbs.twimg.com/profile_banners/432647972/1474205253", "profile_link_color": "1A4D05", "profile_sidebar_border_color": "FFFFFF", "profile_sidebar_fill_color": "DDEEF6", "profile_text_color": "333333", "profile_use_background_image": false, "has_extended_profile": false, "default_profile": false, "default_profile_image": false, "following": false, "follow_request_sent": false, "notifications": false, "translator_type": "regular"}, "geo": null, "coordinates": null, "place": null, "contributors": null, "is_quote_status": false, "retweet_count": 2, "favorite_count": 4, "favorited": false, "retweeted": false, "possibly_sensitive": false, "lang": "en"}