{"created_at": "Fri Feb 21 13:55:20 +0000 2020", "id": 1230853514466922496, "id_str": "1230853514466922496", "text": "RT @SWRAktuellBW: Auf dem Stuttgarter Flughafen ist am Mittag ein Flugzeug mit Passagieren aus der besonders vom #Coronavirus betroffenen P\u2026", "truncated": false, "entities": {"hashtags": [{"text": "Coronavirus", "indices": [113, 125]}], "symbols": [], "user_mentions": [{"screen_name": "SWRAktuellBW", "name": "SWR Aktuell BW", "id": 21102594, "id_str": "21102594", "indices": [3, 16]}], "urls": []}, "metadata": {"iso_language_code": "de", "result_type": "recent"}, "source": "<a href=\"http://twitter.com/download/android\" rel=\"nofollow\">Twitter for Android</a>", "in_reply_to_status_id": null, "in_reply_to_status_id_str": null, "in_reply_to_user_id": null, "in_reply_to_user_id_str": null, "in_reply_to_screen_name": null, "user": {"id": 1225089362288873474, "id_str": "1225089362288873474", "name": "Info on #coronavirus", "screen_name": "AscotBlack", "location": "", "description": "Von Anfang an bem\u00fcht, an die Quelle der Informationen zu gelangen. Haupts\u00e4chlich US-amerikanische Epidemiologen& Wissenschaftsjournalisten. Im Foto: #LiWenliang", "url": "https://t.co/qxtop2v0V4", "entities": {"url": {"urls": [{"url": "https://t.co/qxtop2v0V4", "expanded_url": "https://de.m.wikipedia.org/wiki/Li_Wenliang", "display_url": "de.m.wikipedia.org/wiki/Li_Wenlia\u2026", "indices": [0, 23]}]}, "description": {"urls": []}}, "protected": false, "followers_count": 382, "friends_count": 91, "listed_count": 10, "created_at": "Wed Feb 05 16:10:58 +0000 2020", "favourites_count": 304, "utc_offset": null, "time_zone": null, "geo_enabled": false, "verified": false, "statuses_count": 1145, "lang": null, "contributors_enabled": false, "is_translator": false, "is_translation_enabled": false, "profile_background_color": "F5F8FA", "profile_background_image_url": null, "profile_background_image_url_https": null, "profile_background_tile": false, "profile_image_url": "http://pbs.twimg.com/profile_images/1226315657085583360/bQw3IfJn_normal.jpg", "profile_image_url_https": "https://pbs.twimg.com/profile_images/1226315657085583360/bQw3IfJn_normal.jpg", "profile_link_color": "1DA1F2", "profile_sidebar_border_color": "C0DEED", "profile_sidebar_fill_color": "DDEEF6", "profile_text_color": "333333", "profile_use_background_image": true, "has_extended_profile": false, "default_profile": true, "default_profile_image": false, "following": false, "follow_request_sent": false, "notifications": false, "translator_type": "none"}, "geo": null, "coordinates": null, "place": null, "contributors": null, "retweeted_status": {"created_at": "Fri Feb 21 13:26:14 +0000 2020", "id": 1230846189672767490, "id_str": "1230846189672767490", "text": "Auf dem Stuttgarter Flughafen ist am Mittag ein Flugzeug mit Passagieren aus der besonders vom #Coronavirus betroff\u2026 https://t.co/cbL7iRWuEy", "truncated": true, "entities": {"hashtags": [{"text": "Coronavirus", "indices": [95, 107]}], "symbols": [], "user_mentions": [], "urls": [{"url": "https://t.co/cbL7iRWuEy", "expanded_url": "https://twitter.com/i/web/status/1230846189672767490", "display_url": "twitter.com/i/web/status/1\u2026", "indices": [117, 140]}]}, "metadata": {"iso_language_code": "de", "result_type": "recent"}, "source": "<a href=\"https://mobile.twitter.com\" rel=\"nofollow\">Twitter Web App</a>", "in_reply_to_status_id": null, "in_reply_to_status_id_str": null, "in_reply_to_user_id": null, "in_reply_to_user_id_str": null, "in_reply_to_screen_name": null, "user": {"id": 21102594, "id_str": "21102594", "name": "SWR Aktuell BW", "screen_name": "SWRAktuellBW", "location": "Stuttgart", "description": "Alles Wichtige f\u00fcr Baden-W\u00fcrttemberg. SWR Aktuell. Nachrichten f\u00fcr den S\u00fcdwesten. Impressum https://t.co/jHwQxP7Jyr", "url": "https://t.co/VteliuTer6", "entities": {"url": {"urls": [{"url": "https://t.co/VteliuTer6", "expanded_url": "http://www.SWRAktuell.de/bw", "display_url": "SWRAktuell.de/bw", "indices": [0, 23]}]}, "description": {"urls": [{"url": "https://t.co/jHwQxP7Jyr", "expanded_url": "http://SWR.de/impressum", "display_url": "SWR.de/impressum", "indices": [92, 115]}]}}, "protected": false, "followers_count": 53562, "friends_count": 761, "listed_count": 675, "created_at": "Tue Feb 17 16:25:48 +0000 2009", "favourites_count": 473, "utc_offset": null, "time_zone": null, "geo_enabled": true, "verified": true, "statuses_count": 53728, "lang": null, "contributors_enabled": false, "is_translator": false, "is_translation_enabled": false, "profile_background_color": "FFFFFF", "profile_background_image_url": "http://abs.twimg.com/images/themes/theme1/bg.png", "profile_background_image_url_https": "https://abs.twimg.com/images/themes/theme1/bg.png", "profile_background_tile": false, "profile_image_url": "http://pbs.twimg.com/profile_images/828373722079887361/P9z3Xkz6_normal.jpg", "profile_image_url_https": "https://pbs.twimg.com/profile_images/828373722079887361/P9z3Xkz6_normal.jpg", "profile_banner_url": "https://pbs.twimg.com/profile_banners/21102594/1489064092", "profile_link_color": "003CA7", "profile_sidebar_border_color": "1275C9", "profile_sidebar_fill_color": "BDDDF9", "profile_text_color": "000000", "profile_use_background_image": true, "has_extended_profile": false, "default_profile": false, "default_profile_image": false, "following": false, "follow_request_sent": false, "notifications": false, "translator_type": "none"}, "geo": null, "coordinates": null, "place": null, "contributors": null, "is_quote_status": false, "retweet_count": 6, "favorite_count": 4, "favorited": false, "retweeted": false, "possibly_sensitive": false, "lang": "de"}, "is_quote_status": false, "retweet_count": 6, "favorite_count": 0, "favorited": false, "retweeted": false, "lang": "de"}