{"created_at": "Wed Feb 19 08:25:06 +0000 2020", "id": 1230045632582340609, "id_str": "1230045632582340609", "text": "\u27a1\ufe0f #DAX u. #DowJones im R\u00fcckw\u00e4rtsgang, Asien mit Zugewinnen\n\u27a1\ufe0f Gegen den US-Trend: #Tesla +7,3%\n\u27a1\ufe0f Wegen\u2026 https://t.co/7ttB2v7yqu", "truncated": true, "entities": {"hashtags": [{"text": "DAX", "indices": [3, 7]}, {"text": "DowJones", "indices": [11, 20]}, {"text": "Tesla", "indices": [83, 89]}], "symbols": [], "user_mentions": [], "urls": [{"url": "https://t.co/7ttB2v7yqu", "expanded_url": "https://twitter.com/i/web/status/1230045632582340609", "display_url": "twitter.com/i/web/status/1\u2026", "indices": [106, 129]}]}, "metadata": {"iso_language_code": "de", "result_type": "recent"}, "source": "<a href=\"https://twitter.facelift-cloud.com/\" rel=\"nofollow\">Facelift-Cloud</a>", "in_reply_to_status_id": null, "in_reply_to_status_id_str": null, "in_reply_to_user_id": null, "in_reply_to_user_id_str": null, "in_reply_to_screen_name": null, "user": {"id": 113290254, "id_str": "113290254", "name": "HypoVereinsbank - UniCredit - Deutschland", "screen_name": "HypoVereinsbank", "location": "Munich, Germany", "description": "Offizieller Twitterkanal der HypoVereinsbank - Member of UniCredit. Impressum: https://t.co/18tx8K7hsG", "url": "http://t.co/oNk6Y7rk1o", "entities": {"url": {"urls": [{"url": "http://t.co/oNk6Y7rk1o", "expanded_url": "http://www.hvb.de/", "display_url": "hvb.de", "indices": [0, 22]}]}, "description": {"urls": [{"url": "https://t.co/18tx8K7hsG", "expanded_url": "http://www.hvb.de/impressum", "display_url": "hvb.de/impressum", "indices": [79, 102]}]}}, "protected": false, "followers_count": 4734, "friends_count": 165, "listed_count": 174, "created_at": "Thu Feb 11 08:45:06 +0000 2010", "favourites_count": 521, "utc_offset": null, "time_zone": null, "geo_enabled": true, "verified": true, "statuses_count": 6587, "lang": null, "contributors_enabled": false, "is_translator": false, "is_translation_enabled": false, "profile_background_color": "75D1F3", "profile_background_image_url": "http://abs.twimg.com/images/themes/theme1/bg.png", "profile_background_image_url_https": "https://abs.twimg.com/images/themes/theme1/bg.png", "profile_background_tile": false, "profile_image_url": "http://pbs.twimg.com/profile_images/950681154906095618/sFON4jIk_normal.jpg", "profile_image_url_https": "https://pbs.twimg.com/profile_images/950681154906095618/sFON4jIk_normal.jpg", "profile_banner_url": "https://pbs.twimg.com/profile_banners/113290254/1561971395", "profile_link_color": "E32019", "profile_sidebar_border_color": "FFFFFF", "profile_sidebar_fill_color": "E9E5E3", "profile_text_color": "4B4B4D", "profile_use_background_image": false, "has_extended_profile": false, "default_profile": false, "default_profile_image": false, "following": false, "follow_request_sent": false, "notifications": false, "translator_type": "none"}, "geo": null, "coordinates": null, "place": null, "contributors": null, "is_quote_status": false, "retweet_count": 0, "favorite_count": 0, "favorited": false, "retweeted": false, "possibly_sensitive": false, "lang": "de"}