{"created_at": "Wed Feb 19 10:30:35 +0000 2020", "id": 1230077211262234625, "id_str": "1230077211262234625", "text": "Wuhan whistle blower risks her life exposing China's real motivation behind the Corona Virus; to silence its protes\u2026 https://t.co/DPgoOt80Vf", "truncated": true, "entities": {"hashtags": [], "symbols": [], "user_mentions": [], "urls": [{"url": "https://t.co/DPgoOt80Vf", "expanded_url": "https://twitter.com/i/web/status/1230077211262234625", "display_url": "twitter.com/i/web/status/1\u2026", "indices": [117, 140]}]}, "metadata": {"iso_language_code": "en", "result_type": "recent"}, "source": "<a href=\"https://mobile.twitter.com\" rel=\"nofollow\">Twitter Web App</a>", "in_reply_to_status_id": null, "in_reply_to_status_id_str": null, "in_reply_to_user_id": null, "in_reply_to_user_id_str": null, "in_reply_to_screen_name": null, "user": {"id": 1140363529574395905, "id_str": "1140363529574395905", "name": "Helmut72 \ud83c\udde9\ud83c\uddea", "screen_name": "Helmut722", "location": "Germany Bavaria", "description": "\ud83d\udca5THE STORM IST HERE\ud83d\udca5TrumpSupporter\ud83d\udca5https://t.co/8Ed9SpJHju\ud83d\udca5https://t.co/xOXURXmksx \n\ud83d\udca5AfD\ud83d\udca5shadowbanned\ud83d\udca5\nBeing reported on frequently. Love it ;)))", "url": null, "entities": {"description": {"urls": [{"url": "https://t.co/8Ed9SpJHju", "expanded_url": "http://Qanon.pub", "display_url": "Qanon.pub", "indices": [35, 58]}, {"url": "https://t.co/xOXURXmksx", "expanded_url": "http://gab.com", "display_url": "gab.com", "indices": [59, 82]}]}}, "protected": false, "followers_count": 133, "friends_count": 147, "listed_count": 4, "created_at": "Sun Jun 16 21:00:27 +0000 2019", "favourites_count": 3220, "utc_offset": null, "time_zone": null, "geo_enabled": false, "verified": false, "statuses_count": 4992, "lang": null, "contributors_enabled": false, "is_translator": false, "is_translation_enabled": false, "profile_background_color": "000000", "profile_background_image_url": "http://abs.twimg.com/images/themes/theme1/bg.png", "profile_background_image_url_https": "https://abs.twimg.com/images/themes/theme1/bg.png", "profile_background_tile": false, "profile_image_url": "http://pbs.twimg.com/profile_images/1155822313008455682/LVG06avS_normal.jpg", "profile_image_url_https": "https://pbs.twimg.com/profile_images/1155822313008455682/LVG06avS_normal.jpg", "profile_banner_url": "https://pbs.twimg.com/profile_banners/1140363529574395905/1564406314", "profile_link_color": "FF691F", "profile_sidebar_border_color": "000000", "profile_sidebar_fill_color": "000000", "profile_text_color": "000000", "profile_use_background_image": false, "has_extended_profile": false, "default_profile": false, "default_profile_image": false, "following": false, "follow_request_sent": false, "notifications": false, "translator_type": "none"}, "geo": null, "coordinates": null, "place": null, "contributors": null, "is_quote_status": true, "quoted_status_id": 1230068933039972353, "quoted_status_id_str": "1230068933039972353", "quoted_status": {"created_at": "Wed Feb 19 09:57:41 +0000 2020", "id": 1230068933039972353, "id_str": "1230068933039972353", "text": "Wuhan whistle blower risks her life exposing China's real motivation behind the Corona Virus; to silence its protes\u2026 https://t.co/duenJ8b5ZL", "truncated": true, "entities": {"hashtags": [], "symbols": [], "user_mentions": [], "urls": [{"url": "https://t.co/duenJ8b5ZL", "expanded_url": "https://twitter.com/i/web/status/1230068933039972353", "display_url": "twitter.com/i/web/status/1\u2026", "indices": [117, 140]}]}, "metadata": {"iso_language_code": "en", "result_type": "recent"}, "source": "<a href=\"http://twitter.com/download/android\" rel=\"nofollow\">Twitter for Android</a>", "in_reply_to_status_id": null, "in_reply_to_status_id_str": null, "in_reply_to_user_id": null, "in_reply_to_user_id_str": null, "in_reply_to_screen_name": null, "user": {"id": 3580248555, "id_str": "3580248555", "name": "Deep State Exposed\u00ae", "screen_name": "DeepStateExpose", "location": "North of the Wall", "description": "Jeremy Stone |  Bestselling Author | Conservative | Q Researcher | Trumper |  RT'D by POTUS 10X |World's Foremost Authority On The Deep State |", "url": "https://t.co/BXCYzBa3UA", "entities": {"url": {"urls": [{"url": "https://t.co/BXCYzBa3UA", "expanded_url": "https://www.deepstatebooks.com/", "display_url": "deepstatebooks.com", "indices": [0, 23]}]}, "description": {"urls": []}}, "protected": false, "followers_count": 296772, "friends_count": 308023, "listed_count": 1183, "created_at": "Mon Sep 07 20:12:43 +0000 2015", "favourites_count": 33211, "utc_offset": null, "time_zone": null, "geo_enabled": false, "verified": false, "statuses_count": 53891, "lang": null, "contributors_enabled": false, "is_translator": false, "is_translation_enabled": false, "profile_background_color": "C0DEED", "profile_background_image_url": "http://abs.twimg.com/images/themes/theme1/bg.png", "profile_background_image_url_https": "https://abs.twimg.com/images/themes/theme1/bg.png", "profile_background_tile": false, "profile_image_url": "http://pbs.twimg.com/profile_images/1145000740882178049/ttsvDtD9_normal.jpg", "profile_image_url_https": "https://pbs.twimg.com/profile_images/1145000740882178049/ttsvDtD9_normal.jpg", "profile_banner_url": "https://pbs.twimg.com/profile_banners/3580248555/1577916242", "profile_link_color": "1DA1F2", "profile_sidebar_border_color": "C0DEED", "profile_sidebar_fill_color": "DDEEF6", "profile_text_color": "333333", "profile_use_background_image": true, "has_extended_profile": false, "default_profile": true, "default_profile_image": false, "following": false, "follow_request_sent": false, "notifications": false, "translator_type": "none"}, "geo": null, "coordinates": null, "place": null, "contributors": null, "is_quote_status": false, "retweet_count": 1829, "favorite_count": 2323, "favorited": false, "retweeted": false, "possibly_sensitive": false, "lang": "en"}, "retweet_count": 0, "favorite_count": 0, "favorited": false, "retweeted": false, "possibly_sensitive": false, "lang": "en"}