{"created_at": "Tue Feb 18 19:03:35 +0000 2020", "id": 1229843925357166594, "id_str": "1229843925357166594", "text": "#Beats #TravisScott #coronavirus #internetmoney #metroboomin #juicewrld", "truncated": false, "entities": {"hashtags": [{"text": "Beats", "indices": [0, 6]}, {"text": "TravisScott", "indices": [7, 19]}, {"text": "coronavirus", "indices": [20, 32]}, {"text": "internetmoney", "indices": [33, 47]}, {"text": "metroboomin", "indices": [48, 60]}, {"text": "juicewrld", "indices": [61, 71]}], "symbols": [], "user_mentions": [], "urls": []}, "metadata": {"iso_language_code": "und", "result_type": "recent"}, "source": "<a href=\"http://twitter.com/download/iphone\" rel=\"nofollow\">Twitter for iPhone</a>", "in_reply_to_status_id": 1229843350666305539, "in_reply_to_status_id_str": "1229843350666305539", "in_reply_to_user_id": 845415526407028736, "in_reply_to_user_id_str": "845415526407028736", "in_reply_to_screen_name": "jummmaaa", "user": {"id": 845415526407028736, "id_str": "845415526407028736", "name": "\ud83e\udd2e", "screen_name": "jummmaaa", "location": "M\u00fcnchen, Bayern", "description": "18 \u2022 @ThaaAkiira7", "url": "https://t.co/eCKjo75RX3", "entities": {"url": {"urls": [{"url": "https://t.co/eCKjo75RX3", "expanded_url": "https://soundcloud.com/idontknowusernames", "display_url": "soundcloud.com/idontknowusern\u2026", "indices": [0, 23]}]}, "description": {"urls": []}}, "protected": false, "followers_count": 120, "friends_count": 206, "listed_count": 0, "created_at": "Fri Mar 24 23:22:23 +0000 2017", "favourites_count": 6070, "utc_offset": null, "time_zone": null, "geo_enabled": false, "verified": false, "statuses_count": 1866, "lang": null, "contributors_enabled": false, "is_translator": false, "is_translation_enabled": false, "profile_background_color": "000000", "profile_background_image_url": "http://abs.twimg.com/images/themes/theme1/bg.png", "profile_background_image_url_https": "https://abs.twimg.com/images/themes/theme1/bg.png", "profile_background_tile": false, "profile_image_url": "http://pbs.twimg.com/profile_images/1213965659404554240/lUoiP5lv_normal.jpg", "profile_image_url_https": "https://pbs.twimg.com/profile_images/1213965659404554240/lUoiP5lv_normal.jpg", "profile_link_color": "E81C4F", "profile_sidebar_border_color": "000000", "profile_sidebar_fill_color": "000000", "profile_text_color": "000000", "profile_use_background_image": false, "has_extended_profile": true, "default_profile": false, "default_profile_image": false, "following": false, "follow_request_sent": false, "notifications": false, "translator_type": "none"}, "geo": null, "coordinates": null, "place": null, "contributors": null, "is_quote_status": false, "retweet_count": 0, "favorite_count": 0, "favorited": false, "retweeted": false, "lang": "und"}