{"created_at": "Tue Feb 18 07:11:30 +0000 2020", "id": 1229664722737401857, "id_str": "1229664722737401857", "text": "RT @Thomas_Wilckens: Can #AI speed up a cure for #coronavirus? This Hong Kong start-up opens its resources to global drug firms for free #a\u2026", "truncated": false, "entities": {"hashtags": [{"text": "AI", "indices": [25, 28]}, {"text": "coronavirus", "indices": [49, 61]}], "symbols": [], "user_mentions": [{"screen_name": "Thomas_Wilckens", "name": "Dr. Thomas Wilckens", "id": 2149170848, "id_str": "2149170848", "indices": [3, 19]}], "urls": []}, "metadata": {"iso_language_code": "en", "result_type": "recent"}, "source": "<a href=\"http://twitter.com/download/android\" rel=\"nofollow\">Twitter for Android</a>", "in_reply_to_status_id": null, "in_reply_to_status_id_str": null, "in_reply_to_user_id": null, "in_reply_to_user_id_str": null, "in_reply_to_screen_name": null, "user": {"id": 19898016, "id_str": "19898016", "name": "mita", "screen_name": "anamika13", "location": " UAE", "description": "#Genomics,#PrecisionMedicine, #Healthcare #wellness #lncRNA #epigenetics #meditation #mindfulness #longevity", "url": null, "entities": {"description": {"urls": []}}, "protected": false, "followers_count": 3065, "friends_count": 4998, "listed_count": 434, "created_at": "Mon Feb 02 08:10:43 +0000 2009", "favourites_count": 2869, "utc_offset": null, "time_zone": null, "geo_enabled": true, "verified": false, "statuses_count": 25800, "lang": null, "contributors_enabled": false, "is_translator": false, "is_translation_enabled": false, "profile_background_color": "FFF04D", "profile_background_image_url": "http://abs.twimg.com/images/themes/theme19/bg.gif", "profile_background_image_url_https": "https://abs.twimg.com/images/themes/theme19/bg.gif", "profile_background_tile": false, "profile_image_url": "http://pbs.twimg.com/profile_images/701757938701045760/rulkGEq0_normal.jpg", "profile_image_url_https": "https://pbs.twimg.com/profile_images/701757938701045760/rulkGEq0_normal.jpg", "profile_banner_url": "https://pbs.twimg.com/profile_banners/19898016/1398244554", "profile_link_color": "0099CC", "profile_sidebar_border_color": "FFF8AD", "profile_sidebar_fill_color": "F6FFD1", "profile_text_color": "333333", "profile_use_background_image": true, "has_extended_profile": false, "default_profile": false, "default_profile_image": false, "following": false, "follow_request_sent": false, "notifications": false, "translator_type": "none"}, "geo": null, "coordinates": null, "place": null, "contributors": null, "retweeted_status": {"created_at": "Mon Feb 17 13:56:01 +0000 2020", "id": 1229404136086568968, "id_str": "1229404136086568968", "text": "Can #AI speed up a cure for #coronavirus? This Hong Kong start-up opens its resources to global drug firms for free\u2026 https://t.co/JgBgFJgzW0", "truncated": true, "entities": {"hashtags": [{"text": "AI", "indices": [4, 7]}, {"text": "coronavirus", "indices": [28, 40]}], "symbols": [], "user_mentions": [], "urls": [{"url": "https://t.co/JgBgFJgzW0", "expanded_url": "https://twitter.com/i/web/status/1229404136086568968", "display_url": "twitter.com/i/web/status/1\u2026", "indices": [117, 140]}]}, "metadata": {"iso_language_code": "en", "result_type": "recent"}, "source": "<a href=\"https://buffer.com\" rel=\"nofollow\">Buffer</a>", "in_reply_to_status_id": null, "in_reply_to_status_id_str": null, "in_reply_to_user_id": null, "in_reply_to_user_id_str": null, "in_reply_to_screen_name": null, "user": {"id": 2149170848, "id_str": "2149170848", "name": "Dr. Thomas Wilckens", "screen_name": "Thomas_Wilckens", "location": "M\u00fcnchen, Bayern", "description": "MD #PrecisionMedicine leader: Changing the way we diagnose, treat and eventually prevent disease #Innovation #Healthcare #Medicine #MachineLearning #AI #omics", "url": "https://t.co/fdEZnKdoBW", "entities": {"url": {"urls": [{"url": "https://t.co/fdEZnKdoBW", "expanded_url": "https://www.linkedin.com/in/thomas-wilckens-%E6%89%98%E9%A6%AC%E6%96%AF-6a772b6/", "display_url": "linkedin.com/in/thomas-wilc\u2026", "indices": [0, 23]}]}, "description": {"urls": []}}, "protected": false, "followers_count": 3214, "friends_count": 2845, "listed_count": 443, "created_at": "Tue Oct 22 14:46:04 +0000 2013", "favourites_count": 6588, "utc_offset": null, "time_zone": null, "geo_enabled": false, "verified": false, "statuses_count": 31177, "lang": null, "contributors_enabled": false, "is_translator": false, "is_translation_enabled": false, "profile_background_color": "C0DEED", "profile_background_image_url": "http://abs.twimg.com/images/themes/theme1/bg.png", "profile_background_image_url_https": "https://abs.twimg.com/images/themes/theme1/bg.png", "profile_background_tile": false, "profile_image_url": "http://pbs.twimg.com/profile_images/1197085548021796866/iLUQjrHs_normal.jpg", "profile_image_url_https": "https://pbs.twimg.com/profile_images/1197085548021796866/iLUQjrHs_normal.jpg", "profile_banner_url": "https://pbs.twimg.com/profile_banners/2149170848/1420367013", "profile_link_color": "B30057", "profile_sidebar_border_color": "C0DEED", "profile_sidebar_fill_color": "DDEEF6", "profile_text_color": "333333", "profile_use_background_image": true, "has_extended_profile": false, "default_profile": false, "default_profile_image": false, "following": false, "follow_request_sent": false, "notifications": false, "translator_type": "none"}, "geo": null, "coordinates": null, "place": null, "contributors": null, "is_quote_status": false, "retweet_count": 3, "favorite_count": 4, "favorited": false, "retweeted": false, "possibly_sensitive": false, "lang": "en"}, "is_quote_status": false, "retweet_count": 3, "favorite_count": 0, "favorited": false, "retweeted": false, "lang": "en"}