{"created_at": "Tue Feb 18 04:19:36 +0000 2020", "id": 1229621461263900674, "id_str": "1229621461263900674", "text": "#China #cronavirus\nhttps://t.co/9dtNAJU3Wf", "truncated": false, "entities": {"hashtags": [{"text": "China", "indices": [0, 6]}, {"text": "cronavirus", "indices": [7, 18]}], "symbols": [], "user_mentions": [], "urls": [{"url": "https://t.co/9dtNAJU3Wf", "expanded_url": "http://www.haber7.com/dunya/haber/2944406-asya-devi-eriyor-140-milyar-dolar-zarar", "display_url": "haber7.com/dunya/haber/29\u2026", "indices": [19, 42]}]}, "metadata": {"iso_language_code": "und", "result_type": "recent"}, "source": "<a href=\"http://twitter.com/download/android\" rel=\"nofollow\">Twitter for Android</a>", "in_reply_to_status_id": null, "in_reply_to_status_id_str": null, "in_reply_to_user_id": null, "in_reply_to_user_id_str": null, "in_reply_to_screen_name": null, "user": {"id": 1205428280888905728, "id_str": "1205428280888905728", "name": "M.HAMZA EYMEN", "screen_name": "HamzaME13", "location": "M\u00fcnchen, Bayern", "description": "Politikwissenschaft-Siyaset bilimi\nBERlin*\u0130STanbul**T(S)Rabzon", "url": null, "entities": {"description": {"urls": []}}, "protected": false, "followers_count": 1146, "friends_count": 1236, "listed_count": 1, "created_at": "Fri Dec 13 10:04:47 +0000 2019", "favourites_count": 4980, "utc_offset": null, "time_zone": null, "geo_enabled": false, "verified": false, "statuses_count": 10421, "lang": null, "contributors_enabled": false, "is_translator": false, "is_translation_enabled": false, "profile_background_color": "F5F8FA", "profile_background_image_url": null, "profile_background_image_url_https": null, "profile_background_tile": false, "profile_image_url": "http://pbs.twimg.com/profile_images/1206242512656109568/RVpcIHxE_normal.jpg", "profile_image_url_https": "https://pbs.twimg.com/profile_images/1206242512656109568/RVpcIHxE_normal.jpg", "profile_banner_url": "https://pbs.twimg.com/profile_banners/1205428280888905728/1576231889", "profile_link_color": "1DA1F2", "profile_sidebar_border_color": "C0DEED", "profile_sidebar_fill_color": "DDEEF6", "profile_text_color": "333333", "profile_use_background_image": true, "has_extended_profile": false, "default_profile": true, "default_profile_image": false, "following": false, "follow_request_sent": false, "notifications": false, "translator_type": "none"}, "geo": null, "coordinates": null, "place": null, "contributors": null, "is_quote_status": false, "retweet_count": 0, "favorite_count": 0, "favorited": false, "retweeted": false, "possibly_sensitive": false, "lang": "und"}