{"created_at": "Thu Feb 20 00:01:42 +0000 2020", "id": 1230281335127920642, "id_str": "1230281335127920642", "text": "RT @mride80336: Erste Pressekonferenz des Bayerischen Gesundheitsministeriums zum #Coronavirus am 28.1.2020.\nNiemand weiss etwas \u00fcber #COVI\u2026", "truncated": false, "entities": {"hashtags": [{"text": "Coronavirus", "indices": [82, 94]}], "symbols": [], "user_mentions": [{"screen_name": "mride80336", "name": "Martin Richter", "id": 357072283, "id_str": "357072283", "indices": [3, 14]}], "urls": []}, "metadata": {"iso_language_code": "de", "result_type": "recent"}, "source": "<a href=\"http://twitter.com/download/iphone\" rel=\"nofollow\">Twitter for iPhone</a>", "in_reply_to_status_id": null, "in_reply_to_status_id_str": null, "in_reply_to_user_id": null, "in_reply_to_user_id_str": null, "in_reply_to_screen_name": null, "user": {"id": 1056879457791864837, "id_str": "1056879457791864837", "name": "Habeck_is_back_on_Twatter", "screen_name": "MerzFriederich", "location": "Deutschland", "description": "Ich hab\u2019s mir anders \u00fcberlegt: neues Profil, neues Image, Robert J. Habeck - - B\u00fcrgerdialog-Tool - #Gr\u00fcne #DieGr\u00fcnen", "url": "https://t.co/zc01qoz3M1", "entities": {"url": {"urls": [{"url": "https://t.co/zc01qoz3M1", "expanded_url": "https://m.youtube.com/watch?v=y8cp1KvZKPo", "display_url": "m.youtube.com/watch?v=y8cp1K\u2026", "indices": [0, 23]}]}, "description": {"urls": []}}, "protected": false, "followers_count": 268, "friends_count": 689, "listed_count": 0, "created_at": "Mon Oct 29 12:04:33 +0000 2018", "favourites_count": 2003, "utc_offset": null, "time_zone": null, "geo_enabled": false, "verified": false, "statuses_count": 4369, "lang": null, "contributors_enabled": false, "is_translator": false, "is_translation_enabled": false, "profile_background_color": "F5F8FA", "profile_background_image_url": null, "profile_background_image_url_https": null, "profile_background_tile": false, "profile_image_url": "http://pbs.twimg.com/profile_images/1117061106491588609/kKalQNMB_normal.jpg", "profile_image_url_https": "https://pbs.twimg.com/profile_images/1117061106491588609/kKalQNMB_normal.jpg", "profile_banner_url": "https://pbs.twimg.com/profile_banners/1056879457791864837/1541001095", "profile_link_color": "1DA1F2", "profile_sidebar_border_color": "C0DEED", "profile_sidebar_fill_color": "DDEEF6", "profile_text_color": "333333", "profile_use_background_image": true, "has_extended_profile": true, "default_profile": true, "default_profile_image": false, "following": false, "follow_request_sent": false, "notifications": false, "translator_type": "none"}, "geo": null, "coordinates": null, "place": null, "contributors": null, "retweeted_status": {"created_at": "Wed Feb 19 19:41:05 +0000 2020", "id": 1230215748804644867, "id_str": "1230215748804644867", "text": "Erste Pressekonferenz des Bayerischen Gesundheitsministeriums zum #Coronavirus am 28.1.2020.\nNiemand weiss etwas \u00fcb\u2026 https://t.co/GaCMPa7VRx", "truncated": true, "entities": {"hashtags": [{"text": "Coronavirus", "indices": [66, 78]}], "symbols": [], "user_mentions": [], "urls": [{"url": "https://t.co/GaCMPa7VRx", "expanded_url": "https://twitter.com/i/web/status/1230215748804644867", "display_url": "twitter.com/i/web/status/1\u2026", "indices": [117, 140]}]}, "metadata": {"iso_language_code": "de", "result_type": "recent"}, "source": "<a href=\"https://mobile.twitter.com\" rel=\"nofollow\">Twitter Web App</a>", "in_reply_to_status_id": null, "in_reply_to_status_id_str": null, "in_reply_to_user_id": null, "in_reply_to_user_id_str": null, "in_reply_to_screen_name": null, "user": {"id": 357072283, "id_str": "357072283", "name": "Martin Richter", "screen_name": "mride80336", "location": "M\u00fcnchen, Bayern", "description": "Interessiert an Forschung | Medien | Deutschland, Europa, Welt | Politik, Sozial- und Umweltfragen | Selbst: Informatiker und Projektplaner", "url": null, "entities": {"description": {"urls": []}}, "protected": false, "followers_count": 63, "friends_count": 60, "listed_count": 0, "created_at": "Wed Aug 17 20:11:43 +0000 2011", "favourites_count": 55, "utc_offset": null, "time_zone": null, "geo_enabled": true, "verified": false, "statuses_count": 257, "lang": null, "contributors_enabled": false, "is_translator": false, "is_translation_enabled": false, "profile_background_color": "C0DEED", "profile_background_image_url": "http://abs.twimg.com/images/themes/theme1/bg.png", "profile_background_image_url_https": "https://abs.twimg.com/images/themes/theme1/bg.png", "profile_background_tile": false, "profile_image_url": "http://pbs.twimg.com/profile_images/1223850047168819200/JPLX4UnS_normal.jpg", "profile_image_url_https": "https://pbs.twimg.com/profile_images/1223850047168819200/JPLX4UnS_normal.jpg", "profile_banner_url": "https://pbs.twimg.com/profile_banners/357072283/1582111833", "profile_link_color": "1DA1F2", "profile_sidebar_border_color": "C0DEED", "profile_sidebar_fill_color": "DDEEF6", "profile_text_color": "333333", "profile_use_background_image": true, "has_extended_profile": true, "default_profile": true, "default_profile_image": false, "following": false, "follow_request_sent": false, "notifications": false, "translator_type": "none"}, "geo": null, "coordinates": null, "place": null, "contributors": null, "is_quote_status": false, "retweet_count": 2, "favorite_count": 7, "favorited": false, "retweeted": false, "possibly_sensitive": false, "lang": "de"}, "is_quote_status": false, "retweet_count": 2, "favorite_count": 0, "favorited": false, "retweeted": false, "lang": "de"}