{"created_at": "Wed Feb 19 06:29:17 +0000 2020", "id": 1230016486045081600, "id_str": "1230016486045081600", "text": "RT @mvollmer1: #coronavirus outbreak leads to supply shortages for #Apple\n\nApple does not expect to meet the revenue guidance as a result o\u2026", "truncated": false, "entities": {"hashtags": [{"text": "coronavirus", "indices": [15, 27]}, {"text": "Apple", "indices": [67, 73]}], "symbols": [], "user_mentions": [{"screen_name": "mvollmer1", "name": "Dr. Marcell Vollmer", "id": 99674560, "id_str": "99674560", "indices": [3, 13]}], "urls": []}, "metadata": {"iso_language_code": "en", "result_type": "recent"}, "source": "<a href=\"https://mobile.twitter.com\" rel=\"nofollow\">Twitter Web App</a>", "in_reply_to_status_id": null, "in_reply_to_status_id_str": null, "in_reply_to_user_id": null, "in_reply_to_user_id_str": null, "in_reply_to_screen_name": null, "user": {"id": 283637021, "id_str": "283637021", "name": "\ud83d\udc9a Gabriela C.", "screen_name": "czoco", "location": "In the middle of somewhere. !", "description": "", "url": null, "entities": {"description": {"urls": []}}, "protected": false, "followers_count": 1579, "friends_count": 2491, "listed_count": 5, "created_at": "Sun Apr 17 18:05:08 +0000 2011", "favourites_count": 31357, "utc_offset": null, "time_zone": null, "geo_enabled": true, "verified": false, "statuses_count": 28895, "lang": null, "contributors_enabled": false, "is_translator": false, "is_translation_enabled": false, "profile_background_color": "89C9FA", "profile_background_image_url": "http://abs.twimg.com/images/themes/theme18/bg.gif", "profile_background_image_url_https": "https://abs.twimg.com/images/themes/theme18/bg.gif", "profile_background_tile": false, "profile_image_url": "http://pbs.twimg.com/profile_images/1203376470237831169/nqgQW6DE_normal.jpg", "profile_image_url_https": "https://pbs.twimg.com/profile_images/1203376470237831169/nqgQW6DE_normal.jpg", "profile_banner_url": "https://pbs.twimg.com/profile_banners/283637021/1577953514", "profile_link_color": "000000", "profile_sidebar_border_color": "DFDFDF", "profile_sidebar_fill_color": "F3F3F3", "profile_text_color": "333333", "profile_use_background_image": true, "has_extended_profile": true, "default_profile": false, "default_profile_image": false, "following": false, "follow_request_sent": false, "notifications": false, "translator_type": "none"}, "geo": null, "coordinates": null, "place": null, "contributors": null, "retweeted_status": {"created_at": "Wed Feb 19 06:23:34 +0000 2020", "id": 1230015045981155328, "id_str": "1230015045981155328", "text": "#coronavirus outbreak leads to supply shortages for #Apple\n\nApple does not expect to meet the revenue guidance as a\u2026 https://t.co/pPtTzEIQHh", "truncated": true, "entities": {"hashtags": [{"text": "coronavirus", "indices": [0, 12]}, {"text": "Apple", "indices": [52, 58]}], "symbols": [], "user_mentions": [], "urls": [{"url": "https://t.co/pPtTzEIQHh", "expanded_url": "https://twitter.com/i/web/status/1230015045981155328", "display_url": "twitter.com/i/web/status/1\u2026", "indices": [117, 140]}]}, "metadata": {"iso_language_code": "en", "result_type": "recent"}, "source": "<a href=\"http://twitter.com/#!/download/ipad\" rel=\"nofollow\">Twitter for iPad</a>", "in_reply_to_status_id": null, "in_reply_to_status_id_str": null, "in_reply_to_user_id": null, "in_reply_to_user_id_str": null, "in_reply_to_screen_name": null, "user": {"id": 99674560, "id_str": "99674560", "name": "Dr. Marcell Vollmer", "screen_name": "mvollmer1", "location": "Munich, Bavaria", "description": "Chief Innovation Officer @Celonis. Passionate about life & coffee. PhD & MBA in Economics. Social Media enthusiast and curious to continuously learn & grow", "url": "https://t.co/EsPFMBdrDN", "entities": {"url": {"urls": [{"url": "https://t.co/EsPFMBdrDN", "expanded_url": "https://www.linkedin.com/in/marcellvollmer/", "display_url": "linkedin.com/in/marcellvoll\u2026", "indices": [0, 23]}]}, "description": {"urls": []}}, "protected": false, "followers_count": 49255, "friends_count": 45474, "listed_count": 581, "created_at": "Sun Dec 27 09:07:18 +0000 2009", "favourites_count": 201062, "utc_offset": null, "time_zone": null, "geo_enabled": true, "verified": false, "statuses_count": 80147, "lang": null, "contributors_enabled": false, "is_translator": false, "is_translation_enabled": false, "profile_background_color": "C0DEED", "profile_background_image_url": "http://abs.twimg.com/images/themes/theme1/bg.png", "profile_background_image_url_https": "https://abs.twimg.com/images/themes/theme1/bg.png", "profile_background_tile": false, "profile_image_url": "http://pbs.twimg.com/profile_images/735212931940552704/83zOt4k5_normal.jpg", "profile_image_url_https": "https://pbs.twimg.com/profile_images/735212931940552704/83zOt4k5_normal.jpg", "profile_banner_url": "https://pbs.twimg.com/profile_banners/99674560/1486476950", "profile_link_color": "1DA1F2", "profile_sidebar_border_color": "C0DEED", "profile_sidebar_fill_color": "DDEEF6", "profile_text_color": "333333", "profile_use_background_image": true, "has_extended_profile": true, "default_profile": true, "default_profile_image": false, "following": false, "follow_request_sent": false, "notifications": false, "translator_type": "none"}, "geo": null, "coordinates": null, "place": null, "contributors": null, "is_quote_status": false, "retweet_count": 13, "favorite_count": 21, "favorited": false, "retweeted": false, "possibly_sensitive": false, "lang": "en"}, "is_quote_status": false, "retweet_count": 13, "favorite_count": 0, "favorited": false, "retweeted": false, "lang": "en"}