{"created_at": "Tue Feb 18 13:54:30 +0000 2020", "id": 1229766140953579520, "id_str": "1229766140953579520", "text": "RT @SZ_TopNews: In China scheint die Zahl der Neuerkrankungen von #Covid19 schon seit l\u00e4ngerem zu sinken. Doch Experten warnen vor voreilig\u2026", "truncated": false, "entities": {"hashtags": [{"text": "Covid19", "indices": [66, 74]}], "symbols": [], "user_mentions": [{"screen_name": "SZ_TopNews", "name": "SZ Top-News", "id": 17803524, "id_str": "17803524", "indices": [3, 14]}], "urls": []}, "metadata": {"iso_language_code": "de", "result_type": "recent"}, "source": "<a href=\"https://mobile.twitter.com\" rel=\"nofollow\">Twitter Web App</a>", "in_reply_to_status_id": null, "in_reply_to_status_id_str": null, "in_reply_to_user_id": null, "in_reply_to_user_id_str": null, "in_reply_to_screen_name": null, "user": {"id": 153992051, "id_str": "153992051", "name": "Mansur Arshama", "screen_name": "Arshama3", "location": "Germany", "description": "Secular Green Movement supporter. For a free Iran! ma bishomarim V V V", "url": "http://t.co/riwnVo7KdP", "entities": {"url": {"urls": [{"url": "http://t.co/riwnVo7KdP", "expanded_url": "http://arshama3.wordpress.com/", "display_url": "arshama3.wordpress.com", "indices": [0, 22]}]}, "description": {"urls": []}}, "protected": false, "followers_count": 1681, "friends_count": 694, "listed_count": 73, "created_at": "Thu Jun 10 02:46:31 +0000 2010", "favourites_count": 6574, "utc_offset": null, "time_zone": null, "geo_enabled": false, "verified": false, "statuses_count": 54633, "lang": null, "contributors_enabled": false, "is_translator": false, "is_translation_enabled": false, "profile_background_color": "C0DEED", "profile_background_image_url": "http://abs.twimg.com/images/themes/theme1/bg.png", "profile_background_image_url_https": "https://abs.twimg.com/images/themes/theme1/bg.png", "profile_background_tile": false, "profile_image_url": "http://pbs.twimg.com/profile_images/976714939/Iran-Freedom-logo1_normal.jpg", "profile_image_url_https": "https://pbs.twimg.com/profile_images/976714939/Iran-Freedom-logo1_normal.jpg", "profile_banner_url": "https://pbs.twimg.com/profile_banners/153992051/1413477020", "profile_link_color": "0084B4", "profile_sidebar_border_color": "C0DEED", "profile_sidebar_fill_color": "DDEEF6", "profile_text_color": "333333", "profile_use_background_image": true, "has_extended_profile": false, "default_profile": false, "default_profile_image": false, "following": false, "follow_request_sent": false, "notifications": false, "translator_type": "none"}, "geo": null, "coordinates": null, "place": null, "contributors": null, "retweeted_status": {"created_at": "Tue Feb 18 13:51:36 +0000 2020", "id": 1229765410561708034, "id_str": "1229765410561708034", "text": "In China scheint die Zahl der Neuerkrankungen von #Covid19 schon seit l\u00e4ngerem zu sinken. Doch Experten warnen vor\u2026 https://t.co/iyiJlVcY8d", "truncated": true, "entities": {"hashtags": [{"text": "Covid19", "indices": [50, 58]}], "symbols": [], "user_mentions": [], "urls": [{"url": "https://t.co/iyiJlVcY8d", "expanded_url": "https://twitter.com/i/web/status/1229765410561708034", "display_url": "twitter.com/i/web/status/1\u2026", "indices": [116, 139]}]}, "metadata": {"iso_language_code": "de", "result_type": "recent"}, "source": "<a href=\"http://www.sueddeutsche.de/\" rel=\"nofollow\">SZ.de Twitterbot - Topthemen</a>", "in_reply_to_status_id": null, "in_reply_to_status_id_str": null, "in_reply_to_user_id": null, "in_reply_to_user_id_str": null, "in_reply_to_screen_name": null, "user": {"id": 17803524, "id_str": "17803524", "name": "SZ Top-News", "screen_name": "SZ_TopNews", "location": "M\u00fcnchen", "description": "Alle Top-Themen von S\u00fcddeutsche.de\r\n\r\nImpressum: http://t.co/Jh8GYzR1nn", "url": "http://t.co/BJF8degO13", "entities": {"url": {"urls": [{"url": "http://t.co/BJF8degO13", "expanded_url": "http://sz.de/", "display_url": "sz.de", "indices": [0, 22]}]}, "description": {"urls": [{"url": "http://t.co/Jh8GYzR1nn", "expanded_url": "http://sz.de/impressum", "display_url": "sz.de/impressum", "indices": [49, 71]}]}}, "protected": false, "followers_count": 221655, "friends_count": 82, "listed_count": 3384, "created_at": "Tue Dec 02 08:48:47 +0000 2008", "favourites_count": 9, "utc_offset": null, "time_zone": null, "geo_enabled": false, "verified": true, "statuses_count": 175948, "lang": null, "contributors_enabled": false, "is_translator": false, "is_translation_enabled": false, "profile_background_color": "FFFFFF", "profile_background_image_url": "http://abs.twimg.com/images/themes/theme1/bg.png", "profile_background_image_url_https": "https://abs.twimg.com/images/themes/theme1/bg.png", "profile_background_tile": false, "profile_image_url": "http://pbs.twimg.com/profile_images/655020120121712640/WcX4aKls_normal.png", "profile_image_url_https": "https://pbs.twimg.com/profile_images/655020120121712640/WcX4aKls_normal.png", "profile_banner_url": "https://pbs.twimg.com/profile_banners/17803524/1402902733", "profile_link_color": "333333", "profile_sidebar_border_color": "FFFFFF", "profile_sidebar_fill_color": "F1F3F4", "profile_text_color": "576266", "profile_use_background_image": false, "has_extended_profile": false, "default_profile": false, "default_profile_image": false, "following": false, "follow_request_sent": false, "notifications": false, "translator_type": "none"}, "geo": null, "coordinates": null, "place": null, "contributors": null, "is_quote_status": false, "retweet_count": 1, "favorite_count": 2, "favorited": false, "retweeted": false, "possibly_sensitive": false, "lang": "de"}, "is_quote_status": false, "retweet_count": 1, "favorite_count": 0, "favorited": false, "retweeted": false, "lang": "de"}