{"created_at": "Tue Feb 18 03:39:33 +0000 2020", "id": 1229611382364131329, "id_str": "1229611382364131329", "text": "Das #Coronavirus sorge f\u00fcr Lieferengp\u00e4sse bei iPhones, sagt #Apple und verabschiedet sich deshalb von seiner Umsatz\u2026 https://t.co/GczE9qX3gd", "truncated": true, "entities": {"hashtags": [{"text": "Coronavirus", "indices": [4, 16]}, {"text": "Apple", "indices": [60, 66]}], "symbols": [], "user_mentions": [], "urls": [{"url": "https://t.co/GczE9qX3gd", "expanded_url": "https://twitter.com/i/web/status/1229611382364131329", "display_url": "twitter.com/i/web/status/1\u2026", "indices": [117, 140]}]}, "metadata": {"iso_language_code": "de", "result_type": "recent"}, "source": "<a href=\"http://www.sueddeutsche.de/wirtschaft\" rel=\"nofollow\">SZ.de Twitterbot - Wirtschaft</a>", "in_reply_to_status_id": null, "in_reply_to_status_id_str": null, "in_reply_to_user_id": null, "in_reply_to_user_id_str": null, "in_reply_to_screen_name": null, "user": {"id": 19762728, "id_str": "19762728", "name": "SZ Wirtschaft", "screen_name": "SZ_Wirtschaft", "location": "M\u00fcnchen", "description": "Impressum: https://t.co/Jh8GYzQtxP", "url": "http://t.co/rj24EZGrRg", "entities": {"url": {"urls": [{"url": "http://t.co/rj24EZGrRg", "expanded_url": "http://www.sz.de/wirtschaft/", "display_url": "sz.de/wirtschaft/", "indices": [0, 22]}]}, "description": {"urls": [{"url": "https://t.co/Jh8GYzQtxP", "expanded_url": "http://sz.de/impressum", "display_url": "sz.de/impressum", "indices": [11, 34]}]}}, "protected": false, "followers_count": 88121, "friends_count": 46, "listed_count": 816, "created_at": "Fri Jan 30 10:57:09 +0000 2009", "favourites_count": 28, "utc_offset": null, "time_zone": null, "geo_enabled": true, "verified": false, "statuses_count": 29375, "lang": null, "contributors_enabled": false, "is_translator": false, "is_translation_enabled": false, "profile_background_color": "F2F2F2", "profile_background_image_url": "http://abs.twimg.com/images/themes/theme1/bg.png", "profile_background_image_url_https": "https://abs.twimg.com/images/themes/theme1/bg.png", "profile_background_tile": false, "profile_image_url": "http://pbs.twimg.com/profile_images/654959475678453760/6zPY0kQu_normal.png", "profile_image_url_https": "https://pbs.twimg.com/profile_images/654959475678453760/6zPY0kQu_normal.png", "profile_link_color": "009999", "profile_sidebar_border_color": "FFFFFF", "profile_sidebar_fill_color": "F2F2F2", "profile_text_color": "333333", "profile_use_background_image": false, "has_extended_profile": false, "default_profile": false, "default_profile_image": false, "following": false, "follow_request_sent": false, "notifications": false, "translator_type": "none"}, "geo": null, "coordinates": null, "place": null, "contributors": null, "is_quote_status": false, "retweet_count": 0, "favorite_count": 1, "favorited": false, "retweeted": false, "possibly_sensitive": false, "lang": "de"}