{"created_at": "Thu Feb 20 08:43:56 +0000 2020", "id": 1230412757595566080, "id_str": "1230412757595566080", "text": "\u201eDie Anlieferung von Rohmaterialien und der Abtransport fertiger Waren gestalten sich momentan ziemlich schwierig\u201c,\u2026 https://t.co/1U7GCRFISh", "truncated": true, "entities": {"hashtags": [], "symbols": [], "user_mentions": [], "urls": [{"url": "https://t.co/1U7GCRFISh", "expanded_url": "https://twitter.com/i/web/status/1230412757595566080", "display_url": "twitter.com/i/web/status/1\u2026", "indices": [117, 140]}]}, "metadata": {"iso_language_code": "de", "result_type": "recent"}, "source": "<a href=\"https://mobile.twitter.com\" rel=\"nofollow\">Twitter Web App</a>", "in_reply_to_status_id": null, "in_reply_to_status_id_str": null, "in_reply_to_user_id": null, "in_reply_to_user_id_str": null, "in_reply_to_screen_name": null, "user": {"id": 68933252, "id_str": "68933252", "name": "IHK Reutlingen", "screen_name": "IHK_Reutlingen", "location": "Reutlingen", "description": "Die #IHK Reutlingen vertritt die Interessen der #Unternehmen in den Landkreisen #Reutlingen, #T\u00fcbingen und #Zollernalb. Impressum: https://t.co/gSpHp7WICj", "url": "https://t.co/tCHfryoDsm", "entities": {"url": {"urls": [{"url": "https://t.co/tCHfryoDsm", "expanded_url": "http://www.ihkrt.de/datenschutz", "display_url": "ihkrt.de/datenschutz", "indices": [0, 23]}]}, "description": {"urls": [{"url": "https://t.co/gSpHp7WICj", "expanded_url": "http://tinyurl.com/zk2k6ho", "display_url": "tinyurl.com/zk2k6ho", "indices": [131, 154]}]}}, "protected": false, "followers_count": 2524, "friends_count": 340, "listed_count": 95, "created_at": "Wed Aug 26 08:37:17 +0000 2009", "favourites_count": 1604, "utc_offset": null, "time_zone": null, "geo_enabled": false, "verified": false, "statuses_count": 3515, "lang": null, "contributors_enabled": false, "is_translator": false, "is_translation_enabled": false, "profile_background_color": "7F8B9C", "profile_background_image_url": "http://abs.twimg.com/images/themes/theme1/bg.png", "profile_background_image_url_https": "https://abs.twimg.com/images/themes/theme1/bg.png", "profile_background_tile": true, "profile_image_url": "http://pbs.twimg.com/profile_images/918821114851323904/TwQf2sql_normal.jpg", "profile_image_url_https": "https://pbs.twimg.com/profile_images/918821114851323904/TwQf2sql_normal.jpg", "profile_banner_url": "https://pbs.twimg.com/profile_banners/68933252/1555588999", "profile_link_color": "1B95E0", "profile_sidebar_border_color": "7F8B9C", "profile_sidebar_fill_color": "DFE4FA", "profile_text_color": "333333", "profile_use_background_image": true, "has_extended_profile": false, "default_profile": false, "default_profile_image": false, "following": false, "follow_request_sent": false, "notifications": false, "translator_type": "none"}, "geo": null, "coordinates": null, "place": null, "contributors": null, "is_quote_status": false, "retweet_count": 1, "favorite_count": 0, "favorited": false, "retweeted": false, "possibly_sensitive": false, "lang": "de"}