{"created_at": "Thu Feb 20 12:16:00 +0000 2020", "id": 1230466126867566593, "id_str": "1230466126867566593", "text": "Anhaltende #Handelskonflikte, Ungewissheit durch #Brexit und #Coronavirus: Viele regionale Unternehmen k\u00e4mpfen derz\u2026 https://t.co/HWzMV993zZ", "truncated": true, "entities": {"hashtags": [{"text": "Handelskonflikte", "indices": [11, 28]}, {"text": "Brexit", "indices": [49, 56]}, {"text": "Coronavirus", "indices": [61, 73]}], "symbols": [], "user_mentions": [], "urls": [{"url": "https://t.co/HWzMV993zZ", "expanded_url": "https://twitter.com/i/web/status/1230466126867566593", "display_url": "twitter.com/i/web/status/1\u2026", "indices": [117, 140]}]}, "metadata": {"iso_language_code": "de", "result_type": "recent"}, "source": "<a href=\"http://twitter.com\" rel=\"nofollow\">Twitter Web Client</a>", "in_reply_to_status_id": null, "in_reply_to_status_id_str": null, "in_reply_to_user_id": null, "in_reply_to_user_id_str": null, "in_reply_to_screen_name": null, "user": {"id": 80872601, "id_str": "80872601", "name": "IHK HeilbronnFranken", "screen_name": "IHK_Heilbronn", "location": "Heilbronn, Baden-W\u00fcrttemberg", "description": "Hier tweetet die IHK Heilbronn-Franken. Wir vertreten die Interessen von 72.000 Unternehmen in der Region Heilbronn-Franken | Impressum: https://t.co/jj8OuhyY3l", "url": "https://t.co/q8QqNX84q8", "entities": {"url": {"urls": [{"url": "https://t.co/q8QqNX84q8", "expanded_url": "http://www.heilbronn.ihk.de/datenschutz", "display_url": "heilbronn.ihk.de/datenschutz", "indices": [0, 23]}]}, "description": {"urls": [{"url": "https://t.co/jj8OuhyY3l", "expanded_url": "http://bit.ly/SqX4YE", "display_url": "bit.ly/SqX4YE", "indices": [137, 160]}]}}, "protected": false, "followers_count": 2018, "friends_count": 92, "listed_count": 73, "created_at": "Thu Oct 08 15:27:50 +0000 2009", "favourites_count": 48, "utc_offset": null, "time_zone": null, "geo_enabled": false, "verified": false, "statuses_count": 1829, "lang": null, "contributors_enabled": false, "is_translator": false, "is_translation_enabled": false, "profile_background_color": "003566", "profile_background_image_url": "http://abs.twimg.com/images/themes/theme14/bg.gif", "profile_background_image_url_https": "https://abs.twimg.com/images/themes/theme14/bg.gif", "profile_background_tile": false, "profile_image_url": "http://pbs.twimg.com/profile_images/907515274731147264/3u4IxJwI_normal.jpg", "profile_image_url_https": "https://pbs.twimg.com/profile_images/907515274731147264/3u4IxJwI_normal.jpg", "profile_banner_url": "https://pbs.twimg.com/profile_banners/80872601/1466763000", "profile_link_color": "004379", "profile_sidebar_border_color": "E1E6EC", "profile_sidebar_fill_color": "E1E6EC", "profile_text_color": "58585A", "profile_use_background_image": true, "has_extended_profile": false, "default_profile": false, "default_profile_image": false, "following": false, "follow_request_sent": false, "notifications": false, "translator_type": "none"}, "geo": null, "coordinates": null, "place": null, "contributors": null, "is_quote_status": false, "retweet_count": 0, "favorite_count": 0, "favorited": false, "retweeted": false, "possibly_sensitive": false, "lang": "de"}