{"created_at": "Thu Feb 20 15:47:27 +0000 2020", "id": 1230519340363067393, "id_str": "1230519340363067393", "text": "RT @WebastoGroup: Four #Webasto employees discharged from hospital after #coronavirus. Read more here:", "truncated": false, "entities": {"hashtags": [{"text": "Webasto", "indices": [23, 31]}, {"text": "coronavirus", "indices": [73, 85]}], "symbols": [], "user_mentions": [{"screen_name": "WebastoGroup", "name": "Webasto Group", "id": 902928818452738048, "id_str": "902928818452738048", "indices": [3, 16]}], "urls": []}, "metadata": {"iso_language_code": "en", "result_type": "recent"}, "source": "<a href=\"http://twitter.com/download/iphone\" rel=\"nofollow\">Twitter for iPhone</a>", "in_reply_to_status_id": null, "in_reply_to_status_id_str": null, "in_reply_to_user_id": null, "in_reply_to_user_id_str": null, "in_reply_to_screen_name": null, "user": {"id": 819535545827201024, "id_str": "819535545827201024", "name": "Dr.M.A.A.O.W.", "screen_name": "Marieaaow", "location": "Berlin,Dubai", "description": "\u274cDM, \u274cpOR/\\/ #Berlin #Dubai #Science #Respect #FF #PeaceOnEarth #WritingCommunity #Kindness #Microbiology #University https://t.co/pttHiHOn5V", "url": null, "entities": {"description": {"urls": [{"url": "https://t.co/pttHiHOn5V", "expanded_url": "http://unfollowerstats.com", "display_url": "unfollowerstats.com", "indices": [118, 141]}]}}, "protected": false, "followers_count": 13052, "friends_count": 10785, "listed_count": 47, "created_at": "Thu Jan 12 13:24:35 +0000 2017", "favourites_count": 54586, "utc_offset": null, "time_zone": null, "geo_enabled": false, "verified": false, "statuses_count": 32833, "lang": null, "contributors_enabled": false, "is_translator": false, "is_translation_enabled": false, "profile_background_color": "F5F8FA", "profile_background_image_url": null, "profile_background_image_url_https": null, "profile_background_tile": false, "profile_image_url": "http://pbs.twimg.com/profile_images/1231730655412789252/fneH2ovg_normal.jpg", "profile_image_url_https": "https://pbs.twimg.com/profile_images/1231730655412789252/fneH2ovg_normal.jpg", "profile_banner_url": "https://pbs.twimg.com/profile_banners/819535545827201024/1580758355", "profile_link_color": "1DA1F2", "profile_sidebar_border_color": "C0DEED", "profile_sidebar_fill_color": "DDEEF6", "profile_text_color": "333333", "profile_use_background_image": true, "has_extended_profile": false, "default_profile": true, "default_profile_image": false, "following": false, "follow_request_sent": false, "notifications": false, "translator_type": "none"}, "geo": null, "coordinates": null, "place": null, "contributors": null, "retweeted_status": {"created_at": "Tue Feb 18 10:08:40 +0000 2020", "id": 1229709309245784064, "id_str": "1229709309245784064", "text": "Four #Webasto employees discharged from hospital after #coronavirus. Read more here: https://t.co/iBx4QzyD95", "truncated": false, "entities": {"hashtags": [{"text": "Webasto", "indices": [5, 13]}, {"text": "coronavirus", "indices": [55, 67]}], "symbols": [], "user_mentions": [], "urls": [{"url": "https://t.co/iBx4QzyD95", "expanded_url": "https://twitter.com/SZ_Starnberg/status/1229468863793958913", "display_url": "twitter.com/SZ_Starnberg/s\u2026", "indices": [85, 108]}]}, "metadata": {"iso_language_code": "en", "result_type": "recent"}, "source": "<a href=\"https://mobile.twitter.com\" rel=\"nofollow\">Twitter Web App</a>", "in_reply_to_status_id": null, "in_reply_to_status_id_str": null, "in_reply_to_user_id": null, "in_reply_to_user_id_str": null, "in_reply_to_screen_name": null, "user": {"id": 902928818452738048, "id_str": "902928818452738048", "name": "Webasto Group", "screen_name": "WebastoGroup", "location": "M\u00fcnchen, Bayern, Deutschland", "description": "We shape the mobility of the future, think far beyond the next generation of vehicles and set high technological standards.", "url": "https://t.co/WGU1WiiOUY", "entities": {"url": {"urls": [{"url": "https://t.co/WGU1WiiOUY", "expanded_url": "http://www.webasto-group.com", "display_url": "webasto-group.com", "indices": [0, 23]}]}, "description": {"urls": []}}, "protected": false, "followers_count": 668, "friends_count": 544, "listed_count": 20, "created_at": "Wed Aug 30 16:19:40 +0000 2017", "favourites_count": 263, "utc_offset": null, "time_zone": null, "geo_enabled": false, "verified": false, "statuses_count": 389, "lang": null, "contributors_enabled": false, "is_translator": false, "is_translation_enabled": false, "profile_background_color": "000000", "profile_background_image_url": "http://abs.twimg.com/images/themes/theme1/bg.png", "profile_background_image_url_https": "https://abs.twimg.com/images/themes/theme1/bg.png", "profile_background_tile": false, "profile_image_url": "http://pbs.twimg.com/profile_images/903138802444664833/Mh3ijU_g_normal.jpg", "profile_image_url_https": "https://pbs.twimg.com/profile_images/903138802444664833/Mh3ijU_g_normal.jpg", "profile_banner_url": "https://pbs.twimg.com/profile_banners/902928818452738048/1568114053", "profile_link_color": "1B95E0", "profile_sidebar_border_color": "000000", "profile_sidebar_fill_color": "000000", "profile_text_color": "000000", "profile_use_background_image": false, "has_extended_profile": true, "default_profile": false, "default_profile_image": false, "following": false, "follow_request_sent": false, "notifications": false, "translator_type": "none"}, "geo": null, "coordinates": null, "place": null, "contributors": null, "is_quote_status": true, "quoted_status_id": 1229468863793958913, "quoted_status_id_str": "1229468863793958913", "quoted_status": {"created_at": "Mon Feb 17 18:13:14 +0000 2020", "id": 1229468863793958913, "id_str": "1229468863793958913", "text": "Coronavirus\u00a0in Gauting: Vier Webasto-Mitarbeiter aus Klinik entlassen https://t.co/BFD9IfceWF", "truncated": false, "entities": {"hashtags": [], "symbols": [], "user_mentions": [], "urls": [{"url": "https://t.co/BFD9IfceWF", "expanded_url": "https://www.sueddeutsche.de/muenchen/starnberg/coronavirus-webasto-stockdorf-1.4801743?source=rss", "display_url": "sueddeutsche.de/muenchen/starn\u2026", "indices": [70, 93]}]}, "metadata": {"iso_language_code": "en", "result_type": "recent"}, "source": "<a href=\"https://ifttt.com\" rel=\"nofollow\">IFTTT</a>", "in_reply_to_status_id": null, "in_reply_to_status_id_str": null, "in_reply_to_user_id": null, "in_reply_to_user_id_str": null, "in_reply_to_screen_name": null, "user": {"id": 628294521, "id_str": "628294521", "name": "SZ Starnberg", "screen_name": "SZ_Starnberg", "location": "Starnberg", "description": "Impressum: http://t.co/LsoMosr8Wy", "url": "http://t.co/YH5zpevWS8", "entities": {"url": {"urls": [{"url": "http://t.co/YH5zpevWS8", "expanded_url": "http://www.sz.de/muenchen/starnberg", "display_url": "sz.de/muenchen/starn\u2026", "indices": [0, 22]}]}, "description": {"urls": [{"url": "http://t.co/LsoMosr8Wy", "expanded_url": "http://sz.de/impressum", "display_url": "sz.de/impressum", "indices": [11, 33]}]}}, "protected": false, "followers_count": 677, "friends_count": 111, "listed_count": 14, "created_at": "Fri Jul 06 09:18:08 +0000 2012", "favourites_count": 3, "utc_offset": null, "time_zone": null, "geo_enabled": false, "verified": false, "statuses_count": 4724, "lang": null, "contributors_enabled": false, "is_translator": false, "is_translation_enabled": false, "profile_background_color": "F2F2F2", "profile_background_image_url": "http://abs.twimg.com/images/themes/theme1/bg.png", "profile_background_image_url_https": "https://abs.twimg.com/images/themes/theme1/bg.png", "profile_background_tile": false, "profile_image_url": "http://pbs.twimg.com/profile_images/1034094658807377925/kAsB8diz_normal.jpg", "profile_image_url_https": "https://pbs.twimg.com/profile_images/1034094658807377925/kAsB8diz_normal.jpg", "profile_link_color": "89C9FA", "profile_sidebar_border_color": "FFFFFF", "profile_sidebar_fill_color": "DDEEF6", "profile_text_color": "333333", "profile_use_background_image": false, "has_extended_profile": false, "default_profile": false, "default_profile_image": false, "following": false, "follow_request_sent": false, "notifications": false, "translator_type": "none"}, "geo": null, "coordinates": null, "place": null, "contributors": null, "is_quote_status": false, "retweet_count": 0, "favorite_count": 3, "favorited": false, "retweeted": false, "possibly_sensitive": false, "lang": "de"}, "retweet_count": 1, "favorite_count": 4, "favorited": false, "retweeted": false, "possibly_sensitive": false, "lang": "en"}, "is_quote_status": true, "quoted_status_id": 1229468863793958913, "quoted_status_id_str": "1229468863793958913", "retweet_count": 1, "favorite_count": 0, "favorited": false, "retweeted": false, "lang": "en"}