{"created_at": "Tue Feb 18 11:17:31 +0000 2020", "id": 1229726633747193856, "id_str": "1229726633747193856", "text": "RT @SZ: Wie man das #Coronavirus eind\u00e4mmen kann - der Infektionsmediziner Jeremy Farrar im Interview: https://t.co/rs9YML18P5", "truncated": false, "entities": {"hashtags": [{"text": "Coronavirus", "indices": [20, 32]}], "symbols": [], "user_mentions": [{"screen_name": "SZ", "name": "S\u00fcddeutsche Zeitung", "id": 114508061, "id_str": "114508061", "indices": [3, 6]}], "urls": [{"url": "https://t.co/rs9YML18P5", "expanded_url": "https://sz.de/1.4801690", "display_url": "sz.de/1.4801690", "indices": [102, 125]}]}, "metadata": {"iso_language_code": "de", "result_type": "recent"}, "source": "<a href=\"http://twitter.com/download/android\" rel=\"nofollow\">Twitter for Android</a>", "in_reply_to_status_id": null, "in_reply_to_status_id_str": null, "in_reply_to_user_id": null, "in_reply_to_user_id_str": null, "in_reply_to_screen_name": null, "user": {"id": 1180839562635087872, "id_str": "1180839562635087872", "name": "LoveBeautyZ", "screen_name": "LoveBeautyZ1", "location": "", "description": "Protect Love and Truth \ud83c\udf37 and our Beautiful Planet \ud83e\udd81\ud83c\udf0e\ud83c\udf31\nAvoid Arrogance. Stop Racism \ud83e\uddd4\ud83c\udffd\u2698\ud83e\uddd5\ud83c\udffd. Be Brave and do not be afraid. \ud83d\udc1d\ud83c\udf33\ud83d\udc26", "url": null, "entities": {"description": {"urls": []}}, "protected": false, "followers_count": 184, "friends_count": 1039, "listed_count": 9, "created_at": "Sun Oct 06 13:38:07 +0000 2019", "favourites_count": 9269, "utc_offset": null, "time_zone": null, "geo_enabled": false, "verified": false, "statuses_count": 9597, "lang": null, "contributors_enabled": false, "is_translator": false, "is_translation_enabled": false, "profile_background_color": "F5F8FA", "profile_background_image_url": null, "profile_background_image_url_https": null, "profile_background_tile": false, "profile_image_url": "http://pbs.twimg.com/profile_images/1195381120969433088/df1ruh98_normal.jpg", "profile_image_url_https": "https://pbs.twimg.com/profile_images/1195381120969433088/df1ruh98_normal.jpg", "profile_banner_url": "https://pbs.twimg.com/profile_banners/1180839562635087872/1573836044", "profile_link_color": "1DA1F2", "profile_sidebar_border_color": "C0DEED", "profile_sidebar_fill_color": "DDEEF6", "profile_text_color": "333333", "profile_use_background_image": true, "has_extended_profile": false, "default_profile": true, "default_profile_image": false, "following": false, "follow_request_sent": false, "notifications": false, "translator_type": "none"}, "geo": null, "coordinates": null, "place": null, "contributors": null, "retweeted_status": {"created_at": "Tue Feb 18 06:39:36 +0000 2020", "id": 1229656693686054914, "id_str": "1229656693686054914", "text": "Wie man das #Coronavirus eind\u00e4mmen kann - der Infektionsmediziner Jeremy Farrar im Interview: https://t.co/rs9YML18P5", "truncated": false, "entities": {"hashtags": [{"text": "Coronavirus", "indices": [12, 24]}], "symbols": [], "user_mentions": [], "urls": [{"url": "https://t.co/rs9YML18P5", "expanded_url": "https://sz.de/1.4801690", "display_url": "sz.de/1.4801690", "indices": [94, 117]}]}, "metadata": {"iso_language_code": "de", "result_type": "recent"}, "source": "<a href=\"http://www.sueddeutsche.de/\" rel=\"nofollow\">SZ.de Twitterbot - Main</a>", "in_reply_to_status_id": null, "in_reply_to_status_id_str": null, "in_reply_to_user_id": null, "in_reply_to_user_id_str": null, "in_reply_to_screen_name": null, "user": {"id": 114508061, "id_str": "114508061", "name": "S\u00fcddeutsche Zeitung", "screen_name": "SZ", "location": "M\u00fcnchen, Deutschland", "description": "Der offizielle Twitter-Account der S\u00fcddeutschen Zeitung. Alle Redakteure und Kan\u00e4le: http://t.co/AjR51c6fBJ \u00b7 Impressum: http://t.co/73f0c1DSzV", "url": "https://t.co/pwVdcHEVKW", "entities": {"url": {"urls": [{"url": "https://t.co/pwVdcHEVKW", "expanded_url": "http://www.sz.de", "display_url": "sz.de", "indices": [0, 23]}]}, "description": {"urls": [{"url": "http://t.co/AjR51c6fBJ", "expanded_url": "http://sz.de/twitterdetails", "display_url": "sz.de/twitterdetails", "indices": [85, 107]}, {"url": "http://t.co/73f0c1DSzV", "expanded_url": "http://sz.de/impressum", "display_url": "sz.de/impressum", "indices": [121, 143]}]}}, "protected": false, "followers_count": 1573745, "friends_count": 411, "listed_count": 7010, "created_at": "Mon Feb 15 17:10:14 +0000 2010", "favourites_count": 962, "utc_offset": null, "time_zone": null, "geo_enabled": false, "verified": true, "statuses_count": 153217, "lang": null, "contributors_enabled": false, "is_translator": false, "is_translation_enabled": false, "profile_background_color": "F2F2F2", "profile_background_image_url": "http://abs.twimg.com/images/themes/theme1/bg.png", "profile_background_image_url_https": "https://abs.twimg.com/images/themes/theme1/bg.png", "profile_background_tile": false, "profile_image_url": "http://pbs.twimg.com/profile_images/996782033132191750/vVZs_SD8_normal.jpg", "profile_image_url_https": "https://pbs.twimg.com/profile_images/996782033132191750/vVZs_SD8_normal.jpg", "profile_banner_url": "https://pbs.twimg.com/profile_banners/114508061/1573839948", "profile_link_color": "333333", "profile_sidebar_border_color": "000000", "profile_sidebar_fill_color": "DDEEF6", "profile_text_color": "333333", "profile_use_background_image": false, "has_extended_profile": false, "default_profile": false, "default_profile_image": false, "following": false, "follow_request_sent": false, "notifications": false, "translator_type": "none"}, "geo": null, "coordinates": null, "place": null, "contributors": null, "is_quote_status": false, "retweet_count": 7, "favorite_count": 12, "favorited": false, "retweeted": false, "possibly_sensitive": false, "lang": "de"}, "is_quote_status": false, "retweet_count": 7, "favorite_count": 0, "favorited": false, "retweeted": false, "possibly_sensitive": false, "lang": "de"}