{"created_at": "Tue Feb 18 11:17:10 +0000 2020", "id": 1229726546065272833, "id_str": "1229726546065272833", "text": "RT @BR24: Der #Ticker zum #Coronavirus: \n\u27a1\ufe0fZahl der Neuinfektionen geht in #China zur\u00fcck\n\u27a1\ufe0f99 weitere Infektionsf\u00e4lle auf #Kreuzfahrtschiff\u2026", "truncated": false, "entities": {"hashtags": [{"text": "Ticker", "indices": [14, 21]}, {"text": "Coronavirus", "indices": [26, 38]}, {"text": "China", "indices": [75, 81]}, {"text": "Kreuzfahrtschiff", "indices": [122, 139]}], "symbols": [], "user_mentions": [{"screen_name": "BR24", "name": "BR24", "id": 90524645, "id_str": "90524645", "indices": [3, 8]}], "urls": []}, "metadata": {"iso_language_code": "de", "result_type": "recent"}, "source": "<a href=\"http://twitter.com/download/iphone\" rel=\"nofollow\">Twitter for iPhone</a>", "in_reply_to_status_id": null, "in_reply_to_status_id_str": null, "in_reply_to_user_id": null, "in_reply_to_user_id_str": null, "in_reply_to_screen_name": null, "user": {"id": 1359533838, "id_str": "1359533838", "name": "Monika Sch\u00e4fer", "screen_name": "MoSchaefer66", "location": "", "description": "F\u00fcr Liebe - Menschenrechte - Natur - Humor - Buddha - Kunst - Musik * Gegen Krieg - Armut - Gewalt* Geb. 9. November", "url": null, "entities": {"description": {"urls": []}}, "protected": false, "followers_count": 4522, "friends_count": 4969, "listed_count": 224, "created_at": "Wed Apr 17 14:24:52 +0000 2013", "favourites_count": 321768, "utc_offset": null, "time_zone": null, "geo_enabled": true, "verified": false, "statuses_count": 206164, "lang": null, "contributors_enabled": false, "is_translator": false, "is_translation_enabled": false, "profile_background_color": "C0DEED", "profile_background_image_url": "http://abs.twimg.com/images/themes/theme1/bg.png", "profile_background_image_url_https": "https://abs.twimg.com/images/themes/theme1/bg.png", "profile_background_tile": false, "profile_image_url": "http://pbs.twimg.com/profile_images/827237907144572928/9mbhaUVJ_normal.jpg", "profile_image_url_https": "https://pbs.twimg.com/profile_images/827237907144572928/9mbhaUVJ_normal.jpg", "profile_banner_url": "https://pbs.twimg.com/profile_banners/1359533838/1578673023", "profile_link_color": "1DA1F2", "profile_sidebar_border_color": "C0DEED", "profile_sidebar_fill_color": "DDEEF6", "profile_text_color": "333333", "profile_use_background_image": true, "has_extended_profile": false, "default_profile": true, "default_profile_image": false, "following": false, "follow_request_sent": false, "notifications": false, "translator_type": "none"}, "geo": null, "coordinates": null, "place": null, "contributors": null, "retweeted_status": {"created_at": "Mon Feb 17 17:39:14 +0000 2020", "id": 1229460306763636736, "id_str": "1229460306763636736", "text": "Der #Ticker zum #Coronavirus: \n\u27a1\ufe0fZahl der Neuinfektionen geht in #China zur\u00fcck\n\u27a1\ufe0f99 weitere Infektionsf\u00e4lle auf\u2026 https://t.co/ufmcyG7mQW", "truncated": true, "entities": {"hashtags": [{"text": "Ticker", "indices": [4, 11]}, {"text": "Coronavirus", "indices": [16, 28]}, {"text": "China", "indices": [65, 71]}], "symbols": [], "user_mentions": [], "urls": [{"url": "https://t.co/ufmcyG7mQW", "expanded_url": "https://twitter.com/i/web/status/1229460306763636736", "display_url": "twitter.com/i/web/status/1\u2026", "indices": [113, 136]}]}, "metadata": {"iso_language_code": "de", "result_type": "recent"}, "source": "<a href=\"https://mobile.twitter.com\" rel=\"nofollow\">Twitter Web App</a>", "in_reply_to_status_id": null, "in_reply_to_status_id_str": null, "in_reply_to_user_id": null, "in_reply_to_user_id_str": null, "in_reply_to_screen_name": null, "user": {"id": 90524645, "id_str": "90524645", "name": "BR24", "screen_name": "BR24", "location": "M\u00fcnchen, Bayern", "description": "Dar\u00fcber spricht Bayern. An der Tastatur: @rupprich", "url": "https://t.co/reyIDBBGTo", "entities": {"url": {"urls": [{"url": "https://t.co/reyIDBBGTo", "expanded_url": "http://www.br24.de", "display_url": "br24.de", "indices": [0, 23]}]}, "description": {"urls": []}}, "protected": false, "followers_count": 42031, "friends_count": 1304, "listed_count": 953, "created_at": "Tue Nov 17 00:37:00 +0000 2009", "favourites_count": 8162, "utc_offset": null, "time_zone": null, "geo_enabled": true, "verified": true, "statuses_count": 138333, "lang": null, "contributors_enabled": false, "is_translator": false, "is_translation_enabled": false, "profile_background_color": "FFFFFF", "profile_background_image_url": "http://abs.twimg.com/images/themes/theme1/bg.png", "profile_background_image_url_https": "https://abs.twimg.com/images/themes/theme1/bg.png", "profile_background_tile": false, "profile_image_url": "http://pbs.twimg.com/profile_images/875689536306728960/ZjT-XMQ9_normal.jpg", "profile_image_url_https": "https://pbs.twimg.com/profile_images/875689536306728960/ZjT-XMQ9_normal.jpg", "profile_banner_url": "https://pbs.twimg.com/profile_banners/90524645/1547183906", "profile_link_color": "0084B4", "profile_sidebar_border_color": "000000", "profile_sidebar_fill_color": "DDEEF6", "profile_text_color": "333333", "profile_use_background_image": true, "has_extended_profile": false, "default_profile": false, "default_profile_image": false, "following": false, "follow_request_sent": false, "notifications": false, "translator_type": "regular"}, "geo": null, "coordinates": null, "place": null, "contributors": null, "is_quote_status": false, "retweet_count": 3, "favorite_count": 6, "favorited": false, "retweeted": false, "possibly_sensitive": false, "lang": "de"}, "is_quote_status": false, "retweet_count": 3, "favorite_count": 0, "favorited": false, "retweeted": false, "lang": "de"}