{"created_at": "Thu Feb 20 18:55:30 +0000 2020", "id": 1230566664548147207, "id_str": "1230566664548147207", "text": "RT @JulikaBrand: as #China produces most of the #EU\u2019s #pharma ingredients, the #coronavirus outbreak might worsen #EU's #medication shortag\u2026", "truncated": false, "entities": {"hashtags": [{"text": "China", "indices": [20, 26]}, {"text": "EU", "indices": [48, 51]}, {"text": "pharma", "indices": [54, 61]}, {"text": "coronavirus", "indices": [79, 91]}, {"text": "EU", "indices": [114, 117]}, {"text": "medication", "indices": [120, 131]}], "symbols": [], "user_mentions": [{"screen_name": "JulikaBrand", "name": "Julika Brand", "id": 432647972, "id_str": "432647972", "indices": [3, 15]}], "urls": []}, "metadata": {"iso_language_code": "en", "result_type": "recent"}, "source": "<a href=\"https://mobile.twitter.com\" rel=\"nofollow\">Twitter Web App</a>", "in_reply_to_status_id": null, "in_reply_to_status_id_str": null, "in_reply_to_user_id": null, "in_reply_to_user_id_str": null, "in_reply_to_screen_name": null, "user": {"id": 2902468335, "id_str": "2902468335", "name": "BeTheChange", "screen_name": "thechance2b", "location": "", "description": "", "url": null, "entities": {"description": {"urls": []}}, "protected": false, "followers_count": 1882, "friends_count": 1550, "listed_count": 276, "created_at": "Tue Dec 02 16:22:35 +0000 2014", "favourites_count": 19131, "utc_offset": null, "time_zone": null, "geo_enabled": false, "verified": false, "statuses_count": 22212, "lang": null, "contributors_enabled": false, "is_translator": false, "is_translation_enabled": false, "profile_background_color": "000000", "profile_background_image_url": "http://abs.twimg.com/images/themes/theme3/bg.gif", "profile_background_image_url_https": "https://abs.twimg.com/images/themes/theme3/bg.gif", "profile_background_tile": false, "profile_image_url": "http://pbs.twimg.com/profile_images/1125475642533920770/Wd59jPyW_normal.png", "profile_image_url_https": "https://pbs.twimg.com/profile_images/1125475642533920770/Wd59jPyW_normal.png", "profile_banner_url": "https://pbs.twimg.com/profile_banners/2902468335/1417541351", "profile_link_color": "1B95E0", "profile_sidebar_border_color": "000000", "profile_sidebar_fill_color": "000000", "profile_text_color": "000000", "profile_use_background_image": false, "has_extended_profile": false, "default_profile": false, "default_profile_image": false, "following": false, "follow_request_sent": false, "notifications": false, "translator_type": "none"}, "geo": null, "coordinates": null, "place": null, "contributors": null, "retweeted_status": {"created_at": "Thu Feb 20 18:32:43 +0000 2020", "id": 1230560933480558592, "id_str": "1230560933480558592", "text": "as #China produces most of the #EU\u2019s #pharma ingredients, the #coronavirus outbreak might worsen #EU's #medication\u2026 https://t.co/HaeY4KggaB", "truncated": true, "entities": {"hashtags": [{"text": "China", "indices": [3, 9]}, {"text": "EU", "indices": [31, 34]}, {"text": "pharma", "indices": [37, 44]}, {"text": "coronavirus", "indices": [62, 74]}, {"text": "EU", "indices": [97, 100]}, {"text": "medication", "indices": [103, 114]}], "symbols": [], "user_mentions": [], "urls": [{"url": "https://t.co/HaeY4KggaB", "expanded_url": "https://twitter.com/i/web/status/1230560933480558592", "display_url": "twitter.com/i/web/status/1\u2026", "indices": [116, 139]}]}, "metadata": {"iso_language_code": "en", "result_type": "recent"}, "source": "<a href=\"https://mobile.twitter.com\" rel=\"nofollow\">Twitter Web App</a>", "in_reply_to_status_id": null, "in_reply_to_status_id_str": null, "in_reply_to_user_id": null, "in_reply_to_user_id_str": null, "in_reply_to_screen_name": null, "user": {"id": 432647972, "id_str": "432647972", "name": "Julika Brand", "screen_name": "JulikaBrand", "location": "Allg\u00e4u (Bayern)", "description": "No party affiliation!\u27a1\ufe0f\n...maybe I can find the truth by comparing their lies\n( you want the truth - follow the money)", "url": null, "entities": {"description": {"urls": []}}, "protected": false, "followers_count": 2886, "friends_count": 2135, "listed_count": 236, "created_at": "Fri Dec 09 16:39:29 +0000 2011", "favourites_count": 40985, "utc_offset": null, "time_zone": null, "geo_enabled": false, "verified": false, "statuses_count": 49180, "lang": null, "contributors_enabled": false, "is_translator": false, "is_translation_enabled": false, "profile_background_color": "ABB8C2", "profile_background_image_url": "http://abs.twimg.com/images/themes/theme1/bg.png", "profile_background_image_url_https": "https://abs.twimg.com/images/themes/theme1/bg.png", "profile_background_tile": false, "profile_image_url": "http://pbs.twimg.com/profile_images/1069268956408627201/A151cSSl_normal.jpg", "profile_image_url_https": "https://pbs.twimg.com/profile_images/1069268956408627201/A151cSSl_normal.jpg", "profile_banner_url": "https://pbs.twimg.com/profile_banners/432647972/1474205253", "profile_link_color": "1A4D05", "profile_sidebar_border_color": "FFFFFF", "profile_sidebar_fill_color": "DDEEF6", "profile_text_color": "333333", "profile_use_background_image": false, "has_extended_profile": false, "default_profile": false, "default_profile_image": false, "following": false, "follow_request_sent": false, "notifications": false, "translator_type": "regular"}, "geo": null, "coordinates": null, "place": null, "contributors": null, "is_quote_status": false, "retweet_count": 4, "favorite_count": 8, "favorited": false, "retweeted": false, "possibly_sensitive": false, "lang": "en"}, "is_quote_status": false, "retweet_count": 4, "favorite_count": 0, "favorited": false, "retweeted": false, "lang": "en"}