{"created_at": "Tue Feb 18 16:18:16 +0000 2020", "id": 1229802321946824708, "id_str": "1229802321946824708", "text": "An der #B\u00f6rse schienen die Sorgen rund um die Folgen des #Coronavirus schon fast vergessen \u2013 doch dann kam #Apple.\u2026 https://t.co/sbQfdz92ad", "truncated": true, "entities": {"hashtags": [{"text": "B\u00f6rse", "indices": [7, 13]}, {"text": "Coronavirus", "indices": [57, 69]}, {"text": "Apple", "indices": [107, 113]}], "symbols": [], "user_mentions": [], "urls": [{"url": "https://t.co/sbQfdz92ad", "expanded_url": "https://twitter.com/i/web/status/1229802321946824708", "display_url": "twitter.com/i/web/status/1\u2026", "indices": [116, 139]}]}, "metadata": {"iso_language_code": "de", "result_type": "recent"}, "source": "<a href=\"https://mobile.twitter.com\" rel=\"nofollow\">Twitter Web App</a>", "in_reply_to_status_id": null, "in_reply_to_status_id_str": null, "in_reply_to_user_id": null, "in_reply_to_user_id_str": null, "in_reply_to_screen_name": null, "user": {"id": 169504900, "id_str": "169504900", "name": "B\u00f6rse Stuttgart", "screen_name": "boersestuttgart", "location": "Stuttgart", "description": "Die Privatanlegerb\u00f6rse. Imprint: https://t.co/VMEi2bVQzs", "url": "https://t.co/9Kb2MfLliI", "entities": {"url": {"urls": [{"url": "https://t.co/9Kb2MfLliI", "expanded_url": "http://instagram.com/boersestuttgart", "display_url": "instagram.com/boersestuttgart", "indices": [0, 23]}]}, "description": {"urls": [{"url": "https://t.co/VMEi2bVQzs", "expanded_url": "http://boerse-stuttgart.de/impressum", "display_url": "boerse-stuttgart.de/impressum", "indices": [33, 56]}]}}, "protected": false, "followers_count": 5845, "friends_count": 313, "listed_count": 176, "created_at": "Thu Jul 22 14:11:50 +0000 2010", "favourites_count": 601, "utc_offset": null, "time_zone": null, "geo_enabled": false, "verified": false, "statuses_count": 6086, "lang": null, "contributors_enabled": false, "is_translator": false, "is_translation_enabled": false, "profile_background_color": "D4D4D0", "profile_background_image_url": "http://abs.twimg.com/images/themes/theme14/bg.gif", "profile_background_image_url_https": "https://abs.twimg.com/images/themes/theme14/bg.gif", "profile_background_tile": false, "profile_image_url": "http://pbs.twimg.com/profile_images/1090619703784103936/6qB1HrBa_normal.jpg", "profile_image_url_https": "https://pbs.twimg.com/profile_images/1090619703784103936/6qB1HrBa_normal.jpg", "profile_banner_url": "https://pbs.twimg.com/profile_banners/169504900/1548858995", "profile_link_color": "6432FA", "profile_sidebar_border_color": "BDBDBD", "profile_sidebar_fill_color": "DDDDDD", "profile_text_color": "333333", "profile_use_background_image": true, "has_extended_profile": false, "default_profile": false, "default_profile_image": false, "following": false, "follow_request_sent": false, "notifications": false, "translator_type": "none"}, "geo": null, "coordinates": null, "place": null, "contributors": null, "is_quote_status": false, "retweet_count": 0, "favorite_count": 6, "favorited": false, "retweeted": false, "possibly_sensitive": false, "lang": "de"}