{"created_at": "Thu Feb 20 05:37:46 +0000 2020", "id": 1230365910378172416, "id_str": "1230365910378172416", "text": "RT @matterne: Nennt mich unvorsichtig und lax im Umgang mit dem #Coronavirus, aber Leute gleich zu erschie\u00dfen finde ich einen Tick \u00fcbertrie\u2026", "truncated": false, "entities": {"hashtags": [{"text": "Coronavirus", "indices": [64, 76]}], "symbols": [], "user_mentions": [{"screen_name": "matterne", "name": "matterne", "id": 29268491, "id_str": "29268491", "indices": [3, 12]}], "urls": []}, "metadata": {"iso_language_code": "de", "result_type": "recent"}, "source": "<a href=\"https://mobile.twitter.com\" rel=\"nofollow\">Twitter Web App</a>", "in_reply_to_status_id": null, "in_reply_to_status_id_str": null, "in_reply_to_user_id": null, "in_reply_to_user_id_str": null, "in_reply_to_screen_name": null, "user": {"id": 4825537575, "id_str": "4825537575", "name": "\ud835\udd0e\ud835\udd1e\ud835\udd26\ud835\udd30\ud835\udd22\ud835\udd2f\ud835\udd31\ud835\udd2f\ud835\udd22\ud835\udd32\ud835\udd22\ud835\udd2f", "screen_name": "kaisertreu", "location": "Deutschland", "description": "", "url": "https://t.co/Tw9jlZirn7", "entities": {"url": {"urls": [{"url": "https://t.co/Tw9jlZirn7", "expanded_url": "http://flickr.com/people/kaisertreu", "display_url": "flickr.com/people/kaisert\u2026", "indices": [0, 23]}]}, "description": {"urls": []}}, "protected": false, "followers_count": 340, "friends_count": 344, "listed_count": 15, "created_at": "Mon Jan 18 22:30:28 +0000 2016", "favourites_count": 6566, "utc_offset": null, "time_zone": null, "geo_enabled": false, "verified": false, "statuses_count": 20499, "lang": null, "contributors_enabled": false, "is_translator": false, "is_translation_enabled": false, "profile_background_color": "F5F8FA", "profile_background_image_url": null, "profile_background_image_url_https": null, "profile_background_tile": false, "profile_image_url": "http://pbs.twimg.com/profile_images/689217747201445888/OpFd3XVw_normal.jpg", "profile_image_url_https": "https://pbs.twimg.com/profile_images/689217747201445888/OpFd3XVw_normal.jpg", "profile_banner_url": "https://pbs.twimg.com/profile_banners/4825537575/1453166726", "profile_link_color": "1DA1F2", "profile_sidebar_border_color": "C0DEED", "profile_sidebar_fill_color": "DDEEF6", "profile_text_color": "333333", "profile_use_background_image": true, "has_extended_profile": false, "default_profile": true, "default_profile_image": false, "following": false, "follow_request_sent": false, "notifications": false, "translator_type": "none"}, "geo": null, "coordinates": null, "place": null, "contributors": null, "retweeted_status": {"created_at": "Fri Feb 14 19:29:32 +0000 2020", "id": 1228400901204926464, "id_str": "1228400901204926464", "text": "Nennt mich unvorsichtig und lax im Umgang mit dem #Coronavirus, aber Leute gleich zu erschie\u00dfen finde ich einen Tic\u2026 https://t.co/jKfDbBSmST", "truncated": true, "entities": {"hashtags": [{"text": "Coronavirus", "indices": [50, 62]}], "symbols": [], "user_mentions": [], "urls": [{"url": "https://t.co/jKfDbBSmST", "expanded_url": "https://twitter.com/i/web/status/1228400901204926464", "display_url": "twitter.com/i/web/status/1\u2026", "indices": [117, 140]}]}, "metadata": {"iso_language_code": "de", "result_type": "recent"}, "source": "<a href=\"https://mobile.twitter.com\" rel=\"nofollow\">Twitter Web App</a>", "in_reply_to_status_id": null, "in_reply_to_status_id_str": null, "in_reply_to_user_id": null, "in_reply_to_user_id_str": null, "in_reply_to_screen_name": null, "user": {"id": 29268491, "id_str": "29268491", "name": "matterne", "screen_name": "matterne", "location": "W\u00fcrzburg", "description": "Nerd, Katholik, Ostpreu\u00dfe, Monarchist.", "url": "https://t.co/cHbQHkIjHi", "entities": {"url": {"urls": [{"url": "https://t.co/cHbQHkIjHi", "expanded_url": "http://www.der-konservative.de", "display_url": "der-konservative.de", "indices": [0, 23]}]}, "description": {"urls": []}}, "protected": false, "followers_count": 521, "friends_count": 336, "listed_count": 64, "created_at": "Mon Apr 06 19:04:32 +0000 2009", "favourites_count": 917, "utc_offset": null, "time_zone": null, "geo_enabled": true, "verified": false, "statuses_count": 12204, "lang": null, "contributors_enabled": false, "is_translator": false, "is_translation_enabled": false, "profile_background_color": "FFFFFF", "profile_background_image_url": "http://abs.twimg.com/images/themes/theme1/bg.png", "profile_background_image_url_https": "https://abs.twimg.com/images/themes/theme1/bg.png", "profile_background_tile": false, "profile_image_url": "http://pbs.twimg.com/profile_images/1163743651064885250/y7eQcaqI_normal.jpg", "profile_image_url_https": "https://pbs.twimg.com/profile_images/1163743651064885250/y7eQcaqI_normal.jpg", "profile_banner_url": "https://pbs.twimg.com/profile_banners/29268491/1568663178", "profile_link_color": "FF691F", "profile_sidebar_border_color": "BDDCAD", "profile_sidebar_fill_color": "DDFFCC", "profile_text_color": "333333", "profile_use_background_image": false, "has_extended_profile": false, "default_profile": false, "default_profile_image": false, "following": false, "follow_request_sent": false, "notifications": false, "translator_type": "none"}, "geo": null, "coordinates": null, "place": null, "contributors": null, "is_quote_status": false, "retweet_count": 2, "favorite_count": 2, "favorited": false, "retweeted": false, "possibly_sensitive": false, "lang": "de"}, "is_quote_status": false, "retweet_count": 2, "favorite_count": 0, "favorited": false, "retweeted": false, "lang": "de"}