{"created_at": "Fri Feb 21 12:40:47 +0000 2020", "id": 1230834754762821633, "id_str": "1230834754762821633", "text": "Les scientifiques affirment que le coronavirus de Wuhan pourrait bient\u00f4t \u00eatre qualifi\u00e9 de pand\u00e9mie. Voici ce que ce\u2026 https://t.co/8uLqe1AtpR", "truncated": true, "entities": {"hashtags": [], "symbols": [], "user_mentions": [], "urls": [{"url": "https://t.co/8uLqe1AtpR", "expanded_url": "https://twitter.com/i/web/status/1230834754762821633", "display_url": "twitter.com/i/web/status/1\u2026", "indices": [117, 140]}]}, "metadata": {"iso_language_code": "fr", "result_type": "recent"}, "source": "<a href=\"http://twitter.com/download/iphone\" rel=\"nofollow\">Twitter for iPhone</a>", "in_reply_to_status_id": null, "in_reply_to_status_id_str": null, "in_reply_to_user_id": null, "in_reply_to_user_id_str": null, "in_reply_to_screen_name": null, "user": {"id": 812043847433916416, "id_str": "812043847433916416", "name": "Richard Krieger", "screen_name": "Krieger66362259", "location": "Monaco", "description": "Revue de presse \u00e9clectique : \u00ab Bien inform\u00e9s les hommes sont des citoyens, mal inform\u00e9s ils deviennent des sujets! \u00bb Alfred Sauvy...RT n\u2019est pas approuver!", "url": "https://t.co/SnxRjaszhE", "entities": {"url": {"urls": [{"url": "https://t.co/SnxRjaszhE", "expanded_url": "http://www.entrepreneurs-pour-la-France.org", "display_url": "entrepreneurs-pour-la-France.org", "indices": [0, 23]}]}, "description": {"urls": []}}, "protected": false, "followers_count": 2237, "friends_count": 1709, "listed_count": 2, "created_at": "Thu Dec 22 21:15:15 +0000 2016", "favourites_count": 51709, "utc_offset": null, "time_zone": null, "geo_enabled": false, "verified": false, "statuses_count": 16175, "lang": null, "contributors_enabled": false, "is_translator": false, "is_translation_enabled": false, "profile_background_color": "000000", "profile_background_image_url": "http://abs.twimg.com/images/themes/theme1/bg.png", "profile_background_image_url_https": "https://abs.twimg.com/images/themes/theme1/bg.png", "profile_background_tile": false, "profile_image_url": "http://pbs.twimg.com/profile_images/1002313578928594944/x72UXl7w_normal.jpg", "profile_image_url_https": "https://pbs.twimg.com/profile_images/1002313578928594944/x72UXl7w_normal.jpg", "profile_banner_url": "https://pbs.twimg.com/profile_banners/812043847433916416/1561470245", "profile_link_color": "1B95E0", "profile_sidebar_border_color": "000000", "profile_sidebar_fill_color": "000000", "profile_text_color": "000000", "profile_use_background_image": false, "has_extended_profile": false, "default_profile": false, "default_profile_image": false, "following": false, "follow_request_sent": false, "notifications": false, "translator_type": "none"}, "geo": null, "coordinates": null, "place": null, "contributors": null, "is_quote_status": false, "retweet_count": 0, "favorite_count": 2, "favorited": false, "retweeted": false, "possibly_sensitive": true, "lang": "fr"}