{"created_at": "Tue Feb 18 21:15:35 +0000 2020", "id": 1229877142449684481, "id_str": "1229877142449684481", "text": "El mundo: que preocupante el racismo que se ha engendrado a ra\u00edz del coronavirus\n\nGobierno de Chile: \ud83d\udc47\n#coronavirus https://t.co/xTF9HBllxg", "truncated": false, "entities": {"hashtags": [{"text": "coronavirus", "indices": [103, 115]}], "symbols": [], "user_mentions": [], "urls": [{"url": "https://t.co/xTF9HBllxg", "expanded_url": "https://twitter.com/Malakiantelloa/status/1229806835596759045", "display_url": "twitter.com/Malakiantelloa\u2026", "indices": [116, 139]}]}, "metadata": {"iso_language_code": "es", "result_type": "recent"}, "source": "<a href=\"http://twitter.com/download/android\" rel=\"nofollow\">Twitter for Android</a>", "in_reply_to_status_id": null, "in_reply_to_status_id_str": null, "in_reply_to_user_id": null, "in_reply_to_user_id_str": null, "in_reply_to_screen_name": null, "user": {"id": 1215398815848632321, "id_str": "1215398815848632321", "name": "Mariconchi", "screen_name": "maritaconchi", "location": "Munich, Alemania", "description": "Photographer. \nVivo con culpa. \nUniversidad de Chile / AdbK M\u00fcnchen.\nGermany", "url": "https://t.co/npffdo2eGY", "entities": {"url": {"urls": [{"url": "https://t.co/npffdo2eGY", "expanded_url": "https://instagram.com/contanchi?igshid=1n92thc6n5fk9", "display_url": "instagram.com/contanchi?igsh\u2026", "indices": [0, 23]}]}, "description": {"urls": []}}, "protected": false, "followers_count": 50, "friends_count": 535, "listed_count": 0, "created_at": "Thu Jan 09 22:24:07 +0000 2020", "favourites_count": 666, "utc_offset": null, "time_zone": null, "geo_enabled": false, "verified": false, "statuses_count": 131, "lang": null, "contributors_enabled": false, "is_translator": false, "is_translation_enabled": false, "profile_background_color": "F5F8FA", "profile_background_image_url": null, "profile_background_image_url_https": null, "profile_background_tile": false, "profile_image_url": "http://pbs.twimg.com/profile_images/1215421824579907584/zwMtaTj-_normal.jpg", "profile_image_url_https": "https://pbs.twimg.com/profile_images/1215421824579907584/zwMtaTj-_normal.jpg", "profile_banner_url": "https://pbs.twimg.com/profile_banners/1215398815848632321/1579860558", "profile_link_color": "1DA1F2", "profile_sidebar_border_color": "C0DEED", "profile_sidebar_fill_color": "DDEEF6", "profile_text_color": "333333", "profile_use_background_image": true, "has_extended_profile": false, "default_profile": true, "default_profile_image": false, "following": false, "follow_request_sent": false, "notifications": false, "translator_type": "none"}, "geo": null, "coordinates": null, "place": null, "contributors": null, "is_quote_status": true, "quoted_status_id": 1229806835596759045, "quoted_status_id_str": "1229806835596759045", "quoted_status": {"created_at": "Tue Feb 18 16:36:12 +0000 2020", "id": 1229806835596759045, "id_str": "1229806835596759045", "text": "Vieron como la SEREMI DE SALUD ocupa su mascarilla muy correctamente ? https://t.co/vPBkxqSOQN", "truncated": false, "entities": {"hashtags": [], "symbols": [], "user_mentions": [], "urls": [], "media": [{"id": 1229806825245233153, "id_str": "1229806825245233153", "indices": [71, 94], "media_url": "http://pbs.twimg.com/media/EREmyrEX0AE_DD2.jpg", "media_url_https": "https://pbs.twimg.com/media/EREmyrEX0AE_DD2.jpg", "url": "https://t.co/vPBkxqSOQN", "display_url": "pic.twitter.com/vPBkxqSOQN", "expanded_url": "https://twitter.com/Malakiantelloa/status/1229806835596759045/photo/1", "type": "photo", "sizes": {"medium": {"w": 1068, "h": 806, "resize": "fit"}, "thumb": {"w": 150, "h": 150, "resize": "crop"}, "large": {"w": 1068, "h": 806, "resize": "fit"}, "small": {"w": 680, "h": 513, "resize": "fit"}}}]}, "extended_entities": {"media": [{"id": 1229806825245233153, "id_str": "1229806825245233153", "indices": [71, 94], "media_url": "http://pbs.twimg.com/media/EREmyrEX0AE_DD2.jpg", "media_url_https": "https://pbs.twimg.com/media/EREmyrEX0AE_DD2.jpg", "url": "https://t.co/vPBkxqSOQN", "display_url": "pic.twitter.com/vPBkxqSOQN", "expanded_url": "https://twitter.com/Malakiantelloa/status/1229806835596759045/photo/1", "type": "photo", "sizes": {"medium": {"w": 1068, "h": 806, "resize": "fit"}, "thumb": {"w": 150, "h": 150, "resize": "crop"}, "large": {"w": 1068, "h": 806, "resize": "fit"}, "small": {"w": 680, "h": 513, "resize": "fit"}}}]}, "metadata": {"iso_language_code": "es", "result_type": "recent"}, "source": "<a href=\"http://twitter.com/download/android\" rel=\"nofollow\">Twitter for Android</a>", "in_reply_to_status_id": null, "in_reply_to_status_id_str": null, "in_reply_to_user_id": null, "in_reply_to_user_id_str": null, "in_reply_to_screen_name": null, "user": {"id": 56610317, "id_str": "56610317", "name": "'xo el \u2605", "screen_name": "Malakiantelloa", "location": "Boston, MA", "description": "Te caer\u00e9 bien hasta que me conozcas.", "url": "https://t.co/6k4qruwcfC", "entities": {"url": {"urls": [{"url": "https://t.co/6k4qruwcfC", "expanded_url": "http://www.lastfm.es/user/Malakiantelloa", "display_url": "lastfm.es/user/Malakiant\u2026", "indices": [0, 23]}]}, "description": {"urls": []}}, "protected": false, "followers_count": 770, "friends_count": 800, "listed_count": 6, "created_at": "Tue Jul 14 04:52:43 +0000 2009", "favourites_count": 5518, "utc_offset": null, "time_zone": null, "geo_enabled": true, "verified": false, "statuses_count": 63287, "lang": null, "contributors_enabled": false, "is_translator": false, "is_translation_enabled": false, "profile_background_color": "080808", "profile_background_image_url": "http://abs.twimg.com/images/themes/theme1/bg.png", "profile_background_image_url_https": "https://abs.twimg.com/images/themes/theme1/bg.png", "profile_background_tile": false, "profile_image_url": "http://pbs.twimg.com/profile_images/1161421256840925185/X9U3tZLD_normal.jpg", "profile_image_url_https": "https://pbs.twimg.com/profile_images/1161421256840925185/X9U3tZLD_normal.jpg", "profile_banner_url": "https://pbs.twimg.com/profile_banners/56610317/1533511435", "profile_link_color": "ABB8C2", "profile_sidebar_border_color": "000000", "profile_sidebar_fill_color": "0E0F0F", "profile_text_color": "F21509", "profile_use_background_image": true, "has_extended_profile": true, "default_profile": false, "default_profile_image": false, "following": false, "follow_request_sent": false, "notifications": false, "translator_type": "none"}, "geo": null, "coordinates": null, "place": null, "contributors": null, "is_quote_status": false, "retweet_count": 2207, "favorite_count": 4595, "favorited": false, "retweeted": false, "possibly_sensitive": false, "lang": "es"}, "retweet_count": 1, "favorite_count": 0, "favorited": false, "retweeted": false, "possibly_sensitive": false, "lang": "es"}