{"created_at": "Wed Feb 19 08:40:00 +0000 2020", "id": 1230049383560949763, "id_str": "1230049383560949763", "text": "Der Kampf gegen die #Infodemie: \"Die #WHO weiss, dass sich die Verbreitung von Ger\u00fcchten und #FakeNews im\u2026 https://t.co/2z5jbLFePt", "truncated": true, "entities": {"hashtags": [{"text": "Infodemie", "indices": [20, 30]}, {"text": "WHO", "indices": [37, 41]}, {"text": "FakeNews", "indices": [93, 102]}], "symbols": [], "user_mentions": [], "urls": [{"url": "https://t.co/2z5jbLFePt", "expanded_url": "https://twitter.com/i/web/status/1230049383560949763", "display_url": "twitter.com/i/web/status/1\u2026", "indices": [107, 130]}]}, "metadata": {"iso_language_code": "de", "result_type": "recent"}, "source": "<a href=\"https://mobile.twitter.com\" rel=\"nofollow\">Twitter Web App</a>", "in_reply_to_status_id": null, "in_reply_to_status_id_str": null, "in_reply_to_user_id": null, "in_reply_to_user_id_str": null, "in_reply_to_screen_name": null, "user": {"id": 2473947624, "id_str": "2473947624", "name": "Pharma Fakten", "screen_name": "pharmafakten", "location": "M\u00fcnchen, Bayern", "description": "News, Fakten und Hintergr\u00fcnde zu #pharma und #gesundheit | Impressum: https://t.co/vrp14bQcrh | Datenschutz: https://t.co/6ILXx1fijp", "url": "http://t.co/9SxxNwaPqa", "entities": {"url": {"urls": [{"url": "http://t.co/9SxxNwaPqa", "expanded_url": "http://www.pharma-fakten.de", "display_url": "pharma-fakten.de", "indices": [0, 22]}]}, "description": {"urls": [{"url": "https://t.co/vrp14bQcrh", "expanded_url": "https://www.pharma-fakten.de/impressum", "display_url": "pharma-fakten.de/impressum", "indices": [70, 93]}, {"url": "https://t.co/6ILXx1fijp", "expanded_url": "http://pharma-fakten.de/datenschutz/", "display_url": "pharma-fakten.de/datenschutz/", "indices": [109, 132]}]}}, "protected": false, "followers_count": 2763, "friends_count": 689, "listed_count": 63, "created_at": "Fri May 02 12:29:56 +0000 2014", "favourites_count": 364, "utc_offset": null, "time_zone": null, "geo_enabled": false, "verified": false, "statuses_count": 4759, "lang": null, "contributors_enabled": false, "is_translator": false, "is_translation_enabled": false, "profile_background_color": "E6EAC2", "profile_background_image_url": "http://abs.twimg.com/images/themes/theme1/bg.png", "profile_background_image_url_https": "https://abs.twimg.com/images/themes/theme1/bg.png", "profile_background_tile": false, "profile_image_url": "http://pbs.twimg.com/profile_images/875635546197970945/uQPiavdv_normal.jpg", "profile_image_url_https": "https://pbs.twimg.com/profile_images/875635546197970945/uQPiavdv_normal.jpg", "profile_banner_url": "https://pbs.twimg.com/profile_banners/2473947624/1410449914", "profile_link_color": "98A700", "profile_sidebar_border_color": "FFFFFF", "profile_sidebar_fill_color": "DDEEF6", "profile_text_color": "333333", "profile_use_background_image": false, "has_extended_profile": false, "default_profile": false, "default_profile_image": false, "following": false, "follow_request_sent": false, "notifications": false, "translator_type": "none"}, "geo": null, "coordinates": null, "place": null, "contributors": null, "is_quote_status": true, "quoted_status_id": 1230028774139465728, "quoted_status_id_str": "1230028774139465728", "quoted_status": {"created_at": "Wed Feb 19 07:18:07 +0000 2020", "id": 1230028774139465728, "id_str": "1230028774139465728", "text": "Topbeitrag von @SabrinaKessler zur grassierenden \"Infodemie\" zum Corona-Virus in der @Medienwoche :\u2026 https://t.co/O3zgaZmaOB", "truncated": true, "entities": {"hashtags": [], "symbols": [], "user_mentions": [{"screen_name": "SabrinaKessler", "name": "Sabrina H. Kessler", "id": 34905598, "id_str": "34905598", "indices": [15, 30]}, {"screen_name": "Medienwoche", "name": "Medienwoche", "id": 235164505, "id_str": "235164505", "indices": [85, 97]}], "urls": [{"url": "https://t.co/O3zgaZmaOB", "expanded_url": "https://twitter.com/i/web/status/1230028774139465728", "display_url": "twitter.com/i/web/status/1\u2026", "indices": [101, 124]}]}, "metadata": {"iso_language_code": "de", "result_type": "recent"}, "source": "<a href=\"https://mobile.twitter.com\" rel=\"nofollow\">Twitter Web App</a>", "in_reply_to_status_id": null, "in_reply_to_status_id_str": null, "in_reply_to_user_id": null, "in_reply_to_user_id_str": null, "in_reply_to_screen_name": null, "user": {"id": 1037419493323157504, "id_str": "1037419493323157504", "name": "W\u00e4gli Dominic", "screen_name": "waeglidom", "location": "Bern, Schweiz", "description": "", "url": null, "entities": {"description": {"urls": []}}, "protected": false, "followers_count": 21, "friends_count": 194, "listed_count": 2, "created_at": "Wed Sep 05 19:17:36 +0000 2018", "favourites_count": 16, "utc_offset": null, "time_zone": null, "geo_enabled": false, "verified": false, "statuses_count": 108, "lang": null, "contributors_enabled": false, "is_translator": false, "is_translation_enabled": false, "profile_background_color": "F5F8FA", "profile_background_image_url": null, "profile_background_image_url_https": null, "profile_background_tile": false, "profile_image_url": "http://pbs.twimg.com/profile_images/1046025004343799808/YPB0oF36_normal.jpg", "profile_image_url_https": "https://pbs.twimg.com/profile_images/1046025004343799808/YPB0oF36_normal.jpg", "profile_link_color": "1DA1F2", "profile_sidebar_border_color": "C0DEED", "profile_sidebar_fill_color": "DDEEF6", "profile_text_color": "333333", "profile_use_background_image": true, "has_extended_profile": false, "default_profile": true, "default_profile_image": false, "following": false, "follow_request_sent": false, "notifications": false, "translator_type": "none"}, "geo": null, "coordinates": null, "place": null, "contributors": null, "is_quote_status": false, "retweet_count": 2, "favorite_count": 4, "favorited": false, "retweeted": false, "possibly_sensitive": false, "lang": "de"}, "retweet_count": 1, "favorite_count": 0, "favorited": false, "retweeted": false, "possibly_sensitive": false, "lang": "de"}