{"created_at": "Fri Feb 21 09:07:10 +0000 2020", "id": 1230780994883637249, "id_str": "1230780994883637249", "text": "\u201c#CoronaVirus not as bad as flu\u201d-Meme not working, is it... https://t.co/1hlEVVVjti", "truncated": false, "entities": {"hashtags": [{"text": "CoronaVirus", "indices": [1, 13]}], "symbols": [], "user_mentions": [], "urls": [{"url": "https://t.co/1hlEVVVjti", "expanded_url": "https://twitter.com/Schuldensuehner/status/1230740937506160640", "display_url": "twitter.com/Schuldensuehne\u2026", "indices": [60, 83]}]}, "metadata": {"iso_language_code": "en", "result_type": "recent"}, "source": "<a href=\"http://twitter.com/download/iphone\" rel=\"nofollow\">Twitter for iPhone</a>", "in_reply_to_status_id": null, "in_reply_to_status_id_str": null, "in_reply_to_user_id": null, "in_reply_to_user_id_str": null, "in_reply_to_screen_name": null, "user": {"id": 2880037377, "id_str": "2880037377", "name": "Obi Wan Coinobi \ud83c\udf2e", "screen_name": "ikekatte", "location": "M\u00fcnchen, Bayern", "description": "#Bitcoin enthusiast who sees a bright future for the decentralised tech; not so much about the price but about the revolutionary Tech&its adop \u2752\ud83d\udd17", "url": null, "entities": {"description": {"urls": []}}, "protected": false, "followers_count": 467, "friends_count": 730, "listed_count": 4, "created_at": "Sun Nov 16 21:08:26 +0000 2014", "favourites_count": 16339, "utc_offset": null, "time_zone": null, "geo_enabled": false, "verified": false, "statuses_count": 8841, "lang": null, "contributors_enabled": false, "is_translator": false, "is_translation_enabled": false, "profile_background_color": "C0DEED", "profile_background_image_url": "http://abs.twimg.com/images/themes/theme1/bg.png", "profile_background_image_url_https": "https://abs.twimg.com/images/themes/theme1/bg.png", "profile_background_tile": false, "profile_image_url": "http://pbs.twimg.com/profile_images/1209391953584033793/woEDWYkY_normal.jpg", "profile_image_url_https": "https://pbs.twimg.com/profile_images/1209391953584033793/woEDWYkY_normal.jpg", "profile_banner_url": "https://pbs.twimg.com/profile_banners/2880037377/1577176486", "profile_link_color": "1DA1F2", "profile_sidebar_border_color": "C0DEED", "profile_sidebar_fill_color": "DDEEF6", "profile_text_color": "333333", "profile_use_background_image": true, "has_extended_profile": true, "default_profile": true, "default_profile_image": false, "following": false, "follow_request_sent": false, "notifications": false, "translator_type": "none"}, "geo": null, "coordinates": null, "place": null, "contributors": null, "is_quote_status": true, "quoted_status_id": 1230740937506160640, "quoted_status_id_str": "1230740937506160640", "quoted_status": {"created_at": "Fri Feb 21 06:28:00 +0000 2020", "id": 1230740937506160640, "id_str": "1230740937506160640", "text": "Ouch! #China car sales tumble 92% in first half of February on virus. \u2018Barely anybody\u2019 buying cars, China car assoc\u2026 https://t.co/OMjrnKNiaN", "truncated": true, "entities": {"hashtags": [{"text": "China", "indices": [6, 12]}], "symbols": [], "user_mentions": [], "urls": [{"url": "https://t.co/OMjrnKNiaN", "expanded_url": "https://twitter.com/i/web/status/1230740937506160640", "display_url": "twitter.com/i/web/status/1\u2026", "indices": [117, 140]}]}, "metadata": {"iso_language_code": "en", "result_type": "recent"}, "source": "<a href=\"https://about.twitter.com/products/tweetdeck\" rel=\"nofollow\">TweetDeck</a>", "in_reply_to_status_id": null, "in_reply_to_status_id_str": null, "in_reply_to_user_id": null, "in_reply_to_user_id_str": null, "in_reply_to_screen_name": null, "user": {"id": 40129171, "id_str": "40129171", "name": "Holger Zschaepitz", "screen_name": "Schuldensuehner", "location": "Berlin, Germany", "description": "Holger Zsch\u00e4pitz is market maniac @Welt and Author of 'Schulden ohne S\u00fchne?' a book on states' addictiveness to debt. Pics: https://t.co/YTtE1n2ifn", "url": "https://t.co/nuuKmtRtJK", "entities": {"url": {"urls": [{"url": "https://t.co/nuuKmtRtJK", "expanded_url": "http://www.welt.de/autor/holger-zschaepitz/", "display_url": "welt.de/autor/holger-z\u2026", "indices": [0, 23]}]}, "description": {"urls": [{"url": "https://t.co/YTtE1n2ifn", "expanded_url": "http://instagram.com/schuldensuehner", "display_url": "instagram.com/schuldensuehner", "indices": [124, 147]}]}}, "protected": false, "followers_count": 99106, "friends_count": 323, "listed_count": 3485, "created_at": "Fri May 15 00:26:19 +0000 2009", "favourites_count": 6257, "utc_offset": null, "time_zone": null, "geo_enabled": true, "verified": false, "statuses_count": 72712, "lang": null, "contributors_enabled": false, "is_translator": false, "is_translation_enabled": false, "profile_background_color": "000000", "profile_background_image_url": "http://abs.twimg.com/images/themes/theme1/bg.png", "profile_background_image_url_https": "https://abs.twimg.com/images/themes/theme1/bg.png", "profile_background_tile": false, "profile_image_url": "http://pbs.twimg.com/profile_images/799730879064993792/_ErzqsW2_normal.jpg", "profile_image_url_https": "https://pbs.twimg.com/profile_images/799730879064993792/_ErzqsW2_normal.jpg", "profile_banner_url": "https://pbs.twimg.com/profile_banners/40129171/1365866294", "profile_link_color": "3B94D9", "profile_sidebar_border_color": "000000", "profile_sidebar_fill_color": "000000", "profile_text_color": "000000", "profile_use_background_image": false, "has_extended_profile": true, "default_profile": false, "default_profile_image": false, "following": false, "follow_request_sent": false, "notifications": false, "translator_type": "none"}, "geo": null, "coordinates": null, "place": null, "contributors": null, "is_quote_status": false, "retweet_count": 328, "favorite_count": 460, "favorited": false, "retweeted": false, "possibly_sensitive": false, "lang": "en"}, "retweet_count": 0, "favorite_count": 0, "favorited": false, "retweeted": false, "possibly_sensitive": false, "lang": "en"}