{"created_at": "Wed Feb 19 18:07:06 +0000 2020", "id": 1230192098260942851, "id_str": "1230192098260942851", "text": "#Coronavirus : celui par qui la th\u00e9orie du complot est partie rompt le silence...\n https://t.co/c5DAPiyZ7P via @", "truncated": false, "entities": {"hashtags": [{"text": "Coronavirus", "indices": [0, 12]}], "symbols": [], "user_mentions": [], "urls": [{"url": "https://t.co/c5DAPiyZ7P", "expanded_url": "https://www.dreuz.info/2020/02/19/coronavirus-celui-par-qui-la-theorie-du-complot-est-partie-rompt-le-silence/", "display_url": "dreuz.info/2020/02/19/cor\u2026", "indices": [83, 106]}]}, "metadata": {"iso_language_code": "fr", "result_type": "recent"}, "source": "<a href=\"http://twitter.com/#!/download/ipad\" rel=\"nofollow\">Twitter for iPad</a>", "in_reply_to_status_id": null, "in_reply_to_status_id_str": null, "in_reply_to_user_id": null, "in_reply_to_user_id_str": null, "in_reply_to_screen_name": null, "user": {"id": 995604886409695233, "id_str": "995604886409695233", "name": "Lucky Luc", "screen_name": "LuckyLu32431232", "location": "Monaco", "description": "Revue de presse \u00e9clectique au quotidien. Lib\u00e9ral et contre un Etat qui nous \u00e9touffe et d\u00e9cide de tout au d\u00e9triment de nos libert\u00e9s! RT n\u2019est pas approuver.", "url": null, "entities": {"description": {"urls": []}}, "protected": false, "followers_count": 1905, "friends_count": 1342, "listed_count": 7, "created_at": "Sun May 13 10:01:17 +0000 2018", "favourites_count": 31127, "utc_offset": null, "time_zone": null, "geo_enabled": false, "verified": false, "statuses_count": 11057, "lang": null, "contributors_enabled": false, "is_translator": false, "is_translation_enabled": false, "profile_background_color": "F5F8FA", "profile_background_image_url": null, "profile_background_image_url_https": null, "profile_background_tile": false, "profile_image_url": "http://pbs.twimg.com/profile_images/996011970976501760/IpPrSXO7_normal.jpg", "profile_image_url_https": "https://pbs.twimg.com/profile_images/996011970976501760/IpPrSXO7_normal.jpg", "profile_banner_url": "https://pbs.twimg.com/profile_banners/995604886409695233/1545066597", "profile_link_color": "1DA1F2", "profile_sidebar_border_color": "C0DEED", "profile_sidebar_fill_color": "DDEEF6", "profile_text_color": "333333", "profile_use_background_image": true, "has_extended_profile": false, "default_profile": true, "default_profile_image": false, "following": false, "follow_request_sent": false, "notifications": false, "translator_type": "none"}, "geo": null, "coordinates": null, "place": null, "contributors": null, "is_quote_status": false, "retweet_count": 0, "favorite_count": 3, "favorited": false, "retweeted": false, "possibly_sensitive": false, "lang": "fr"}