{"created_at": "Tue Feb 18 21:00:51 +0000 2020", "id": 1229873433263120384, "id_str": "1229873433263120384", "text": "Bei 80 Prozent verl\u00e4uft Infektion mit #SARSCoV2 mild. Das zeigen\nDaten von \u00fcber 70.000 #Patienten. Rund 1.700 Mitar\u2026 https://t.co/fROW0asJIb", "truncated": true, "entities": {"hashtags": [{"text": "SARSCoV2", "indices": [38, 47]}, {"text": "Patienten", "indices": [87, 97]}], "symbols": [], "user_mentions": [], "urls": [{"url": "https://t.co/fROW0asJIb", "expanded_url": "https://twitter.com/i/web/status/1229873433263120384", "display_url": "twitter.com/i/web/status/1\u2026", "indices": [117, 140]}]}, "metadata": {"iso_language_code": "de", "result_type": "recent"}, "source": "<a href=\"http://twitter.com/download/android\" rel=\"nofollow\">Twitter for Android</a>", "in_reply_to_status_id": null, "in_reply_to_status_id_str": null, "in_reply_to_user_id": null, "in_reply_to_user_id_str": null, "in_reply_to_screen_name": null, "user": {"id": 1250172523, "id_str": "1250172523", "name": "Hartmut Kistenfeger", "screen_name": "kistenfeger_h", "location": "M\u00fcnchen", "description": "Comms Experte mit besonderem Interesse an Klinik, Gesundheit, Digitalisierung und Familienunternehmen. Hier privat.", "url": null, "entities": {"description": {"urls": []}}, "protected": false, "followers_count": 50, "friends_count": 114, "listed_count": 0, "created_at": "Thu Mar 07 22:18:48 +0000 2013", "favourites_count": 19, "utc_offset": null, "time_zone": null, "geo_enabled": false, "verified": false, "statuses_count": 191, "lang": null, "contributors_enabled": false, "is_translator": false, "is_translation_enabled": false, "profile_background_color": "C0DEED", "profile_background_image_url": "http://abs.twimg.com/images/themes/theme1/bg.png", "profile_background_image_url_https": "https://abs.twimg.com/images/themes/theme1/bg.png", "profile_background_tile": false, "profile_image_url": "http://pbs.twimg.com/profile_images/818061234742370304/jiD7CVJj_normal.jpg", "profile_image_url_https": "https://pbs.twimg.com/profile_images/818061234742370304/jiD7CVJj_normal.jpg", "profile_banner_url": "https://pbs.twimg.com/profile_banners/1250172523/1530950398", "profile_link_color": "1DA1F2", "profile_sidebar_border_color": "C0DEED", "profile_sidebar_fill_color": "DDEEF6", "profile_text_color": "333333", "profile_use_background_image": true, "has_extended_profile": false, "default_profile": true, "default_profile_image": false, "following": false, "follow_request_sent": false, "notifications": false, "translator_type": "none"}, "geo": null, "coordinates": null, "place": null, "contributors": null, "is_quote_status": false, "retweet_count": 0, "favorite_count": 0, "favorited": false, "retweeted": false, "possibly_sensitive": false, "lang": "de"}