{"created_at": "Thu Feb 20 04:50:34 +0000 2020", "id": 1230354032612593669, "id_str": "1230354032612593669", "text": "RT @mesguerrab: Pandemic viruses like the #coronavirus cause more anxiety because, unlike the flu, there are not any initial countermeasure\u2026", "truncated": false, "entities": {"hashtags": [{"text": "coronavirus", "indices": [42, 54]}], "symbols": [], "user_mentions": [{"screen_name": "mesguerrab", "name": "Mauricio Esguerra", "id": 541226942, "id_str": "541226942", "indices": [3, 14]}], "urls": []}, "metadata": {"iso_language_code": "en", "result_type": "recent"}, "source": "<a href=\"http://twitter.com/download/android\" rel=\"nofollow\">Twitter for Android</a>", "in_reply_to_status_id": null, "in_reply_to_status_id_str": null, "in_reply_to_user_id": null, "in_reply_to_user_id_str": null, "in_reply_to_screen_name": null, "user": {"id": 541226942, "id_str": "541226942", "name": "Mauricio Esguerra", "screen_name": "mesguerrab", "location": "M\u00fcnchen", "description": "CEO and Co-founder @magnetic_cement and @Luxesso |\nPhycisist @TU_Muenchen and @OhioState | Standards: \n@IEC @SAE @DKE", "url": null, "entities": {"description": {"urls": []}}, "protected": false, "followers_count": 125, "friends_count": 564, "listed_count": 12, "created_at": "Sat Mar 31 00:12:24 +0000 2012", "favourites_count": 802, "utc_offset": null, "time_zone": null, "geo_enabled": false, "verified": false, "statuses_count": 1060, "lang": null, "contributors_enabled": false, "is_translator": false, "is_translation_enabled": false, "profile_background_color": "C0DEED", "profile_background_image_url": "http://abs.twimg.com/images/themes/theme1/bg.png", "profile_background_image_url_https": "https://abs.twimg.com/images/themes/theme1/bg.png", "profile_background_tile": false, "profile_image_url": "http://pbs.twimg.com/profile_images/453558381346062336/fGZfKwcy_normal.jpeg", "profile_image_url_https": "https://pbs.twimg.com/profile_images/453558381346062336/fGZfKwcy_normal.jpeg", "profile_link_color": "1DA1F2", "profile_sidebar_border_color": "C0DEED", "profile_sidebar_fill_color": "DDEEF6", "profile_text_color": "333333", "profile_use_background_image": true, "has_extended_profile": true, "default_profile": true, "default_profile_image": false, "following": false, "follow_request_sent": false, "notifications": false, "translator_type": "none"}, "geo": null, "coordinates": null, "place": null, "contributors": null, "retweeted_status": {"created_at": "Thu Feb 20 04:25:34 +0000 2020", "id": 1230347740980432900, "id_str": "1230347740980432900", "text": "Pandemic viruses like the #coronavirus cause more anxiety because, unlike the flu, there are not any initial counte\u2026 https://t.co/VdfkLVKdxI", "truncated": true, "entities": {"hashtags": [{"text": "coronavirus", "indices": [26, 38]}], "symbols": [], "user_mentions": [], "urls": [{"url": "https://t.co/VdfkLVKdxI", "expanded_url": "https://twitter.com/i/web/status/1230347740980432900", "display_url": "twitter.com/i/web/status/1\u2026", "indices": [117, 140]}]}, "metadata": {"iso_language_code": "en", "result_type": "recent"}, "source": "<a href=\"http://twitter.com/download/android\" rel=\"nofollow\">Twitter for Android</a>", "in_reply_to_status_id": null, "in_reply_to_status_id_str": null, "in_reply_to_user_id": null, "in_reply_to_user_id_str": null, "in_reply_to_screen_name": null, "user": {"id": 541226942, "id_str": "541226942", "name": "Mauricio Esguerra", "screen_name": "mesguerrab", "location": "M\u00fcnchen", "description": "CEO and Co-founder @magnetic_cement and @Luxesso |\nPhycisist @TU_Muenchen and @OhioState | Standards: \n@IEC @SAE @DKE", "url": null, "entities": {"description": {"urls": []}}, "protected": false, "followers_count": 125, "friends_count": 564, "listed_count": 12, "created_at": "Sat Mar 31 00:12:24 +0000 2012", "favourites_count": 802, "utc_offset": null, "time_zone": null, "geo_enabled": false, "verified": false, "statuses_count": 1060, "lang": null, "contributors_enabled": false, "is_translator": false, "is_translation_enabled": false, "profile_background_color": "C0DEED", "profile_background_image_url": "http://abs.twimg.com/images/themes/theme1/bg.png", "profile_background_image_url_https": "https://abs.twimg.com/images/themes/theme1/bg.png", "profile_background_tile": false, "profile_image_url": "http://pbs.twimg.com/profile_images/453558381346062336/fGZfKwcy_normal.jpeg", "profile_image_url_https": "https://pbs.twimg.com/profile_images/453558381346062336/fGZfKwcy_normal.jpeg", "profile_link_color": "1DA1F2", "profile_sidebar_border_color": "C0DEED", "profile_sidebar_fill_color": "DDEEF6", "profile_text_color": "333333", "profile_use_background_image": true, "has_extended_profile": true, "default_profile": true, "default_profile_image": false, "following": false, "follow_request_sent": false, "notifications": false, "translator_type": "none"}, "geo": null, "coordinates": null, "place": null, "contributors": null, "is_quote_status": false, "retweet_count": 1, "favorite_count": 0, "favorited": false, "retweeted": false, "possibly_sensitive": false, "lang": "en"}, "is_quote_status": false, "retweet_count": 1, "favorite_count": 0, "favorited": false, "retweeted": false, "possibly_sensitive": false, "lang": "en"}