{"created_at": "Thu Feb 20 13:21:10 +0000 2020", "id": 1230482526185181184, "id_str": "1230482526185181184", "text": "A range of #CANbus exhibitors have already cancelled their visit at the @embedded_world due to #coronavirus\u2026 https://t.co/pkygCjNjiY", "truncated": true, "entities": {"hashtags": [{"text": "CANbus", "indices": [11, 18]}, {"text": "coronavirus", "indices": [95, 107]}], "symbols": [], "user_mentions": [{"screen_name": "embedded_world", "name": "embedded world", "id": 74720685, "id_str": "74720685", "indices": [72, 87]}], "urls": [{"url": "https://t.co/pkygCjNjiY", "expanded_url": "https://twitter.com/i/web/status/1230482526185181184", "display_url": "twitter.com/i/web/status/1\u2026", "indices": [109, 132]}]}, "metadata": {"iso_language_code": "en", "result_type": "recent"}, "source": "<a href=\"https://mobile.twitter.com\" rel=\"nofollow\">Twitter Web App</a>", "in_reply_to_status_id": null, "in_reply_to_status_id_str": null, "in_reply_to_user_id": null, "in_reply_to_user_id_str": null, "in_reply_to_screen_name": null, "user": {"id": 66328689, "id_str": "66328689", "name": "CAN in Automation", "screen_name": "CANopen", "location": "Nuremberg, Germany", "description": "CANopen, CAN bus. Tweets by Cindy ^cw, Holger ^hz, Meng ^mx, Olga ^of, Thilo ^ts Imprint: https://t.co/utAy8af84C", "url": "https://t.co/vdqIoEMzhp", "entities": {"url": {"urls": [{"url": "https://t.co/vdqIoEMzhp", "expanded_url": "http://canopen.org", "display_url": "canopen.org", "indices": [0, 23]}]}, "description": {"urls": [{"url": "https://t.co/utAy8af84C", "expanded_url": "http://can-cia.org/imprint/", "display_url": "can-cia.org/imprint/", "indices": [90, 113]}]}}, "protected": false, "followers_count": 1013, "friends_count": 82, "listed_count": 40, "created_at": "Mon Aug 17 10:51:21 +0000 2009", "favourites_count": 111, "utc_offset": null, "time_zone": null, "geo_enabled": false, "verified": false, "statuses_count": 2245, "lang": null, "contributors_enabled": false, "is_translator": false, "is_translation_enabled": false, "profile_background_color": "C0DEED", "profile_background_image_url": "http://abs.twimg.com/images/themes/theme1/bg.png", "profile_background_image_url_https": "https://abs.twimg.com/images/themes/theme1/bg.png", "profile_background_tile": false, "profile_image_url": "http://pbs.twimg.com/profile_images/582532398480531456/cS8XUIRw_normal.jpg", "profile_image_url_https": "https://pbs.twimg.com/profile_images/582532398480531456/cS8XUIRw_normal.jpg", "profile_banner_url": "https://pbs.twimg.com/profile_banners/66328689/1460730730", "profile_link_color": "1DA1F2", "profile_sidebar_border_color": "C0DEED", "profile_sidebar_fill_color": "DDEEF6", "profile_text_color": "333333", "profile_use_background_image": true, "has_extended_profile": false, "default_profile": true, "default_profile_image": false, "following": false, "follow_request_sent": false, "notifications": false, "translator_type": "none"}, "geo": null, "coordinates": null, "place": null, "contributors": null, "is_quote_status": false, "retweet_count": 1, "favorite_count": 2, "favorited": false, "retweeted": false, "possibly_sensitive": false, "lang": "en"}