{"created_at": "Wed Feb 19 20:52:19 +0000 2020", "id": 1230233673930346496, "id_str": "1230233673930346496", "text": "Almans fahren auf Kreuzfahrt und infizieren sich beinahe mit neuartigem Virus und buchen dann die n\u00e4chste Kreuzfahr\u2026 https://t.co/1phcSEYcdR", "truncated": true, "entities": {"hashtags": [], "symbols": [], "user_mentions": [], "urls": [{"url": "https://t.co/1phcSEYcdR", "expanded_url": "https://twitter.com/i/web/status/1230233673930346496", "display_url": "twitter.com/i/web/status/1\u2026", "indices": [117, 140]}]}, "metadata": {"iso_language_code": "de", "result_type": "recent"}, "source": "<a href=\"https://mobile.twitter.com\" rel=\"nofollow\">Twitter Web App</a>", "in_reply_to_status_id": null, "in_reply_to_status_id_str": null, "in_reply_to_user_id": null, "in_reply_to_user_id_str": null, "in_reply_to_screen_name": null, "user": {"id": 807950805705887744, "id_str": "807950805705887744", "name": "Lorenzo Frick", "screen_name": "UMWEGN", "location": "M\u00fcnchen, Bayern", "description": "Seltsamer Nischenblog, der in keine Nische passt\ud83e\udd37\u200d\u2642\ufe0f\n\n#Autor #Blogger #Podcaster", "url": "https://t.co/TFUqQYYzbL", "entities": {"url": {"urls": [{"url": "https://t.co/TFUqQYYzbL", "expanded_url": "http://umwegn.com", "display_url": "umwegn.com", "indices": [0, 23]}]}, "description": {"urls": []}}, "protected": false, "followers_count": 63, "friends_count": 399, "listed_count": 3, "created_at": "Sun Dec 11 14:10:57 +0000 2016", "favourites_count": 2431, "utc_offset": null, "time_zone": null, "geo_enabled": true, "verified": false, "statuses_count": 1149, "lang": null, "contributors_enabled": false, "is_translator": false, "is_translation_enabled": false, "profile_background_color": "000000", "profile_background_image_url": "http://abs.twimg.com/images/themes/theme1/bg.png", "profile_background_image_url_https": "https://abs.twimg.com/images/themes/theme1/bg.png", "profile_background_tile": false, "profile_image_url": "http://pbs.twimg.com/profile_images/1088869785591529477/9BkCv8mf_normal.jpg", "profile_image_url_https": "https://pbs.twimg.com/profile_images/1088869785591529477/9BkCv8mf_normal.jpg", "profile_banner_url": "https://pbs.twimg.com/profile_banners/807950805705887744/1538854082", "profile_link_color": "242857", "profile_sidebar_border_color": "000000", "profile_sidebar_fill_color": "000000", "profile_text_color": "000000", "profile_use_background_image": false, "has_extended_profile": false, "default_profile": false, "default_profile_image": false, "following": false, "follow_request_sent": false, "notifications": false, "translator_type": "none"}, "geo": null, "coordinates": null, "place": null, "contributors": null, "is_quote_status": true, "quoted_status_id": 1230227560509911042, "quoted_status_id_str": "1230227560509911042", "quoted_status": {"created_at": "Wed Feb 19 20:28:01 +0000 2020", "id": 1230227560509911042, "id_str": "1230227560509911042", "text": "Endlich von Bord! Zwei Wochen eingeschlossen auf der #DiamondPrincess und jeden Tag mehr Menschen mit dem\u2026 https://t.co/uh6AcN6Qfe", "truncated": true, "entities": {"hashtags": [{"text": "DiamondPrincess", "indices": [53, 69]}], "symbols": [], "user_mentions": [], "urls": [{"url": "https://t.co/uh6AcN6Qfe", "expanded_url": "https://twitter.com/i/web/status/1230227560509911042", "display_url": "twitter.com/i/web/status/1\u2026", "indices": [107, 130]}]}, "metadata": {"iso_language_code": "de", "result_type": "recent"}, "source": "<a href=\"https://studio.twitter.com\" rel=\"nofollow\">Twitter Media Studio</a>", "in_reply_to_status_id": null, "in_reply_to_status_id_str": null, "in_reply_to_user_id": null, "in_reply_to_user_id_str": null, "in_reply_to_screen_name": null, "user": {"id": 1597756754, "id_str": "1597756754", "name": "ZDF heuteplus", "screen_name": "heuteplus", "location": "Mainz", "description": "News online, on air, zum Mitreden. Hier twittert das Team von heute+ | Impressum https://t.co/amSyYEP1rh | Netiquette https://t.co/c3nnlJweQV", "url": "https://t.co/5XyRt0aJT9", "entities": {"url": {"urls": [{"url": "https://t.co/5XyRt0aJT9", "expanded_url": "http://heuteplus.zdf.de", "display_url": "heuteplus.zdf.de", "indices": [0, 23]}]}, "description": {"urls": [{"url": "https://t.co/amSyYEP1rh", "expanded_url": "http://ly.zdf.de/impressum", "display_url": "ly.zdf.de/impressum", "indices": [81, 104]}, {"url": "https://t.co/c3nnlJweQV", "expanded_url": "http://ly.zdf.de/netiquette", "display_url": "ly.zdf.de/netiquette", "indices": [118, 141]}]}}, "protected": false, "followers_count": 66754, "friends_count": 655, "listed_count": 521, "created_at": "Tue Jul 16 07:07:21 +0000 2013", "favourites_count": 7197, "utc_offset": null, "time_zone": null, "geo_enabled": false, "verified": true, "statuses_count": 17484, "lang": null, "contributors_enabled": false, "is_translator": false, "is_translation_enabled": true, "profile_background_color": "000000", "profile_background_image_url": "http://abs.twimg.com/images/themes/theme1/bg.png", "profile_background_image_url_https": "https://abs.twimg.com/images/themes/theme1/bg.png", "profile_background_tile": false, "profile_image_url": "http://pbs.twimg.com/profile_images/893032371359961089/gyS71uo2_normal.jpg", "profile_image_url_https": "https://pbs.twimg.com/profile_images/893032371359961089/gyS71uo2_normal.jpg", "profile_banner_url": "https://pbs.twimg.com/profile_banners/1597756754/1563535789", "profile_link_color": "3B94D9", "profile_sidebar_border_color": "000000", "profile_sidebar_fill_color": "000000", "profile_text_color": "000000", "profile_use_background_image": false, "has_extended_profile": false, "default_profile": false, "default_profile_image": false, "following": false, "follow_request_sent": false, "notifications": false, "translator_type": "none"}, "geo": null, "coordinates": null, "place": null, "contributors": null, "is_quote_status": false, "retweet_count": 3, "favorite_count": 30, "favorited": false, "retweeted": false, "possibly_sensitive": false, "lang": "de"}, "retweet_count": 0, "favorite_count": 0, "favorited": false, "retweeted": false, "possibly_sensitive": false, "lang": "de"}