{"created_at": "Thu Feb 20 17:30:38 +0000 2020", "id": 1230545307651493889, "id_str": "1230545307651493889", "text": "#coronavirus\n\n#Sterblichkeit durch #Covid-19 : \nDie Gefahr steigt ab 50 und \nwenn man ein Mann ist \n\nhttps://t.co/dGu3Yz5wFU", "truncated": false, "entities": {"hashtags": [{"text": "coronavirus", "indices": [0, 12]}, {"text": "Sterblichkeit", "indices": [14, 28]}, {"text": "Covid", "indices": [35, 41]}], "symbols": [], "user_mentions": [], "urls": [{"url": "https://t.co/dGu3Yz5wFU", "expanded_url": "https://www.spiegel.de/wissenschaft/medizin/neues-coronavirus-welche-menschen-durch-covid-2019-besonders-gefaehrdet-sind-a-261c0cf4-2ca3-4a42-a85b-d3dc546faa98", "display_url": "spiegel.de/wissenschaft/m\u2026", "indices": [101, 124]}]}, "metadata": {"iso_language_code": "de", "result_type": "recent"}, "source": "<a href=\"http://twitter.com\" rel=\"nofollow\">Twitter Web Client</a>", "in_reply_to_status_id": null, "in_reply_to_status_id_str": null, "in_reply_to_user_id": null, "in_reply_to_user_id_str": null, "in_reply_to_screen_name": null, "user": {"id": 865122032, "id_str": "865122032", "name": "Ekkehard von Weiher", "screen_name": "Lichtspruch", "location": "M\u00fcnchen", "description": "Democracy \nDies in Darkness - \nLet There be Light ! \n\n#3D #FridaysForFuture \n#ClimateCrisis #Crossview \n#Antifaschismus #3DforFuture", "url": "https://t.co/jKYYldpwXu", "entities": {"url": {"urls": [{"url": "https://t.co/jKYYldpwXu", "expanded_url": "http://linkedin.com/in/weiher", "display_url": "linkedin.com/in/weiher", "indices": [0, 23]}]}, "description": {"urls": []}}, "protected": false, "followers_count": 205, "friends_count": 1886, "listed_count": 0, "created_at": "Sat Oct 06 18:41:20 +0000 2012", "favourites_count": 1935, "utc_offset": null, "time_zone": null, "geo_enabled": false, "verified": false, "statuses_count": 2819, "lang": null, "contributors_enabled": false, "is_translator": false, "is_translation_enabled": false, "profile_background_color": "C0DEED", "profile_background_image_url": "http://abs.twimg.com/images/themes/theme1/bg.png", "profile_background_image_url_https": "https://abs.twimg.com/images/themes/theme1/bg.png", "profile_background_tile": false, "profile_image_url": "http://pbs.twimg.com/profile_images/1198079226605428736/aSY9GyiE_normal.png", "profile_image_url_https": "https://pbs.twimg.com/profile_images/1198079226605428736/aSY9GyiE_normal.png", "profile_banner_url": "https://pbs.twimg.com/profile_banners/865122032/1577599437", "profile_link_color": "1DA1F2", "profile_sidebar_border_color": "C0DEED", "profile_sidebar_fill_color": "DDEEF6", "profile_text_color": "333333", "profile_use_background_image": true, "has_extended_profile": false, "default_profile": true, "default_profile_image": false, "following": false, "follow_request_sent": false, "notifications": false, "translator_type": "none"}, "geo": null, "coordinates": null, "place": null, "contributors": null, "is_quote_status": false, "retweet_count": 0, "favorite_count": 0, "favorited": false, "retweeted": false, "possibly_sensitive": false, "lang": "de"}