{"created_at": "Wed Feb 19 13:27:05 +0000 2020", "id": 1230121629444923392, "id_str": "1230121629444923392", "text": "#Coronavirus: f\u00fcr M\u00e4nner \u00fcber 80 wird es kritisch.\nNeue Daten zur #COVID19 / #SARSCoV2 - Mortalit\u00e4t. https://t.co/2QvTWX18tL", "truncated": false, "entities": {"hashtags": [{"text": "Coronavirus", "indices": [0, 12]}, {"text": "COVID19", "indices": [66, 74]}, {"text": "SARSCoV2", "indices": [77, 86]}], "symbols": [], "user_mentions": [], "urls": [], "media": [{"id": 1230121623061245957, "id_str": "1230121623061245957", "indices": [101, 124], "media_url": "http://pbs.twimg.com/media/ERJFGUUXsAUUcvT.png", "media_url_https": "https://pbs.twimg.com/media/ERJFGUUXsAUUcvT.png", "url": "https://t.co/2QvTWX18tL", "display_url": "pic.twitter.com/2QvTWX18tL", "expanded_url": "https://twitter.com/mride80336/status/1230121629444923392/photo/1", "type": "photo", "sizes": {"small": {"w": 445, "h": 647, "resize": "fit"}, "medium": {"w": 445, "h": 647, "resize": "fit"}, "large": {"w": 445, "h": 647, "resize": "fit"}, "thumb": {"w": 150, "h": 150, "resize": "crop"}}}]}, "extended_entities": {"media": [{"id": 1230121623061245957, "id_str": "1230121623061245957", "indices": [101, 124], "media_url": "http://pbs.twimg.com/media/ERJFGUUXsAUUcvT.png", "media_url_https": "https://pbs.twimg.com/media/ERJFGUUXsAUUcvT.png", "url": "https://t.co/2QvTWX18tL", "display_url": "pic.twitter.com/2QvTWX18tL", "expanded_url": "https://twitter.com/mride80336/status/1230121629444923392/photo/1", "type": "photo", "sizes": {"small": {"w": 445, "h": 647, "resize": "fit"}, "medium": {"w": 445, "h": 647, "resize": "fit"}, "large": {"w": 445, "h": 647, "resize": "fit"}, "thumb": {"w": 150, "h": 150, "resize": "crop"}}}]}, "metadata": {"iso_language_code": "de", "result_type": "recent"}, "source": "<a href=\"https://mobile.twitter.com\" rel=\"nofollow\">Twitter Web App</a>", "in_reply_to_status_id": null, "in_reply_to_status_id_str": null, "in_reply_to_user_id": null, "in_reply_to_user_id_str": null, "in_reply_to_screen_name": null, "user": {"id": 357072283, "id_str": "357072283", "name": "Martin Richter", "screen_name": "mride80336", "location": "M\u00fcnchen, Bayern", "description": "Interessiert an Forschung | Medien | Deutschland, Europa, Welt | Politik, Sozial- und Umweltfragen | Selbst: Informatiker und Projektplaner", "url": null, "entities": {"description": {"urls": []}}, "protected": false, "followers_count": 63, "friends_count": 60, "listed_count": 0, "created_at": "Wed Aug 17 20:11:43 +0000 2011", "favourites_count": 55, "utc_offset": null, "time_zone": null, "geo_enabled": true, "verified": false, "statuses_count": 257, "lang": null, "contributors_enabled": false, "is_translator": false, "is_translation_enabled": false, "profile_background_color": "C0DEED", "profile_background_image_url": "http://abs.twimg.com/images/themes/theme1/bg.png", "profile_background_image_url_https": "https://abs.twimg.com/images/themes/theme1/bg.png", "profile_background_tile": false, "profile_image_url": "http://pbs.twimg.com/profile_images/1223850047168819200/JPLX4UnS_normal.jpg", "profile_image_url_https": "https://pbs.twimg.com/profile_images/1223850047168819200/JPLX4UnS_normal.jpg", "profile_banner_url": "https://pbs.twimg.com/profile_banners/357072283/1582111833", "profile_link_color": "1DA1F2", "profile_sidebar_border_color": "C0DEED", "profile_sidebar_fill_color": "DDEEF6", "profile_text_color": "333333", "profile_use_background_image": true, "has_extended_profile": true, "default_profile": true, "default_profile_image": false, "following": false, "follow_request_sent": false, "notifications": false, "translator_type": "none"}, "geo": null, "coordinates": null, "place": null, "contributors": null, "is_quote_status": false, "retweet_count": 5, "favorite_count": 11, "favorited": false, "retweeted": false, "possibly_sensitive": false, "lang": "de"}