{"created_at": "Wed Feb 19 07:45:03 +0000 2020", "id": 1230035554881986561, "id_str": "1230035554881986561", "text": "Umfrage in 23 L\u00e4ndern und Regionen zur weltweit unterschiedlichen Wahrnehmung des #Coronavirus \nhttps://t.co/cDbDD4cxG7", "truncated": false, "entities": {"hashtags": [{"text": "Coronavirus", "indices": [82, 94]}], "symbols": [], "user_mentions": [], "urls": [{"url": "https://t.co/cDbDD4cxG7", "expanded_url": "http://ow.ly/7v1C50ypg31", "display_url": "ow.ly/7v1C50ypg31", "indices": [96, 119]}]}, "metadata": {"iso_language_code": "de", "result_type": "recent"}, "source": "<a href=\"https://www.hootsuite.com\" rel=\"nofollow\">Hootsuite Inc.</a>", "in_reply_to_status_id": null, "in_reply_to_status_id_str": null, "in_reply_to_user_id": null, "in_reply_to_user_id_str": null, "in_reply_to_screen_name": null, "user": {"id": 544106188, "id_str": "544106188", "name": "experten Report", "screen_name": "experten_Report", "location": "M\u00fcnchen, Bayern", "description": "Ihre Versicherungs- und Finanznachrichten https://t.co/4jMSbC9PCP", "url": "https://t.co/8GhStQyA7B", "entities": {"url": {"urls": [{"url": "https://t.co/8GhStQyA7B", "expanded_url": "http://www.experten.de", "display_url": "experten.de", "indices": [0, 23]}]}, "description": {"urls": [{"url": "https://t.co/4jMSbC9PCP", "expanded_url": "http://www.experten.de/impressum/", "display_url": "experten.de/impressum/", "indices": [42, 65]}]}}, "protected": false, "followers_count": 1478, "friends_count": 887, "listed_count": 67, "created_at": "Tue Apr 03 08:45:56 +0000 2012", "favourites_count": 454, "utc_offset": null, "time_zone": null, "geo_enabled": false, "verified": false, "statuses_count": 11904, "lang": null, "contributors_enabled": false, "is_translator": false, "is_translation_enabled": false, "profile_background_color": "C8C8C8", "profile_background_image_url": "http://abs.twimg.com/images/themes/theme17/bg.gif", "profile_background_image_url_https": "https://abs.twimg.com/images/themes/theme17/bg.gif", "profile_background_tile": false, "profile_image_url": "http://pbs.twimg.com/profile_images/900970980503244802/HzHMKlQ6_normal.jpg", "profile_image_url_https": "https://pbs.twimg.com/profile_images/900970980503244802/HzHMKlQ6_normal.jpg", "profile_banner_url": "https://pbs.twimg.com/profile_banners/544106188/1581687598", "profile_link_color": "801040", "profile_sidebar_border_color": "DBE9ED", "profile_sidebar_fill_color": "E6F6F9", "profile_text_color": "333333", "profile_use_background_image": true, "has_extended_profile": false, "default_profile": false, "default_profile_image": false, "following": false, "follow_request_sent": false, "notifications": false, "translator_type": "none"}, "geo": null, "coordinates": null, "place": null, "contributors": null, "is_quote_status": false, "retweet_count": 0, "favorite_count": 0, "favorited": false, "retweeted": false, "possibly_sensitive": false, "lang": "de"}