{"created_at": "Thu Feb 20 09:02:41 +0000 2020", "id": 1230417478494359552, "id_str": "1230417478494359552", "text": "#CT #radiology #coronavirus https://t.co/Wv17Qgx1jT", "truncated": false, "entities": {"hashtags": [{"text": "CT", "indices": [0, 3]}, {"text": "radiology", "indices": [4, 14]}, {"text": "coronavirus", "indices": [15, 27]}], "symbols": [], "user_mentions": [], "urls": [{"url": "https://t.co/Wv17Qgx1jT", "expanded_url": "https://twitter.com/AuntMinnie/status/1230233316940566534", "display_url": "twitter.com/AuntMinnie/sta\u2026", "indices": [28, 51]}]}, "metadata": {"iso_language_code": "und", "result_type": "recent"}, "source": "<a href=\"https://mobile.twitter.com\" rel=\"nofollow\">Twitter Web App</a>", "in_reply_to_status_id": null, "in_reply_to_status_id_str": null, "in_reply_to_user_id": null, "in_reply_to_user_id_str": null, "in_reply_to_screen_name": null, "user": {"id": 1035588419597099008, "id_str": "1035588419597099008", "name": "Smart Reporting", "screen_name": "smart_reporting", "location": "Munich, Germany", "description": "The future of medical reporting and gateway to AI in imaging. \n\n#structuredreporting templates for #radiology & #pathology. #medicaldata", "url": "https://t.co/f0hgw9G7wq", "entities": {"url": {"urls": [{"url": "https://t.co/f0hgw9G7wq", "expanded_url": "https://www.smart-reporting.com/", "display_url": "smart-reporting.com", "indices": [0, 23]}]}, "description": {"urls": []}}, "protected": false, "followers_count": 239, "friends_count": 490, "listed_count": 3, "created_at": "Fri Aug 31 18:01:34 +0000 2018", "favourites_count": 603, "utc_offset": null, "time_zone": null, "geo_enabled": true, "verified": false, "statuses_count": 388, "lang": null, "contributors_enabled": false, "is_translator": false, "is_translation_enabled": false, "profile_background_color": "F5F8FA", "profile_background_image_url": null, "profile_background_image_url_https": null, "profile_background_tile": false, "profile_image_url": "http://pbs.twimg.com/profile_images/1163885341050363906/li5iFnaB_normal.jpg", "profile_image_url_https": "https://pbs.twimg.com/profile_images/1163885341050363906/li5iFnaB_normal.jpg", "profile_banner_url": "https://pbs.twimg.com/profile_banners/1035588419597099008/1566326879", "profile_link_color": "1DA1F2", "profile_sidebar_border_color": "C0DEED", "profile_sidebar_fill_color": "DDEEF6", "profile_text_color": "333333", "profile_use_background_image": true, "has_extended_profile": false, "default_profile": true, "default_profile_image": false, "following": false, "follow_request_sent": false, "notifications": false, "translator_type": "none"}, "geo": null, "coordinates": null, "place": null, "contributors": null, "is_quote_status": true, "quoted_status_id": 1230233316940566534, "quoted_status_id_str": "1230233316940566534", "quoted_status": {"created_at": "Wed Feb 19 20:50:54 +0000 2020", "id": 1230233316940566534, "id_str": "1230233316940566534", "text": "New study finds CT can catch coronavirus cases missed by DNA tests. This axial chest CT image of a 74-year-old male\u2026 https://t.co/5bR28vX6P4", "truncated": true, "entities": {"hashtags": [], "symbols": [], "user_mentions": [], "urls": [{"url": "https://t.co/5bR28vX6P4", "expanded_url": "https://twitter.com/i/web/status/1230233316940566534", "display_url": "twitter.com/i/web/status/1\u2026", "indices": [117, 140]}]}, "metadata": {"iso_language_code": "und", "result_type": "recent"}, "source": "<a href=\"https://buffer.com\" rel=\"nofollow\">Buffer</a>", "in_reply_to_status_id": null, "in_reply_to_status_id_str": null, "in_reply_to_user_id": null, "in_reply_to_user_id_str": null, "in_reply_to_screen_name": null, "user": {"id": 82467970, "id_str": "82467970", "name": "AuntMinnie.com", "screen_name": "AuntMinnie", "location": "", "description": "An online radiology portal for medical imaging professionals.", "url": "http://t.co/FTvLLe8fDy", "entities": {"url": {"urls": [{"url": "http://t.co/FTvLLe8fDy", "expanded_url": "http://www.auntminnie.com", "display_url": "auntminnie.com", "indices": [0, 22]}]}, "description": {"urls": []}}, "protected": false, "followers_count": 28130, "friends_count": 317, "listed_count": 469, "created_at": "Wed Oct 14 22:01:01 +0000 2009", "favourites_count": 4312, "utc_offset": null, "time_zone": null, "geo_enabled": true, "verified": false, "statuses_count": 23397, "lang": null, "contributors_enabled": false, "is_translator": false, "is_translation_enabled": false, "profile_background_color": "EBC1EB", "profile_background_image_url": "http://abs.twimg.com/images/themes/theme1/bg.png", "profile_background_image_url_https": "https://abs.twimg.com/images/themes/theme1/bg.png", "profile_background_tile": false, "profile_image_url": "http://pbs.twimg.com/profile_images/807381412655427584/S71S2VZw_normal.jpg", "profile_image_url_https": "https://pbs.twimg.com/profile_images/807381412655427584/S71S2VZw_normal.jpg", "profile_banner_url": "https://pbs.twimg.com/profile_banners/82467970/1481579554", "profile_link_color": "46166B", "profile_sidebar_border_color": "FFFFFF", "profile_sidebar_fill_color": "DDEEF6", "profile_text_color": "333333", "profile_use_background_image": true, "has_extended_profile": false, "default_profile": false, "default_profile_image": false, "following": false, "follow_request_sent": false, "notifications": false, "translator_type": "none"}, "geo": null, "coordinates": null, "place": null, "contributors": null, "is_quote_status": false, "retweet_count": 23, "favorite_count": 43, "favorited": false, "retweeted": false, "possibly_sensitive": false, "lang": "en"}, "retweet_count": 0, "favorite_count": 0, "favorited": false, "retweeted": false, "possibly_sensitive": false, "lang": "und"}