{"created_at": "Tue Feb 18 13:51:37 +0000 2020", "id": 1229765416072990720, "id_str": "1229765416072990720", "text": "In China scheint die Zahl der Neuerkrankungen von #Covid19 schon seit l\u00e4ngerem zu sinken. Doch Experten warnen vor\u2026 https://t.co/QoJpgb3ZNA", "truncated": true, "entities": {"hashtags": [{"text": "Covid19", "indices": [50, 58]}], "symbols": [], "user_mentions": [], "urls": [{"url": "https://t.co/QoJpgb3ZNA", "expanded_url": "https://twitter.com/i/web/status/1229765416072990720", "display_url": "twitter.com/i/web/status/1\u2026", "indices": [116, 139]}]}, "metadata": {"iso_language_code": "de", "result_type": "recent"}, "source": "<a href=\"http://www.sueddeutsche.de/gesundheit\" rel=\"nofollow\">SZ.de Twitterbot - Gesundheit</a>", "in_reply_to_status_id": null, "in_reply_to_status_id_str": null, "in_reply_to_user_id": null, "in_reply_to_user_id_str": null, "in_reply_to_screen_name": null, "user": {"id": 19767546, "id_str": "19767546", "name": "SZ Gesundheit", "screen_name": "SZ_Gesundheit", "location": "M\u00fcnchen", "description": "Impressum: http://t.co/2ZZkSAIdCg", "url": "http://t.co/LdXUxLH4Hl", "entities": {"url": {"urls": [{"url": "http://t.co/LdXUxLH4Hl", "expanded_url": "http://www.sz.de/gesundheit/", "display_url": "sz.de/gesundheit/", "indices": [0, 22]}]}, "description": {"urls": [{"url": "http://t.co/2ZZkSAIdCg", "expanded_url": "http://sz.de/impressum", "display_url": "sz.de/impressum", "indices": [11, 33]}]}}, "protected": false, "followers_count": 16107, "friends_count": 15, "listed_count": 397, "created_at": "Fri Jan 30 13:44:57 +0000 2009", "favourites_count": 0, "utc_offset": null, "time_zone": null, "geo_enabled": false, "verified": false, "statuses_count": 4422, "lang": null, "contributors_enabled": false, "is_translator": false, "is_translation_enabled": false, "profile_background_color": "F2F2F2", "profile_background_image_url": "http://abs.twimg.com/images/themes/theme1/bg.png", "profile_background_image_url_https": "https://abs.twimg.com/images/themes/theme1/bg.png", "profile_background_tile": false, "profile_image_url": "http://pbs.twimg.com/profile_images/654956783300136960/wiLAmu2T_normal.png", "profile_image_url_https": "https://pbs.twimg.com/profile_images/654956783300136960/wiLAmu2T_normal.png", "profile_link_color": "009999", "profile_sidebar_border_color": "000000", "profile_sidebar_fill_color": "F2F2F2", "profile_text_color": "333333", "profile_use_background_image": false, "has_extended_profile": false, "default_profile": false, "default_profile_image": false, "following": false, "follow_request_sent": false, "notifications": false, "translator_type": "none"}, "geo": null, "coordinates": null, "place": null, "contributors": null, "is_quote_status": false, "retweet_count": 0, "favorite_count": 0, "favorited": false, "retweeted": false, "possibly_sensitive": false, "lang": "de"}