{"created_at": "Thu Feb 20 10:51:21 +0000 2020", "id": 1230444823741698048, "id_str": "1230444823741698048", "text": "RT @SZ_TopNews: Kabinenarrest: Was alles unternommen wird, wenn auf einer #Kreuzfahrt eine Krankheit ausbricht - sei es der #Coronavirus od\u2026", "truncated": false, "entities": {"hashtags": [{"text": "Kreuzfahrt", "indices": [74, 85]}, {"text": "Coronavirus", "indices": [124, 136]}], "symbols": [], "user_mentions": [{"screen_name": "SZ_TopNews", "name": "SZ Top-News", "id": 17803524, "id_str": "17803524", "indices": [3, 14]}], "urls": []}, "metadata": {"iso_language_code": "de", "result_type": "recent"}, "source": "<a href=\"http://twitter.com/download/iphone\" rel=\"nofollow\">Twitter for iPhone</a>", "in_reply_to_status_id": null, "in_reply_to_status_id_str": null, "in_reply_to_user_id": null, "in_reply_to_user_id_str": null, "in_reply_to_screen_name": null, "user": {"id": 25143146, "id_str": "25143146", "name": "\ud83c\udf08thegreycat \u264e\ufe0f \u2122", "screen_name": "thegreycat", "location": "Germany", "description": "Me\u1d49\u1d49\u1d49\u1d49\u1d49eeEEO\u2092\u2092\u2092OOo\u02b7\u02b7wW  Frauen sind wie Katzen: Beide kann man nur zwingen, das zu tun, was sie selber m\u00f6gen.      *Colette*", "url": null, "entities": {"description": {"urls": []}}, "protected": false, "followers_count": 207, "friends_count": 1278, "listed_count": 30, "created_at": "Wed Mar 18 20:11:41 +0000 2009", "favourites_count": 655, "utc_offset": null, "time_zone": null, "geo_enabled": true, "verified": false, "statuses_count": 34598, "lang": null, "contributors_enabled": false, "is_translator": false, "is_translation_enabled": false, "profile_background_color": "ACDED6", "profile_background_image_url": "http://abs.twimg.com/images/themes/theme18/bg.gif", "profile_background_image_url_https": "https://abs.twimg.com/images/themes/theme18/bg.gif", "profile_background_tile": true, "profile_image_url": "http://pbs.twimg.com/profile_images/995767784004087809/UmxKrJkB_normal.jpg", "profile_image_url_https": "https://pbs.twimg.com/profile_images/995767784004087809/UmxKrJkB_normal.jpg", "profile_banner_url": "https://pbs.twimg.com/profile_banners/25143146/1379411085", "profile_link_color": "490DBF", "profile_sidebar_border_color": "EEEEEE", "profile_sidebar_fill_color": "F6F6F6", "profile_text_color": "821111", "profile_use_background_image": true, "has_extended_profile": true, "default_profile": false, "default_profile_image": false, "following": false, "follow_request_sent": false, "notifications": false, "translator_type": "regular"}, "geo": null, "coordinates": null, "place": null, "contributors": null, "retweeted_status": {"created_at": "Thu Feb 20 10:41:54 +0000 2020", "id": 1230442448788377601, "id_str": "1230442448788377601", "text": "Kabinenarrest: Was alles unternommen wird, wenn auf einer #Kreuzfahrt eine Krankheit ausbricht - sei es der\u2026 https://t.co/4f7RsTeCwj", "truncated": true, "entities": {"hashtags": [{"text": "Kreuzfahrt", "indices": [58, 69]}], "symbols": [], "user_mentions": [], "urls": [{"url": "https://t.co/4f7RsTeCwj", "expanded_url": "https://twitter.com/i/web/status/1230442448788377601", "display_url": "twitter.com/i/web/status/1\u2026", "indices": [109, 132]}]}, "metadata": {"iso_language_code": "de", "result_type": "recent"}, "source": "<a href=\"http://www.sueddeutsche.de/\" rel=\"nofollow\">SZ.de Twitterbot - Topthemen</a>", "in_reply_to_status_id": null, "in_reply_to_status_id_str": null, "in_reply_to_user_id": null, "in_reply_to_user_id_str": null, "in_reply_to_screen_name": null, "user": {"id": 17803524, "id_str": "17803524", "name": "SZ Top-News", "screen_name": "SZ_TopNews", "location": "M\u00fcnchen", "description": "Alle Top-Themen von S\u00fcddeutsche.de\r\n\r\nImpressum: http://t.co/Jh8GYzR1nn", "url": "http://t.co/BJF8degO13", "entities": {"url": {"urls": [{"url": "http://t.co/BJF8degO13", "expanded_url": "http://sz.de/", "display_url": "sz.de", "indices": [0, 22]}]}, "description": {"urls": [{"url": "http://t.co/Jh8GYzR1nn", "expanded_url": "http://sz.de/impressum", "display_url": "sz.de/impressum", "indices": [49, 71]}]}}, "protected": false, "followers_count": 221655, "friends_count": 82, "listed_count": 3384, "created_at": "Tue Dec 02 08:48:47 +0000 2008", "favourites_count": 9, "utc_offset": null, "time_zone": null, "geo_enabled": false, "verified": true, "statuses_count": 175948, "lang": null, "contributors_enabled": false, "is_translator": false, "is_translation_enabled": false, "profile_background_color": "FFFFFF", "profile_background_image_url": "http://abs.twimg.com/images/themes/theme1/bg.png", "profile_background_image_url_https": "https://abs.twimg.com/images/themes/theme1/bg.png", "profile_background_tile": false, "profile_image_url": "http://pbs.twimg.com/profile_images/655020120121712640/WcX4aKls_normal.png", "profile_image_url_https": "https://pbs.twimg.com/profile_images/655020120121712640/WcX4aKls_normal.png", "profile_banner_url": "https://pbs.twimg.com/profile_banners/17803524/1402902733", "profile_link_color": "333333", "profile_sidebar_border_color": "FFFFFF", "profile_sidebar_fill_color": "F1F3F4", "profile_text_color": "576266", "profile_use_background_image": false, "has_extended_profile": false, "default_profile": false, "default_profile_image": false, "following": false, "follow_request_sent": false, "notifications": false, "translator_type": "none"}, "geo": null, "coordinates": null, "place": null, "contributors": null, "is_quote_status": false, "retweet_count": 1, "favorite_count": 0, "favorited": false, "retweeted": false, "possibly_sensitive": false, "lang": "de"}, "is_quote_status": false, "retweet_count": 1, "favorite_count": 0, "favorited": false, "retweeted": false, "lang": "de"}