{"created_at": "Tue Feb 18 12:41:04 +0000 2020", "id": 1229747662364270593, "id_str": "1229747662364270593", "text": "RT @PrettyAwesomeDa: Do not click this video if you are not ready for the truth! #coronavirus https://t.co/Kj6uZIG6UP", "truncated": false, "entities": {"hashtags": [{"text": "coronavirus", "indices": [81, 93]}], "symbols": [], "user_mentions": [{"screen_name": "PrettyAwesomeDa", "name": "Pretty Awesome Data", "id": 3367084329, "id_str": "3367084329", "indices": [3, 19]}], "urls": [], "media": [{"id": 1229483496218951680, "id_str": "1229483496218951680", "indices": [94, 117], "media_url": "http://pbs.twimg.com/ext_tw_video_thumb/1229483496218951680/pu/img/fbqHwF_IYrsDGCHp.jpg", "media_url_https": "https://pbs.twimg.com/ext_tw_video_thumb/1229483496218951680/pu/img/fbqHwF_IYrsDGCHp.jpg", "url": "https://t.co/Kj6uZIG6UP", "display_url": "pic.twitter.com/Kj6uZIG6UP", "expanded_url": "https://twitter.com/PrettyAwesomeDa/status/1229484081387274240/video/1", "type": "photo", "sizes": {"thumb": {"w": 150, "h": 150, "resize": "crop"}, "medium": {"w": 1200, "h": 675, "resize": "fit"}, "small": {"w": 680, "h": 383, "resize": "fit"}, "large": {"w": 1280, "h": 720, "resize": "fit"}}, "source_status_id": 1229484081387274240, "source_status_id_str": "1229484081387274240", "source_user_id": 3367084329, "source_user_id_str": "3367084329"}]}, "extended_entities": {"media": [{"id": 1229483496218951680, "id_str": "1229483496218951680", "indices": [94, 117], "media_url": "http://pbs.twimg.com/ext_tw_video_thumb/1229483496218951680/pu/img/fbqHwF_IYrsDGCHp.jpg", "media_url_https": "https://pbs.twimg.com/ext_tw_video_thumb/1229483496218951680/pu/img/fbqHwF_IYrsDGCHp.jpg", "url": "https://t.co/Kj6uZIG6UP", "display_url": "pic.twitter.com/Kj6uZIG6UP", "expanded_url": "https://twitter.com/PrettyAwesomeDa/status/1229484081387274240/video/1", "type": "video", "sizes": {"thumb": {"w": 150, "h": 150, "resize": "crop"}, "medium": {"w": 1200, "h": 675, "resize": "fit"}, "small": {"w": 680, "h": 383, "resize": "fit"}, "large": {"w": 1280, "h": 720, "resize": "fit"}}, "source_status_id": 1229484081387274240, "source_status_id_str": "1229484081387274240", "source_user_id": 3367084329, "source_user_id_str": "3367084329", "video_info": {"aspect_ratio": [16, 9], "duration_millis": 93900, "variants": [{"bitrate": 2176000, "content_type": "video/mp4", "url": "https://video.twimg.com/ext_tw_video/1229483496218951680/pu/vid/1280x720/ZNc7Kp9y3bS5jgCJ.mp4?tag=10"}, {"bitrate": 832000, "content_type": "video/mp4", "url": "https://video.twimg.com/ext_tw_video/1229483496218951680/pu/vid/640x360/QFdcdSK4PjBnk7YE.mp4?tag=10"}, {"bitrate": 256000, "content_type": "video/mp4", "url": "https://video.twimg.com/ext_tw_video/1229483496218951680/pu/vid/480x270/6dZps5KVa7fwXmkZ.mp4?tag=10"}, {"content_type": "application/x-mpegURL", "url": "https://video.twimg.com/ext_tw_video/1229483496218951680/pu/pl/v19IoV-ZPkl7g2r9.m3u8?tag=10"}]}, "additional_media_info": {"monetizable": false, "source_user": {"id": 3367084329, "id_str": "3367084329", "name": "Pretty Awesome Data", "screen_name": "PrettyAwesomeDa", "location": "N\u00fcrnberg", "description": "I am a Financial Controller and I love Data. So I will provide every day a new Video to trends and actual topics. Let's meet at my Youtube Channel.", "url": "https://t.co/F7tetAHHoe", "entities": {"url": {"urls": [{"url": "https://t.co/F7tetAHHoe", "expanded_url": "https://www.youtube.com/channel/UCpR8o0qEyZ-gMIB5AH5Xsnw", "display_url": "youtube.com/channel/UCpR8o\u2026", "indices": [0, 23]}]}, "description": {"urls": []}}, "protected": false, "followers_count": 65, "friends_count": 8, "listed_count": 1, "created_at": "Thu Jul 09 05:19:24 +0000 2015", "favourites_count": 88, "utc_offset": null, "time_zone": null, "geo_enabled": false, "verified": false, "statuses_count": 70, "lang": null, "contributors_enabled": false, "is_translator": false, "is_translation_enabled": false, "profile_background_color": "C0DEED", "profile_background_image_url": "http://abs.twimg.com/images/themes/theme1/bg.png", "profile_background_image_url_https": "https://abs.twimg.com/images/themes/theme1/bg.png", "profile_background_tile": false, "profile_image_url": "http://pbs.twimg.com/profile_images/1227579887680139265/mr_HPTuk_normal.jpg", "profile_image_url_https": "https://pbs.twimg.com/profile_images/1227579887680139265/mr_HPTuk_normal.jpg", "profile_banner_url": "https://pbs.twimg.com/profile_banners/3367084329/1581512828", "profile_link_color": "1DA1F2", "profile_sidebar_border_color": "C0DEED", "profile_sidebar_fill_color": "DDEEF6", "profile_text_color": "333333", "profile_use_background_image": true, "has_extended_profile": true, "default_profile": true, "default_profile_image": false, "following": false, "follow_request_sent": false, "notifications": false, "translator_type": "none"}}}]}, "metadata": {"iso_language_code": "en", "result_type": "recent"}, "source": "<a href=\"http://twitter.com/download/android\" rel=\"nofollow\">Twitter for Android</a>", "in_reply_to_status_id": null, "in_reply_to_status_id_str": null, "in_reply_to_user_id": null, "in_reply_to_user_id_str": null, "in_reply_to_screen_name": null, "user": {"id": 2737436027, "id_str": "2737436027", "name": "Mwangi J\u2122", "screen_name": "MwangiJmacs", "location": "Nairobi, Kenya", "description": "Live Good Among Your Neighbours As You Walk, As You Search and As You Examine. To Every Person You Meet- ONE LOVE, JAH REIGNS!", "url": "https://t.co/JEkpruxjf6", "entities": {"url": {"urls": [{"url": "https://t.co/JEkpruxjf6", "expanded_url": "https://twitter.com/mwangijmacs", "display_url": "twitter.com/mwangijmacs", "indices": [0, 23]}]}, "description": {"urls": []}}, "protected": false, "followers_count": 16757, "friends_count": 4886, "listed_count": 58, "created_at": "Fri Aug 08 18:20:11 +0000 2014", "favourites_count": 1291, "utc_offset": null, "time_zone": null, "geo_enabled": true, "verified": false, "statuses_count": 274980, "lang": null, "contributors_enabled": false, "is_translator": false, "is_translation_enabled": false, "profile_background_color": "000000", "profile_background_image_url": "http://abs.twimg.com/images/themes/theme1/bg.png", "profile_background_image_url_https": "https://abs.twimg.com/images/themes/theme1/bg.png", "profile_background_tile": false, "profile_image_url": "http://pbs.twimg.com/profile_images/1145712714372792320/v8kR_gk3_normal.jpg", "profile_image_url_https": "https://pbs.twimg.com/profile_images/1145712714372792320/v8kR_gk3_normal.jpg", "profile_banner_url": "https://pbs.twimg.com/profile_banners/2737436027/1540562791", "profile_link_color": "9266CC", "profile_sidebar_border_color": "000000", "profile_sidebar_fill_color": "000000", "profile_text_color": "000000", "profile_use_background_image": false, "has_extended_profile": true, "default_profile": false, "default_profile_image": false, "following": false, "follow_request_sent": false, "notifications": false, "translator_type": "none"}, "geo": null, "coordinates": null, "place": null, "contributors": null, "retweeted_status": {"created_at": "Mon Feb 17 19:13:42 +0000 2020", "id": 1229484081387274240, "id_str": "1229484081387274240", "text": "Do not click this video if you are not ready for the truth! #coronavirus https://t.co/Kj6uZIG6UP", "truncated": false, "entities": {"hashtags": [{"text": "coronavirus", "indices": [60, 72]}], "symbols": [], "user_mentions": [], "urls": [], "media": [{"id": 1229483496218951680, "id_str": "1229483496218951680", "indices": [73, 96], "media_url": "http://pbs.twimg.com/ext_tw_video_thumb/1229483496218951680/pu/img/fbqHwF_IYrsDGCHp.jpg", "media_url_https": "https://pbs.twimg.com/ext_tw_video_thumb/1229483496218951680/pu/img/fbqHwF_IYrsDGCHp.jpg", "url": "https://t.co/Kj6uZIG6UP", "display_url": "pic.twitter.com/Kj6uZIG6UP", "expanded_url": "https://twitter.com/PrettyAwesomeDa/status/1229484081387274240/video/1", "type": "photo", "sizes": {"thumb": {"w": 150, "h": 150, "resize": "crop"}, "medium": {"w": 1200, "h": 675, "resize": "fit"}, "small": {"w": 680, "h": 383, "resize": "fit"}, "large": {"w": 1280, "h": 720, "resize": "fit"}}}]}, "extended_entities": {"media": [{"id": 1229483496218951680, "id_str": "1229483496218951680", "indices": [73, 96], "media_url": "http://pbs.twimg.com/ext_tw_video_thumb/1229483496218951680/pu/img/fbqHwF_IYrsDGCHp.jpg", "media_url_https": "https://pbs.twimg.com/ext_tw_video_thumb/1229483496218951680/pu/img/fbqHwF_IYrsDGCHp.jpg", "url": "https://t.co/Kj6uZIG6UP", "display_url": "pic.twitter.com/Kj6uZIG6UP", "expanded_url": "https://twitter.com/PrettyAwesomeDa/status/1229484081387274240/video/1", "type": "video", "sizes": {"thumb": {"w": 150, "h": 150, "resize": "crop"}, "medium": {"w": 1200, "h": 675, "resize": "fit"}, "small": {"w": 680, "h": 383, "resize": "fit"}, "large": {"w": 1280, "h": 720, "resize": "fit"}}, "video_info": {"aspect_ratio": [16, 9], "duration_millis": 93900, "variants": [{"bitrate": 2176000, "content_type": "video/mp4", "url": "https://video.twimg.com/ext_tw_video/1229483496218951680/pu/vid/1280x720/ZNc7Kp9y3bS5jgCJ.mp4?tag=10"}, {"bitrate": 832000, "content_type": "video/mp4", "url": "https://video.twimg.com/ext_tw_video/1229483496218951680/pu/vid/640x360/QFdcdSK4PjBnk7YE.mp4?tag=10"}, {"bitrate": 256000, "content_type": "video/mp4", "url": "https://video.twimg.com/ext_tw_video/1229483496218951680/pu/vid/480x270/6dZps5KVa7fwXmkZ.mp4?tag=10"}, {"content_type": "application/x-mpegURL", "url": "https://video.twimg.com/ext_tw_video/1229483496218951680/pu/pl/v19IoV-ZPkl7g2r9.m3u8?tag=10"}]}, "additional_media_info": {"monetizable": false}}]}, "metadata": {"iso_language_code": "en", "result_type": "recent"}, "source": "<a href=\"https://mobile.twitter.com\" rel=\"nofollow\">Twitter Web App</a>", "in_reply_to_status_id": null, "in_reply_to_status_id_str": null, "in_reply_to_user_id": null, "in_reply_to_user_id_str": null, "in_reply_to_screen_name": null, "user": {"id": 3367084329, "id_str": "3367084329", "name": "Pretty Awesome Data", "screen_name": "PrettyAwesomeDa", "location": "N\u00fcrnberg", "description": "I am a Financial Controller and I love Data. So I will provide every day a new Video to trends and actual topics. Let's meet at my Youtube Channel.", "url": "https://t.co/F7tetAHHoe", "entities": {"url": {"urls": [{"url": "https://t.co/F7tetAHHoe", "expanded_url": "https://www.youtube.com/channel/UCpR8o0qEyZ-gMIB5AH5Xsnw", "display_url": "youtube.com/channel/UCpR8o\u2026", "indices": [0, 23]}]}, "description": {"urls": []}}, "protected": false, "followers_count": 65, "friends_count": 8, "listed_count": 1, "created_at": "Thu Jul 09 05:19:24 +0000 2015", "favourites_count": 88, "utc_offset": null, "time_zone": null, "geo_enabled": false, "verified": false, "statuses_count": 70, "lang": null, "contributors_enabled": false, "is_translator": false, "is_translation_enabled": false, "profile_background_color": "C0DEED", "profile_background_image_url": "http://abs.twimg.com/images/themes/theme1/bg.png", "profile_background_image_url_https": "https://abs.twimg.com/images/themes/theme1/bg.png", "profile_background_tile": false, "profile_image_url": "http://pbs.twimg.com/profile_images/1227579887680139265/mr_HPTuk_normal.jpg", "profile_image_url_https": "https://pbs.twimg.com/profile_images/1227579887680139265/mr_HPTuk_normal.jpg", "profile_banner_url": "https://pbs.twimg.com/profile_banners/3367084329/1581512828", "profile_link_color": "1DA1F2", "profile_sidebar_border_color": "C0DEED", "profile_sidebar_fill_color": "DDEEF6", "profile_text_color": "333333", "profile_use_background_image": true, "has_extended_profile": true, "default_profile": true, "default_profile_image": false, "following": false, "follow_request_sent": false, "notifications": false, "translator_type": "none"}, "geo": null, "coordinates": null, "place": null, "contributors": null, "is_quote_status": false, "retweet_count": 129, "favorite_count": 220, "favorited": false, "retweeted": false, "possibly_sensitive": false, "lang": "en"}, "is_quote_status": false, "retweet_count": 129, "favorite_count": 0, "favorited": false, "retweeted": false, "possibly_sensitive": false, "lang": "en"}