{"created_at": "Fri Feb 21 17:36:47 +0000 2020", "id": 1230909245102710784, "id_str": "1230909245102710784", "text": "RT @CGH_TUM: A Lacet article about the \"Genomic characterisation and epidemiology of 2019 novel coronavirus: implications for virus origins\u2026", "truncated": false, "entities": {"hashtags": [], "symbols": [], "user_mentions": [{"screen_name": "CGH_TUM", "name": "Global Health @ TUM", "id": 861504176039374848, "id_str": "861504176039374848", "indices": [3, 11]}], "urls": []}, "metadata": {"iso_language_code": "en", "result_type": "recent"}, "source": "<a href=\"https://mobile.twitter.com\" rel=\"nofollow\">Twitter Web App</a>", "in_reply_to_status_id": null, "in_reply_to_status_id_str": null, "in_reply_to_user_id": null, "in_reply_to_user_id_str": null, "in_reply_to_screen_name": null, "user": {"id": 835093411736793088, "id_str": "835093411736793088", "name": "Camilo\ud83c\udf1f", "screen_name": "astrocolombian", "location": "Solar System, Milky Way, Laniakea.", "description": "1986. Ph.D. in Physics (Observational Cosmology). Ajiaco Santafere\u00f1o.", "url": "https://t.co/USycmHpE6i", "entities": {"url": {"urls": [{"url": "https://t.co/USycmHpE6i", "expanded_url": "https://astrolion.wordpress.com/", "display_url": "astrolion.wordpress.com", "indices": [0, 23]}]}, "description": {"urls": []}}, "protected": false, "followers_count": 451, "friends_count": 237, "listed_count": 12, "created_at": "Fri Feb 24 11:45:59 +0000 2017", "favourites_count": 4207, "utc_offset": null, "time_zone": null, "geo_enabled": true, "verified": false, "statuses_count": 4107, "lang": null, "contributors_enabled": false, "is_translator": false, "is_translation_enabled": false, "profile_background_color": "000000", "profile_background_image_url": "http://abs.twimg.com/images/themes/theme1/bg.png", "profile_background_image_url_https": "https://abs.twimg.com/images/themes/theme1/bg.png", "profile_background_tile": false, "profile_image_url": "http://pbs.twimg.com/profile_images/1227369036599767040/ABGwj9mr_normal.jpg", "profile_image_url_https": "https://pbs.twimg.com/profile_images/1227369036599767040/ABGwj9mr_normal.jpg", "profile_banner_url": "https://pbs.twimg.com/profile_banners/835093411736793088/1559798075", "profile_link_color": "FF691F", "profile_sidebar_border_color": "000000", "profile_sidebar_fill_color": "000000", "profile_text_color": "000000", "profile_use_background_image": false, "has_extended_profile": false, "default_profile": false, "default_profile_image": false, "following": false, "follow_request_sent": false, "notifications": false, "translator_type": "none"}, "geo": null, "coordinates": null, "place": null, "contributors": null, "retweeted_status": {"created_at": "Tue Feb 04 13:57:00 +0000 2020", "id": 1224693338273669123, "id_str": "1224693338273669123", "text": "A Lacet article about the \"Genomic characterisation and epidemiology of 2019 novel coronavirus: implications for vi\u2026 https://t.co/rDpOv6XA0n", "truncated": true, "entities": {"hashtags": [], "symbols": [], "user_mentions": [], "urls": [{"url": "https://t.co/rDpOv6XA0n", "expanded_url": "https://twitter.com/i/web/status/1224693338273669123", "display_url": "twitter.com/i/web/status/1\u2026", "indices": [117, 140]}]}, "metadata": {"iso_language_code": "en", "result_type": "recent"}, "source": "<a href=\"https://about.twitter.com/products/tweetdeck\" rel=\"nofollow\">TweetDeck</a>", "in_reply_to_status_id": null, "in_reply_to_status_id_str": null, "in_reply_to_user_id": null, "in_reply_to_user_id_str": null, "in_reply_to_screen_name": null, "user": {"id": 861504176039374848, "id_str": "861504176039374848", "name": "Global Health @ TUM", "screen_name": "CGH_TUM", "location": "Munich, Germany", "description": "The Center for Global Health at the Technical University of Munich (@TU_Muenchen) #GlobalHealth #OneHealth", "url": "https://t.co/NsnFcNUDJZ", "entities": {"url": {"urls": [{"url": "https://t.co/NsnFcNUDJZ", "expanded_url": "https://www.med.tum.de/en/center-global-health-0", "display_url": "med.tum.de/en/center-glob\u2026", "indices": [0, 23]}]}, "description": {"urls": []}}, "protected": false, "followers_count": 231, "friends_count": 269, "listed_count": 3, "created_at": "Mon May 08 08:52:56 +0000 2017", "favourites_count": 456, "utc_offset": null, "time_zone": null, "geo_enabled": false, "verified": false, "statuses_count": 518, "lang": null, "contributors_enabled": false, "is_translator": false, "is_translation_enabled": false, "profile_background_color": "F5F8FA", "profile_background_image_url": null, "profile_background_image_url_https": null, "profile_background_tile": false, "profile_image_url": "http://pbs.twimg.com/profile_images/1130747628269051904/zmLMGs1g_normal.png", "profile_image_url_https": "https://pbs.twimg.com/profile_images/1130747628269051904/zmLMGs1g_normal.png", "profile_banner_url": "https://pbs.twimg.com/profile_banners/861504176039374848/1571818513", "profile_link_color": "1DA1F2", "profile_sidebar_border_color": "C0DEED", "profile_sidebar_fill_color": "DDEEF6", "profile_text_color": "333333", "profile_use_background_image": true, "has_extended_profile": false, "default_profile": true, "default_profile_image": false, "following": false, "follow_request_sent": false, "notifications": false, "translator_type": "none"}, "geo": null, "coordinates": null, "place": null, "contributors": null, "is_quote_status": false, "retweet_count": 1, "favorite_count": 1, "favorited": false, "retweeted": false, "possibly_sensitive": false, "lang": "en"}, "is_quote_status": false, "retweet_count": 1, "favorite_count": 0, "favorited": false, "retweeted": false, "lang": "en"}