{"created_at": "Wed Feb 19 21:58:47 +0000 2020", "id": 1230250400944619521, "id_str": "1230250400944619521", "text": "@lookner (only a thought) Personally, I suspect bio-warfare on China! There is so much power that want it?\u2026 https://t.co/SbBynI7W4k", "truncated": true, "entities": {"hashtags": [], "symbols": [], "user_mentions": [{"screen_name": "lookner", "name": "Steve Lookner", "id": 51661036, "id_str": "51661036", "indices": [0, 8]}], "urls": [{"url": "https://t.co/SbBynI7W4k", "expanded_url": "https://twitter.com/i/web/status/1230250400944619521", "display_url": "twitter.com/i/web/status/1\u2026", "indices": [108, 131]}]}, "metadata": {"iso_language_code": "en", "result_type": "recent"}, "source": "<a href=\"https://mobile.twitter.com\" rel=\"nofollow\">Twitter Web App</a>", "in_reply_to_status_id": null, "in_reply_to_status_id_str": null, "in_reply_to_user_id": 51661036, "in_reply_to_user_id_str": "51661036", "in_reply_to_screen_name": "lookner", "user": {"id": 35421042, "id_str": "35421042", "name": "Rudolf Graspointner", "screen_name": "Rangutan", "location": "Munich", "description": "A slowly retiring traveler. ...", "url": "https://t.co/Vxmv0WehhE", "entities": {"url": {"urls": [{"url": "https://t.co/Vxmv0WehhE", "expanded_url": "http://www.rangutan.eu", "display_url": "rangutan.eu", "indices": [0, 23]}]}, "description": {"urls": []}}, "protected": false, "followers_count": 2, "friends_count": 26, "listed_count": 1, "created_at": "Sun Apr 26 06:41:45 +0000 2009", "favourites_count": 3, "utc_offset": null, "time_zone": null, "geo_enabled": true, "verified": false, "statuses_count": 873, "lang": null, "contributors_enabled": false, "is_translator": false, "is_translation_enabled": false, "profile_background_color": "000000", "profile_background_image_url": "http://abs.twimg.com/images/themes/theme4/bg.gif", "profile_background_image_url_https": "https://abs.twimg.com/images/themes/theme4/bg.gif", "profile_background_tile": false, "profile_image_url": "http://pbs.twimg.com/profile_images/184107750/__2000tnSTANDARD-SQUARE_normal.jpg", "profile_image_url_https": "https://pbs.twimg.com/profile_images/184107750/__2000tnSTANDARD-SQUARE_normal.jpg", "profile_banner_url": "https://pbs.twimg.com/profile_banners/35421042/1580090350", "profile_link_color": "FAB81E", "profile_sidebar_border_color": "000000", "profile_sidebar_fill_color": "000000", "profile_text_color": "000000", "profile_use_background_image": false, "has_extended_profile": true, "default_profile": false, "default_profile_image": false, "following": false, "follow_request_sent": false, "notifications": false, "translator_type": "none"}, "geo": null, "coordinates": null, "place": null, "contributors": null, "is_quote_status": false, "retweet_count": 0, "favorite_count": 1, "favorited": false, "retweeted": false, "lang": "en"}