{"created_at": "Thu Feb 20 09:31:09 +0000 2020", "id": 1230424641044434945, "id_str": "1230424641044434945", "text": "RT @kaibaumgartner: #SARSCoV2: China To Change Definition Of #Coronavirus \"Infection\" Again In Pursuit Of Fewer Cases https://t.co/Yt2kKUdB\u2026", "truncated": false, "entities": {"hashtags": [{"text": "SARSCoV2", "indices": [20, 29]}, {"text": "Coronavirus", "indices": [61, 73]}], "symbols": [], "user_mentions": [{"screen_name": "kaibaumgartner", "name": "Kai Baumgartner\ud83c\udf33\ud83e\uddd1\ud83c\udffd\u200d\ud83c\udf3e", "id": 72816261, "id_str": "72816261", "indices": [3, 18]}], "urls": []}, "metadata": {"iso_language_code": "en", "result_type": "recent"}, "source": "<a href=\"http://twitter.com/download/android\" rel=\"nofollow\">Twitter for Android</a>", "in_reply_to_status_id": null, "in_reply_to_status_id_str": null, "in_reply_to_user_id": null, "in_reply_to_user_id_str": null, "in_reply_to_screen_name": null, "user": {"id": 1111621333593411584, "id_str": "1111621333593411584", "name": "FashNNation", "screen_name": "fashn_nation", "location": "", "description": "", "url": null, "entities": {"description": {"urls": []}}, "protected": false, "followers_count": 44, "friends_count": 12, "listed_count": 0, "created_at": "Fri Mar 29 13:29:13 +0000 2019", "favourites_count": 8736, "utc_offset": null, "time_zone": null, "geo_enabled": false, "verified": false, "statuses_count": 3779, "lang": null, "contributors_enabled": false, "is_translator": false, "is_translation_enabled": false, "profile_background_color": "F5F8FA", "profile_background_image_url": null, "profile_background_image_url_https": null, "profile_background_tile": false, "profile_image_url": "http://abs.twimg.com/sticky/default_profile_images/default_profile_normal.png", "profile_image_url_https": "https://abs.twimg.com/sticky/default_profile_images/default_profile_normal.png", "profile_link_color": "1DA1F2", "profile_sidebar_border_color": "C0DEED", "profile_sidebar_fill_color": "DDEEF6", "profile_text_color": "333333", "profile_use_background_image": true, "has_extended_profile": false, "default_profile": true, "default_profile_image": true, "following": false, "follow_request_sent": false, "notifications": false, "translator_type": "none"}, "geo": null, "coordinates": null, "place": null, "contributors": null, "retweeted_status": {"created_at": "Thu Feb 20 09:29:26 +0000 2020", "id": 1230424210444558337, "id_str": "1230424210444558337", "text": "#SARSCoV2: China To Change Definition Of #Coronavirus \"Infection\" Again In Pursuit Of Fewer Cases https://t.co/Yt2kKUdBgM #covid19 #2019nCoV", "truncated": false, "entities": {"hashtags": [{"text": "SARSCoV2", "indices": [0, 9]}, {"text": "Coronavirus", "indices": [41, 53]}, {"text": "covid19", "indices": [122, 130]}, {"text": "2019nCoV", "indices": [131, 140]}], "symbols": [], "user_mentions": [], "urls": [{"url": "https://t.co/Yt2kKUdBgM", "expanded_url": "https://www.zerohedge.com/markets/china-change-infection-definition-again-pursuit-lower-cases", "display_url": "zerohedge.com/markets/china-\u2026", "indices": [98, 121]}]}, "metadata": {"iso_language_code": "en", "result_type": "recent"}, "source": "<a href=\"http://twitter.com/download/iphone\" rel=\"nofollow\">Twitter for iPhone</a>", "in_reply_to_status_id": 1227850708990472193, "in_reply_to_status_id_str": "1227850708990472193", "in_reply_to_user_id": 72816261, "in_reply_to_user_id_str": "72816261", "in_reply_to_screen_name": "kaibaumgartner", "user": {"id": 72816261, "id_str": "72816261", "name": "Kai Baumgartner\ud83c\udf33\ud83e\uddd1\ud83c\udffd\u200d\ud83c\udf3e", "screen_name": "kaibaumgartner", "location": "M\u00fcnchen, Bayern, Deutschland", "description": "Private equity, venture capital, business angel, impact entrepreneurship, reason over ideology, diversity of thought, libertarianism, individualism, resilience", "url": "https://t.co/UYKFGMZt48", "entities": {"url": {"urls": [{"url": "https://t.co/UYKFGMZt48", "expanded_url": "http://www.kaibaumgartner.com", "display_url": "kaibaumgartner.com", "indices": [0, 23]}]}, "description": {"urls": []}}, "protected": false, "followers_count": 1648, "friends_count": 639, "listed_count": 256, "created_at": "Wed Sep 09 10:01:36 +0000 2009", "favourites_count": 26, "utc_offset": null, "time_zone": null, "geo_enabled": false, "verified": false, "statuses_count": 4128, "lang": null, "contributors_enabled": false, "is_translator": false, "is_translation_enabled": false, "profile_background_color": "57832C", "profile_background_image_url": "http://abs.twimg.com/images/themes/theme9/bg.gif", "profile_background_image_url_https": "https://abs.twimg.com/images/themes/theme9/bg.gif", "profile_background_tile": false, "profile_image_url": "http://pbs.twimg.com/profile_images/744506260930760704/NQVnWAgf_normal.jpg", "profile_image_url_https": "https://pbs.twimg.com/profile_images/744506260930760704/NQVnWAgf_normal.jpg", "profile_banner_url": "https://pbs.twimg.com/profile_banners/72816261/1467444283", "profile_link_color": "669933", "profile_sidebar_border_color": "FFFFFF", "profile_sidebar_fill_color": "F3F3F3", "profile_text_color": "333333", "profile_use_background_image": false, "has_extended_profile": true, "default_profile": false, "default_profile_image": false, "following": false, "follow_request_sent": false, "notifications": false, "translator_type": "none"}, "geo": null, "coordinates": null, "place": null, "contributors": null, "is_quote_status": false, "retweet_count": 1, "favorite_count": 2, "favorited": false, "retweeted": false, "possibly_sensitive": false, "lang": "en"}, "is_quote_status": false, "retweet_count": 1, "favorite_count": 0, "favorited": false, "retweeted": false, "lang": "en"}