{"created_at": "Tue Feb 18 11:30:22 +0000 2020", "id": 1229729867102593027, "id_str": "1229729867102593027", "text": "RT @Lichtspruch: #Mimikama #Coronavirus #WHO #Fakenews\n\nSchlechte Ratschl\u00e4ge \nund Verschw\u00f6rungstheorien viral \nBeh\u00f6rden verharmlosen Proble\u2026", "truncated": false, "entities": {"hashtags": [{"text": "Mimikama", "indices": [17, 26]}, {"text": "Coronavirus", "indices": [27, 39]}, {"text": "WHO", "indices": [40, 44]}, {"text": "Fakenews", "indices": [45, 54]}], "symbols": [], "user_mentions": [{"screen_name": "Lichtspruch", "name": "Ekkehard von Weiher", "id": 865122032, "id_str": "865122032", "indices": [3, 15]}], "urls": []}, "metadata": {"iso_language_code": "de", "result_type": "recent"}, "source": "<a href=\"https://mobile.twitter.com\" rel=\"nofollow\">Twitter Web App</a>", "in_reply_to_status_id": null, "in_reply_to_status_id_str": null, "in_reply_to_user_id": null, "in_reply_to_user_id_str": null, "in_reply_to_screen_name": null, "user": {"id": 958803253642321925, "id_str": "958803253642321925", "name": "Cloud Dancer\ud83d\udee9", "screen_name": "Baron_Snoopy", "location": "Bad Soden am Taunus", "description": "Terrestrische Navigation ist die Kunst, Dinge wieder zu erkennen, die man nie zuvor gesehen hat.\rStarten muss man nicht. Landen schon...\ud83d\ude09\r #Segelfliegen #DAeC", "url": "https://t.co/sP77QEKnuH", "entities": {"url": {"urls": [{"url": "https://t.co/sP77QEKnuH", "expanded_url": "http://www.lsc-badhomburg.de", "display_url": "lsc-badhomburg.de", "indices": [0, 23]}]}, "description": {"urls": []}}, "protected": false, "followers_count": 592, "friends_count": 558, "listed_count": 7, "created_at": "Wed Jan 31 20:44:44 +0000 2018", "favourites_count": 70634, "utc_offset": null, "time_zone": null, "geo_enabled": false, "verified": false, "statuses_count": 28382, "lang": null, "contributors_enabled": false, "is_translator": false, "is_translation_enabled": false, "profile_background_color": "000000", "profile_background_image_url": "http://abs.twimg.com/images/themes/theme1/bg.png", "profile_background_image_url_https": "https://abs.twimg.com/images/themes/theme1/bg.png", "profile_background_tile": false, "profile_image_url": "http://pbs.twimg.com/profile_images/958844107849437184/eTDgnzAv_normal.jpg", "profile_image_url_https": "https://pbs.twimg.com/profile_images/958844107849437184/eTDgnzAv_normal.jpg", "profile_banner_url": "https://pbs.twimg.com/profile_banners/958803253642321925/1517440179", "profile_link_color": "1875BC", "profile_sidebar_border_color": "000000", "profile_sidebar_fill_color": "000000", "profile_text_color": "000000", "profile_use_background_image": false, "has_extended_profile": true, "default_profile": false, "default_profile_image": false, "following": false, "follow_request_sent": false, "notifications": false, "translator_type": "none"}, "geo": null, "coordinates": null, "place": null, "contributors": null, "retweeted_status": {"created_at": "Tue Feb 18 09:28:58 +0000 2020", "id": 1229699316283052034, "id_str": "1229699316283052034", "text": "#Mimikama #Coronavirus #WHO #Fakenews\n\nSchlechte Ratschl\u00e4ge \nund Verschw\u00f6rungstheorien viral \nBeh\u00f6rden verharmlosen\u2026 https://t.co/8miutLufMU", "truncated": true, "entities": {"hashtags": [{"text": "Mimikama", "indices": [0, 9]}, {"text": "Coronavirus", "indices": [10, 22]}, {"text": "WHO", "indices": [23, 27]}, {"text": "Fakenews", "indices": [28, 37]}], "symbols": [], "user_mentions": [], "urls": [{"url": "https://t.co/8miutLufMU", "expanded_url": "https://twitter.com/i/web/status/1229699316283052034", "display_url": "twitter.com/i/web/status/1\u2026", "indices": [117, 140]}]}, "metadata": {"iso_language_code": "de", "result_type": "recent"}, "source": "<a href=\"http://twitter.com\" rel=\"nofollow\">Twitter Web Client</a>", "in_reply_to_status_id": null, "in_reply_to_status_id_str": null, "in_reply_to_user_id": null, "in_reply_to_user_id_str": null, "in_reply_to_screen_name": null, "user": {"id": 865122032, "id_str": "865122032", "name": "Ekkehard von Weiher", "screen_name": "Lichtspruch", "location": "M\u00fcnchen", "description": "Democracy \nDies in Darkness - \nLet There be Light ! \n\n#3D #FridaysForFuture \n#ClimateCrisis #Crossview \n#Antifaschismus #3DforFuture", "url": "https://t.co/jKYYldpwXu", "entities": {"url": {"urls": [{"url": "https://t.co/jKYYldpwXu", "expanded_url": "http://linkedin.com/in/weiher", "display_url": "linkedin.com/in/weiher", "indices": [0, 23]}]}, "description": {"urls": []}}, "protected": false, "followers_count": 205, "friends_count": 1886, "listed_count": 0, "created_at": "Sat Oct 06 18:41:20 +0000 2012", "favourites_count": 1935, "utc_offset": null, "time_zone": null, "geo_enabled": false, "verified": false, "statuses_count": 2819, "lang": null, "contributors_enabled": false, "is_translator": false, "is_translation_enabled": false, "profile_background_color": "C0DEED", "profile_background_image_url": "http://abs.twimg.com/images/themes/theme1/bg.png", "profile_background_image_url_https": "https://abs.twimg.com/images/themes/theme1/bg.png", "profile_background_tile": false, "profile_image_url": "http://pbs.twimg.com/profile_images/1198079226605428736/aSY9GyiE_normal.png", "profile_image_url_https": "https://pbs.twimg.com/profile_images/1198079226605428736/aSY9GyiE_normal.png", "profile_banner_url": "https://pbs.twimg.com/profile_banners/865122032/1577599437", "profile_link_color": "1DA1F2", "profile_sidebar_border_color": "C0DEED", "profile_sidebar_fill_color": "DDEEF6", "profile_text_color": "333333", "profile_use_background_image": true, "has_extended_profile": false, "default_profile": true, "default_profile_image": false, "following": false, "follow_request_sent": false, "notifications": false, "translator_type": "none"}, "geo": null, "coordinates": null, "place": null, "contributors": null, "is_quote_status": false, "retweet_count": 2, "favorite_count": 1, "favorited": false, "retweeted": false, "possibly_sensitive": false, "lang": "de"}, "is_quote_status": false, "retweet_count": 2, "favorite_count": 0, "favorited": false, "retweeted": false, "lang": "de"}