{"created_at": "Fri Feb 21 15:21:59 +0000 2020", "id": 1230875321362264066, "id_str": "1230875321362264066", "text": "Wie bef\u00e4llt das neue #Coronavirus menschliche Zellen? Forscher konnten nun die Tatwaffe in 3-D zeigen, ein #Protein\u2026 https://t.co/4cojbtHFuD", "truncated": true, "entities": {"hashtags": [{"text": "Coronavirus", "indices": [21, 33]}, {"text": "Protein", "indices": [107, 115]}], "symbols": [], "user_mentions": [], "urls": [{"url": "https://t.co/4cojbtHFuD", "expanded_url": "https://twitter.com/i/web/status/1230875321362264066", "display_url": "twitter.com/i/web/status/1\u2026", "indices": [117, 140]}]}, "metadata": {"iso_language_code": "de", "result_type": "recent"}, "source": "<a href=\"https://mobile.twitter.com\" rel=\"nofollow\">Twitter Web App</a>", "in_reply_to_status_id": null, "in_reply_to_status_id_str": null, "in_reply_to_user_id": null, "in_reply_to_user_id_str": null, "in_reply_to_screen_name": null, "user": {"id": 17308291, "id_str": "17308291", "name": "BR - Wissen", "screen_name": "BR_Wissen", "location": "M\u00fcnchen", "description": "Bayerischer Rundfunk: https://t.co/J0VvOsQqAV, Rubrik Wissen, info@br.de\nInformationen \u00fcber die Datenverarbeitung: https://t.co/oDiueqz4ej", "url": "https://t.co/IgBtjxUPe8", "entities": {"url": {"urls": [{"url": "https://t.co/IgBtjxUPe8", "expanded_url": "https://www.br.de/themen/wissen/inhalt/highlights/", "display_url": "br.de/themen/wissen/\u2026", "indices": [0, 23]}]}, "description": {"urls": [{"url": "https://t.co/J0VvOsQqAV", "expanded_url": "http://BR.de", "display_url": "BR.de", "indices": [22, 45]}, {"url": "https://t.co/oDiueqz4ej", "expanded_url": "https://br.de/s/3Tam5gf", "display_url": "br.de/s/3Tam5gf", "indices": [115, 138]}]}}, "protected": false, "followers_count": 16993, "friends_count": 140, "listed_count": 475, "created_at": "Tue Nov 11 11:51:55 +0000 2008", "favourites_count": 439, "utc_offset": null, "time_zone": null, "geo_enabled": true, "verified": true, "statuses_count": 32097, "lang": null, "contributors_enabled": false, "is_translator": false, "is_translation_enabled": false, "profile_background_color": "FFFFFF", "profile_background_image_url": "http://abs.twimg.com/images/themes/theme1/bg.png", "profile_background_image_url_https": "https://abs.twimg.com/images/themes/theme1/bg.png", "profile_background_tile": false, "profile_image_url": "http://pbs.twimg.com/profile_images/877170003283464193/pZWrZwSH_normal.jpg", "profile_image_url_https": "https://pbs.twimg.com/profile_images/877170003283464193/pZWrZwSH_normal.jpg", "profile_banner_url": "https://pbs.twimg.com/profile_banners/17308291/1398427169", "profile_link_color": "010304", "profile_sidebar_border_color": "000000", "profile_sidebar_fill_color": "E5F2F9", "profile_text_color": "333333", "profile_use_background_image": true, "has_extended_profile": false, "default_profile": false, "default_profile_image": false, "following": false, "follow_request_sent": false, "notifications": false, "translator_type": "none"}, "geo": null, "coordinates": null, "place": null, "contributors": null, "is_quote_status": false, "retweet_count": 0, "favorite_count": 0, "favorited": false, "retweeted": false, "possibly_sensitive": false, "lang": "de"}