{"created_at": "Fri Feb 21 10:44:10 +0000 2020", "id": 1230805405527199744, "id_str": "1230805405527199744", "text": "RT @UyghurCongress: The #coronavirus #COVID19 is spreading rapidly in cruise ships &amp; prisons, where ppl are confined in close quarters.\n\nMi\u2026", "truncated": false, "entities": {"hashtags": [{"text": "coronavirus", "indices": [24, 36]}, {"text": "COVID19", "indices": [37, 45]}], "symbols": [], "user_mentions": [{"screen_name": "UyghurCongress", "name": "WorldUyghurCongress", "id": 274669412, "id_str": "274669412", "indices": [3, 18]}], "urls": []}, "metadata": {"iso_language_code": "en", "result_type": "recent"}, "source": "<a href=\"https://mobile.twitter.com\" rel=\"nofollow\">Twitter Web App</a>", "in_reply_to_status_id": null, "in_reply_to_status_id_str": null, "in_reply_to_user_id": null, "in_reply_to_user_id_str": null, "in_reply_to_screen_name": null, "user": {"id": 4276306814, "id_str": "4276306814", "name": "\u6749\u6d66\u61b2\u4e8c(Sug\u00edura Kenji)", "screen_name": "sugiura_ken2", "location": "\u65e5\u672c\u56fd\u5175\u5eab\u770c", "description": "\u5617\u3066\u300c\u5b89\u6fc3\u723e\u9c52\u300d\u3068\u3044\u3046HN\u3092\u4f7f\u3063\u3066\u3044\u307e\u3057\u305f\u304c \u5b9f\u540d\u306b\u5909\u66f4\u3057\u307e\u3057\u305f\u3002\u671d\u65e5\u65b0\u805e\u7684\u306a\u300c\u6b63\u7fa9\u300d\u306e\u4eba\u3082\u305d\u306e\u6b63\u53cd\u5bfe\u306e\u3064\u3082\u308a\u306e\u9673\u8150\u306a\u611b\u56fd\u30c7\u30de\u3092\u3070\u3089\u6492\u304f\u4eba\u3082\u304a\u65ad\u308a\u3002\nhttps://t.co/OJjC8QPsgN", "url": "https://t.co/1qYtrvZEwM", "entities": {"url": {"urls": [{"url": "https://t.co/1qYtrvZEwM", "expanded_url": "https://ameblo.jp/digitalalfabetizacion", "display_url": "ameblo.jp/digitalalfabet\u2026", "indices": [0, 23]}]}, "description": {"urls": [{"url": "https://t.co/OJjC8QPsgN", "expanded_url": "https://www.facebook.com/sugiura.ken2", "display_url": "facebook.com/sugiura.ken2", "indices": [75, 98]}]}}, "protected": false, "followers_count": 415, "friends_count": 131, "listed_count": 16, "created_at": "Wed Nov 18 07:18:00 +0000 2015", "favourites_count": 101784, "utc_offset": null, "time_zone": null, "geo_enabled": false, "verified": false, "statuses_count": 46325, "lang": null, "contributors_enabled": false, "is_translator": false, "is_translation_enabled": false, "profile_background_color": "C0DEED", "profile_background_image_url": "http://abs.twimg.com/images/themes/theme1/bg.png", "profile_background_image_url_https": "https://abs.twimg.com/images/themes/theme1/bg.png", "profile_background_tile": false, "profile_image_url": "http://pbs.twimg.com/profile_images/666984837740412929/jw4S-opW_normal.jpg", "profile_image_url_https": "https://pbs.twimg.com/profile_images/666984837740412929/jw4S-opW_normal.jpg", "profile_banner_url": "https://pbs.twimg.com/profile_banners/4276306814/1536314689", "profile_link_color": "1DA1F2", "profile_sidebar_border_color": "C0DEED", "profile_sidebar_fill_color": "DDEEF6", "profile_text_color": "333333", "profile_use_background_image": true, "has_extended_profile": true, "default_profile": true, "default_profile_image": false, "following": false, "follow_request_sent": false, "notifications": false, "translator_type": "none"}, "geo": null, "coordinates": null, "place": null, "contributors": null, "retweeted_status": {"created_at": "Fri Feb 21 09:44:48 +0000 2020", "id": 1230790466867748865, "id_str": "1230790466867748865", "text": "The #coronavirus #COVID19 is spreading rapidly in cruise ships &amp; prisons, where ppl are confined in close quarters.\u2026 https://t.co/REFlqSNiWe", "truncated": true, "entities": {"hashtags": [{"text": "coronavirus", "indices": [4, 16]}, {"text": "COVID19", "indices": [17, 25]}], "symbols": [], "user_mentions": [], "urls": [{"url": "https://t.co/REFlqSNiWe", "expanded_url": "https://twitter.com/i/web/status/1230790466867748865", "display_url": "twitter.com/i/web/status/1\u2026", "indices": [121, 144]}]}, "metadata": {"iso_language_code": "en", "result_type": "recent"}, "source": "<a href=\"https://mobile.twitter.com\" rel=\"nofollow\">Twitter Web App</a>", "in_reply_to_status_id": null, "in_reply_to_status_id_str": null, "in_reply_to_user_id": null, "in_reply_to_user_id_str": null, "in_reply_to_screen_name": null, "user": {"id": 274669412, "id_str": "274669412", "name": "WorldUyghurCongress", "screen_name": "UyghurCongress", "location": "Munich, Germany", "description": "International umbrella organization promoting #Uyghur human rights and a peaceful solution to the conflict in East Turkistan.", "url": "https://t.co/70xMUcBmtq", "entities": {"url": {"urls": [{"url": "https://t.co/70xMUcBmtq", "expanded_url": "http://www.uyghurcongress.org", "display_url": "uyghurcongress.org", "indices": [0, 23]}]}, "description": {"urls": []}}, "protected": false, "followers_count": 24127, "friends_count": 1283, "listed_count": 306, "created_at": "Wed Mar 30 20:31:53 +0000 2011", "favourites_count": 4953, "utc_offset": null, "time_zone": null, "geo_enabled": true, "verified": true, "statuses_count": 19178, "lang": null, "contributors_enabled": false, "is_translator": false, "is_translation_enabled": false, "profile_background_color": "6296CB", "profile_background_image_url": "http://abs.twimg.com/images/themes/theme1/bg.png", "profile_background_image_url_https": "https://abs.twimg.com/images/themes/theme1/bg.png", "profile_background_tile": false, "profile_image_url": "http://pbs.twimg.com/profile_images/867676517131845633/CVNkbC9u_normal.jpg", "profile_image_url_https": "https://pbs.twimg.com/profile_images/867676517131845633/CVNkbC9u_normal.jpg", "profile_banner_url": "https://pbs.twimg.com/profile_banners/274669412/1525168141", "profile_link_color": "3E7DBB", "profile_sidebar_border_color": "000000", "profile_sidebar_fill_color": "DDEEF6", "profile_text_color": "333333", "profile_use_background_image": true, "has_extended_profile": false, "default_profile": false, "default_profile_image": false, "following": false, "follow_request_sent": false, "notifications": false, "translator_type": "none"}, "geo": null, "coordinates": null, "place": null, "contributors": null, "is_quote_status": false, "retweet_count": 47, "favorite_count": 49, "favorited": false, "retweeted": false, "possibly_sensitive": false, "lang": "en"}, "is_quote_status": false, "retweet_count": 47, "favorite_count": 0, "favorited": false, "retweeted": false, "lang": "en"}