{"created_at": "Tue Feb 18 14:29:22 +0000 2020", "id": 1229774913608785920, "id_str": "1229774913608785920", "text": "Nun schreibt selbst die FAZ \u00fcber Hinweise auf eine \u00dcbertragung durch die Luft. \n#CoronavirusOutbreak #COVID19 https://t.co/zCFcNl4qPO", "truncated": false, "entities": {"hashtags": [{"text": "CoronavirusOutbreak", "indices": [80, 100]}, {"text": "COVID19", "indices": [101, 109]}], "symbols": [], "user_mentions": [], "urls": [{"url": "https://t.co/zCFcNl4qPO", "expanded_url": "https://twitter.com/FAZ_NET/status/1229755264133455873", "display_url": "twitter.com/FAZ_NET/status\u2026", "indices": [110, 133]}]}, "metadata": {"iso_language_code": "de", "result_type": "recent"}, "source": "<a href=\"https://mobile.twitter.com\" rel=\"nofollow\">Twitter Web App</a>", "in_reply_to_status_id": null, "in_reply_to_status_id_str": null, "in_reply_to_user_id": null, "in_reply_to_user_id_str": null, "in_reply_to_screen_name": null, "user": {"id": 113979117, "id_str": "113979117", "name": "Cassius Antonius", "screen_name": "Cassius_Antonin", "location": "Stuttgart, Germany", "description": "Gegen den Ungeist unserer Zeit. Gloria Patri et Filio et Spiritui Sancto.", "url": null, "entities": {"description": {"urls": []}}, "protected": false, "followers_count": 340, "friends_count": 246, "listed_count": 15, "created_at": "Sat Feb 13 17:42:31 +0000 2010", "favourites_count": 55206, "utc_offset": null, "time_zone": null, "geo_enabled": true, "verified": false, "statuses_count": 19133, "lang": null, "contributors_enabled": false, "is_translator": false, "is_translation_enabled": false, "profile_background_color": "9AE4E8", "profile_background_image_url": "http://abs.twimg.com/images/themes/theme16/bg.gif", "profile_background_image_url_https": "https://abs.twimg.com/images/themes/theme16/bg.gif", "profile_background_tile": false, "profile_image_url": "http://pbs.twimg.com/profile_images/695098272/cab_normal.jpg", "profile_image_url_https": "https://pbs.twimg.com/profile_images/695098272/cab_normal.jpg", "profile_banner_url": "https://pbs.twimg.com/profile_banners/113979117/1541340650", "profile_link_color": "0084B4", "profile_sidebar_border_color": "BDDCAD", "profile_sidebar_fill_color": "DDFFCC", "profile_text_color": "333333", "profile_use_background_image": true, "has_extended_profile": false, "default_profile": false, "default_profile_image": false, "following": false, "follow_request_sent": false, "notifications": false, "translator_type": "none"}, "geo": null, "coordinates": null, "place": null, "contributors": null, "is_quote_status": true, "quoted_status_id": 1229755264133455873, "quoted_status_id_str": "1229755264133455873", "quoted_status": {"created_at": "Tue Feb 18 13:11:17 +0000 2020", "id": 1229755264133455873, "id_str": "1229755264133455873", "text": "Immer h\u00f6rbarer spekuliert man in Peking \u00fcber ein Abflauen der Coronaseuche, doch der neueste Bericht des Seuchenzen\u2026 https://t.co/QGn8zy2BJ9", "truncated": true, "entities": {"hashtags": [], "symbols": [], "user_mentions": [], "urls": [{"url": "https://t.co/QGn8zy2BJ9", "expanded_url": "https://twitter.com/i/web/status/1229755264133455873", "display_url": "twitter.com/i/web/status/1\u2026", "indices": [117, 140]}]}, "metadata": {"iso_language_code": "de", "result_type": "recent"}, "source": "<a href=\"http://www.faz.net\" rel=\"nofollow\">FAZ.NET</a>", "in_reply_to_status_id": null, "in_reply_to_status_id_str": null, "in_reply_to_user_id": null, "in_reply_to_user_id_str": null, "in_reply_to_screen_name": null, "user": {"id": 18016521, "id_str": "18016521", "name": "Frankfurter Allgemeine gesamt", "screen_name": "FAZ_NET", "location": "Frankfurt am Main - Germany", "description": "Aktuelle Nachrichten der Frankfurter Allgemeinen Zeitung.\n\nImpressum: https://t.co/UeypcoqdNs\nDatenschutz: https://t.co/UBMvMgddMZ", "url": "https://t.co/a3rWeUbLwT", "entities": {"url": {"urls": [{"url": "https://t.co/a3rWeUbLwT", "expanded_url": "https://www.faz.net/", "display_url": "faz.net", "indices": [0, 23]}]}, "description": {"urls": [{"url": "https://t.co/UeypcoqdNs", "expanded_url": "http://faz.net/impressum", "display_url": "faz.net/impressum", "indices": [70, 93]}, {"url": "https://t.co/UBMvMgddMZ", "expanded_url": "http://faz.net/datenschutz", "display_url": "faz.net/datenschutz", "indices": [107, 130]}]}}, "protected": false, "followers_count": 48702, "friends_count": 185, "listed_count": 1704, "created_at": "Wed Dec 10 10:17:27 +0000 2008", "favourites_count": 9, "utc_offset": null, "time_zone": null, "geo_enabled": true, "verified": true, "statuses_count": 374859, "lang": null, "contributors_enabled": false, "is_translator": false, "is_translation_enabled": false, "profile_background_color": "333333", "profile_background_image_url": "http://abs.twimg.com/images/themes/theme1/bg.png", "profile_background_image_url_https": "https://abs.twimg.com/images/themes/theme1/bg.png", "profile_background_tile": false, "profile_image_url": "http://pbs.twimg.com/profile_images/1177121341239115776/TV19LVLj_normal.jpg", "profile_image_url_https": "https://pbs.twimg.com/profile_images/1177121341239115776/TV19LVLj_normal.jpg", "profile_banner_url": "https://pbs.twimg.com/profile_banners/18016521/1569482573", "profile_link_color": "C60000", "profile_sidebar_border_color": "000000", "profile_sidebar_fill_color": "000000", "profile_text_color": "000000", "profile_use_background_image": true, "has_extended_profile": false, "default_profile": false, "default_profile_image": false, "following": false, "follow_request_sent": false, "notifications": false, "translator_type": "none"}, "geo": null, "coordinates": null, "place": null, "contributors": null, "is_quote_status": false, "retweet_count": 10, "favorite_count": 13, "favorited": false, "retweeted": false, "possibly_sensitive": false, "lang": "de"}, "retweet_count": 0, "favorite_count": 1, "favorited": false, "retweeted": false, "possibly_sensitive": false, "lang": "de"}