{"created_at": "Wed Feb 19 09:20:11 +0000 2020", "id": 1230059493297287169, "id_str": "1230059493297287169", "text": "RT @ExasolAG: Are #drones and #robots the future of epidemics? If it can stop human-to-human transmission of the #Coronavirus and help get\u2026", "truncated": false, "entities": {"hashtags": [{"text": "drones", "indices": [18, 25]}, {"text": "robots", "indices": [30, 37]}, {"text": "Coronavirus", "indices": [113, 125]}], "symbols": [], "user_mentions": [{"screen_name": "ExasolAG", "name": "Exasol", "id": 195760172, "id_str": "195760172", "indices": [3, 12]}], "urls": []}, "metadata": {"iso_language_code": "en", "result_type": "recent"}, "source": "<a href=\"https://mobile.twitter.com\" rel=\"nofollow\">Twitter Web App</a>", "in_reply_to_status_id": null, "in_reply_to_status_id_str": null, "in_reply_to_user_id": null, "in_reply_to_user_id_str": null, "in_reply_to_screen_name": null, "user": {"id": 38498398, "id_str": "38498398", "name": "Edgar Villegas", "screen_name": "Edgar_Villegas", "location": "Mexico, City", "description": "Data Warehouse, Analytics, Big Data, Cloud Computing, Numeric Intensive Computing,Unix, & everyday use of Social Media with the latest electronic gadgets.", "url": null, "entities": {"description": {"urls": []}}, "protected": false, "followers_count": 1460, "friends_count": 1527, "listed_count": 1033, "created_at": "Thu May 07 19:32:07 +0000 2009", "favourites_count": 4420, "utc_offset": null, "time_zone": null, "geo_enabled": false, "verified": false, "statuses_count": 36034, "lang": null, "contributors_enabled": false, "is_translator": false, "is_translation_enabled": false, "profile_background_color": "131516", "profile_background_image_url": "http://abs.twimg.com/images/themes/theme14/bg.gif", "profile_background_image_url_https": "https://abs.twimg.com/images/themes/theme14/bg.gif", "profile_background_tile": true, "profile_image_url": "http://pbs.twimg.com/profile_images/202263913/Foto_El_Hijo_del_Santo_normal.jpg", "profile_image_url_https": "https://pbs.twimg.com/profile_images/202263913/Foto_El_Hijo_del_Santo_normal.jpg", "profile_banner_url": "https://pbs.twimg.com/profile_banners/38498398/1379656782", "profile_link_color": "5C070E", "profile_sidebar_border_color": "000000", "profile_sidebar_fill_color": "0A0A0A", "profile_text_color": "F2E9F2", "profile_use_background_image": true, "has_extended_profile": false, "default_profile": false, "default_profile_image": false, "following": false, "follow_request_sent": false, "notifications": false, "translator_type": "none"}, "geo": null, "coordinates": null, "place": null, "contributors": null, "retweeted_status": {"created_at": "Wed Feb 19 09:14:00 +0000 2020", "id": 1230057936996700161, "id_str": "1230057936996700161", "text": "Are #drones and #robots the future of epidemics? If it can stop human-to-human transmission of the #Coronavirus and\u2026 https://t.co/Tv6P7he47D", "truncated": true, "entities": {"hashtags": [{"text": "drones", "indices": [4, 11]}, {"text": "robots", "indices": [16, 23]}, {"text": "Coronavirus", "indices": [99, 111]}], "symbols": [], "user_mentions": [], "urls": [{"url": "https://t.co/Tv6P7he47D", "expanded_url": "https://twitter.com/i/web/status/1230057936996700161", "display_url": "twitter.com/i/web/status/1\u2026", "indices": [117, 140]}]}, "metadata": {"iso_language_code": "en", "result_type": "recent"}, "source": "<a href=\"http://www.hubspot.com/\" rel=\"nofollow\">HubSpot</a>", "in_reply_to_status_id": null, "in_reply_to_status_id_str": null, "in_reply_to_user_id": null, "in_reply_to_user_id_str": null, "in_reply_to_screen_name": null, "user": {"id": 195760172, "id_str": "195760172", "name": "Exasol", "screen_name": "ExasolAG", "location": "Nuremberg, Germany", "description": "Our superfast data analytics platform gives you the power, flexibility and scalability to meet the demands of your long-term data strategy.", "url": "https://t.co/osaXvF2uSO", "entities": {"url": {"urls": [{"url": "https://t.co/osaXvF2uSO", "expanded_url": "https://www.exasol.com/", "display_url": "exasol.com", "indices": [0, 23]}]}, "description": {"urls": []}}, "protected": false, "followers_count": 20918, "friends_count": 12626, "listed_count": 1059, "created_at": "Mon Sep 27 14:26:28 +0000 2010", "favourites_count": 4131, "utc_offset": null, "time_zone": null, "geo_enabled": true, "verified": false, "statuses_count": 22553, "lang": null, "contributors_enabled": false, "is_translator": false, "is_translation_enabled": false, "profile_background_color": "EEEEEE", "profile_background_image_url": "http://abs.twimg.com/images/themes/theme1/bg.png", "profile_background_image_url_https": "https://abs.twimg.com/images/themes/theme1/bg.png", "profile_background_tile": false, "profile_image_url": "http://pbs.twimg.com/profile_images/930351769699409920/qb2QJkgP_normal.jpg", "profile_image_url_https": "https://pbs.twimg.com/profile_images/930351769699409920/qb2QJkgP_normal.jpg", "profile_banner_url": "https://pbs.twimg.com/profile_banners/195760172/1561462994", "profile_link_color": "76BC1D", "profile_sidebar_border_color": "FFFFFF", "profile_sidebar_fill_color": "F4F4F4", "profile_text_color": "333333", "profile_use_background_image": false, "has_extended_profile": false, "default_profile": false, "default_profile_image": false, "following": false, "follow_request_sent": false, "notifications": false, "translator_type": "none"}, "geo": null, "coordinates": null, "place": null, "contributors": null, "is_quote_status": false, "retweet_count": 1, "favorite_count": 0, "favorited": false, "retweeted": false, "possibly_sensitive": false, "lang": "en"}, "is_quote_status": false, "retweet_count": 1, "favorite_count": 0, "favorited": false, "retweeted": false, "lang": "en"}