{"created_at": "Thu Feb 20 08:55:44 +0000 2020", "id": 1230415728601444359, "id_str": "1230415728601444359", "text": "RT @eva_schiller: So gef\u00e4llt mir das \ud83d\ude00 auf Dreh f\u00fcr die  @ZDFheute \u00fcber die Auswirkungen des #coronavirus auf die deutsche Wirtschaft @ZDFs\u2026", "truncated": false, "entities": {"hashtags": [{"text": "coronavirus", "indices": [93, 105]}], "symbols": [], "user_mentions": [{"screen_name": "eva_schiller", "name": "eva schiller", "id": 863352182, "id_str": "863352182", "indices": [3, 16]}, {"screen_name": "ZDFheute", "name": "ZDF heute", "id": 1101354170, "id_str": "1101354170", "indices": [57, 66]}], "urls": []}, "metadata": {"iso_language_code": "de", "result_type": "recent"}, "source": "<a href=\"http://twitter.com/download/iphone\" rel=\"nofollow\">Twitter for iPhone</a>", "in_reply_to_status_id": null, "in_reply_to_status_id_str": null, "in_reply_to_user_id": null, "in_reply_to_user_id_str": null, "in_reply_to_screen_name": null, "user": {"id": 2565366666, "id_str": "2565366666", "name": "ZDF-Studio Ba-W\u00fc", "screen_name": "ZDFstuttgart", "location": "Stuttgart", "description": "Hier twittert das ZDF-Landesstudio Baden-W\u00fcrttemberg. | Impressum und Netiquette: https://t.co/G68tyOTrCh", "url": "http://t.co/fmjodfFuCT", "entities": {"url": {"urls": [{"url": "http://t.co/fmjodfFuCT", "expanded_url": "http://www.zdf.de", "display_url": "zdf.de", "indices": [0, 22]}]}, "description": {"urls": [{"url": "https://t.co/G68tyOTrCh", "expanded_url": "https://kurz.zdf.de/social/", "display_url": "kurz.zdf.de/social/", "indices": [82, 105]}]}}, "protected": false, "followers_count": 1775, "friends_count": 219, "listed_count": 82, "created_at": "Fri Jun 13 14:16:24 +0000 2014", "favourites_count": 105, "utc_offset": null, "time_zone": null, "geo_enabled": true, "verified": true, "statuses_count": 521, "lang": null, "contributors_enabled": false, "is_translator": false, "is_translation_enabled": false, "profile_background_color": "9E9E9E", "profile_background_image_url": "http://abs.twimg.com/images/themes/theme1/bg.png", "profile_background_image_url_https": "https://abs.twimg.com/images/themes/theme1/bg.png", "profile_background_tile": false, "profile_image_url": "http://pbs.twimg.com/profile_images/893087713334665216/QsQaUn5y_normal.jpg", "profile_image_url_https": "https://pbs.twimg.com/profile_images/893087713334665216/QsQaUn5y_normal.jpg", "profile_banner_url": "https://pbs.twimg.com/profile_banners/2565366666/1433152980", "profile_link_color": "0084B4", "profile_sidebar_border_color": "FFFFFF", "profile_sidebar_fill_color": "DDEEF6", "profile_text_color": "333333", "profile_use_background_image": true, "has_extended_profile": false, "default_profile": false, "default_profile_image": false, "following": false, "follow_request_sent": false, "notifications": false, "translator_type": "none"}, "geo": null, "coordinates": null, "place": null, "contributors": null, "retweeted_status": {"created_at": "Thu Feb 20 08:41:15 +0000 2020", "id": 1230412082941702144, "id_str": "1230412082941702144", "text": "So gef\u00e4llt mir das \ud83d\ude00 auf Dreh f\u00fcr die  @ZDFheute \u00fcber die Auswirkungen des #coronavirus auf die deutsche Wirtschaft\u2026 https://t.co/KO6jhVlQYl", "truncated": true, "entities": {"hashtags": [{"text": "coronavirus", "indices": [75, 87]}], "symbols": [], "user_mentions": [{"screen_name": "ZDFheute", "name": "ZDF heute", "id": 1101354170, "id_str": "1101354170", "indices": [39, 48]}], "urls": [{"url": "https://t.co/KO6jhVlQYl", "expanded_url": "https://twitter.com/i/web/status/1230412082941702144", "display_url": "twitter.com/i/web/status/1\u2026", "indices": [117, 140]}]}, "metadata": {"iso_language_code": "de", "result_type": "recent"}, "source": "<a href=\"http://twitter.com/download/iphone\" rel=\"nofollow\">Twitter for iPhone</a>", "in_reply_to_status_id": null, "in_reply_to_status_id_str": null, "in_reply_to_user_id": null, "in_reply_to_user_id_str": null, "in_reply_to_screen_name": null, "user": {"id": 863352182, "id_str": "863352182", "name": "eva schiller", "screen_name": "eva_schiller", "location": "Stuttgart, Deutschland", "description": "ZDF-Studioleiterin #badenw\u00fcrttemberg twittert \u00fcber #stuttgart und das restliche L\u00e4ndle und die #schweiz @ZDFstuttgart @ZDF @ReporterZDF Kein ZDF Account!", "url": null, "entities": {"description": {"urls": []}}, "protected": false, "followers_count": 837, "friends_count": 457, "listed_count": 34, "created_at": "Fri Oct 05 16:53:18 +0000 2012", "favourites_count": 1781, "utc_offset": null, "time_zone": null, "geo_enabled": true, "verified": false, "statuses_count": 1350, "lang": null, "contributors_enabled": false, "is_translator": false, "is_translation_enabled": false, "profile_background_color": "C0DEED", "profile_background_image_url": "http://abs.twimg.com/images/themes/theme1/bg.png", "profile_background_image_url_https": "https://abs.twimg.com/images/themes/theme1/bg.png", "profile_background_tile": false, "profile_image_url": "http://pbs.twimg.com/profile_images/1189619061237391363/GG326lZ9_normal.jpg", "profile_image_url_https": "https://pbs.twimg.com/profile_images/1189619061237391363/GG326lZ9_normal.jpg", "profile_banner_url": "https://pbs.twimg.com/profile_banners/863352182/1558326481", "profile_link_color": "1DA1F2", "profile_sidebar_border_color": "C0DEED", "profile_sidebar_fill_color": "DDEEF6", "profile_text_color": "333333", "profile_use_background_image": true, "has_extended_profile": false, "default_profile": true, "default_profile_image": false, "following": false, "follow_request_sent": false, "notifications": false, "translator_type": "none"}, "geo": null, "coordinates": null, "place": null, "contributors": null, "is_quote_status": false, "retweet_count": 1, "favorite_count": 10, "favorited": false, "retweeted": false, "possibly_sensitive": false, "lang": "de"}, "is_quote_status": false, "retweet_count": 1, "favorite_count": 0, "favorited": false, "retweeted": false, "lang": "de"}