{"created_at": "Tue Feb 18 16:32:05 +0000 2020", "id": 1229805796294352904, "id_str": "1229805796294352904", "text": "RT @mvollmer1: #MondayMotivaton Impact of #DigitalTransformation &amp; #coronavirus / #COVID19 ... \ud83d\ude26 Is this the #FutureofWork?\n\nMT @helene_wpl\u2026", "truncated": false, "entities": {"hashtags": [{"text": "MondayMotivaton", "indices": [15, 31]}, {"text": "DigitalTransformation", "indices": [42, 64]}, {"text": "coronavirus", "indices": [71, 83]}, {"text": "COVID19", "indices": [86, 94]}, {"text": "FutureofWork", "indices": [113, 126]}], "symbols": [], "user_mentions": [{"screen_name": "mvollmer1", "name": "Dr. Marcell Vollmer", "id": 99674560, "id_str": "99674560", "indices": [3, 13]}], "urls": []}, "metadata": {"iso_language_code": "en", "result_type": "recent"}, "source": "<a href=\"http://twitter.com/download/iphone\" rel=\"nofollow\">Twitter for iPhone</a>", "in_reply_to_status_id": null, "in_reply_to_status_id_str": null, "in_reply_to_user_id": null, "in_reply_to_user_id_str": null, "in_reply_to_screen_name": null, "user": {"id": 201284086, "id_str": "201284086", "name": "Pino Maglio", "screen_name": "pinomaglio", "location": "Netherlands", "description": "Future", "url": null, "entities": {"description": {"urls": []}}, "protected": false, "followers_count": 969, "friends_count": 2043, "listed_count": 68, "created_at": "Mon Oct 11 14:25:21 +0000 2010", "favourites_count": 61, "utc_offset": null, "time_zone": null, "geo_enabled": false, "verified": false, "statuses_count": 3484, "lang": null, "contributors_enabled": false, "is_translator": false, "is_translation_enabled": false, "profile_background_color": "C0DEED", "profile_background_image_url": "http://abs.twimg.com/images/themes/theme1/bg.png", "profile_background_image_url_https": "https://abs.twimg.com/images/themes/theme1/bg.png", "profile_background_tile": false, "profile_image_url": "http://pbs.twimg.com/profile_images/1142274504/tn-Pino-Maglio_normal.jpg", "profile_image_url_https": "https://pbs.twimg.com/profile_images/1142274504/tn-Pino-Maglio_normal.jpg", "profile_link_color": "1DA1F2", "profile_sidebar_border_color": "C0DEED", "profile_sidebar_fill_color": "DDEEF6", "profile_text_color": "333333", "profile_use_background_image": true, "has_extended_profile": false, "default_profile": true, "default_profile_image": false, "following": false, "follow_request_sent": false, "notifications": false, "translator_type": "none"}, "geo": null, "coordinates": null, "place": null, "contributors": null, "retweeted_status": {"created_at": "Mon Feb 17 04:49:19 +0000 2020", "id": 1229266550743556102, "id_str": "1229266550743556102", "text": "#MondayMotivaton Impact of #DigitalTransformation &amp; #coronavirus / #COVID19 ... \ud83d\ude26 Is this the #FutureofWork?\n\nMT\u2026 https://t.co/Baj7Vd8An8", "truncated": true, "entities": {"hashtags": [{"text": "MondayMotivaton", "indices": [0, 16]}, {"text": "DigitalTransformation", "indices": [27, 49]}, {"text": "coronavirus", "indices": [56, 68]}, {"text": "COVID19", "indices": [71, 79]}, {"text": "FutureofWork", "indices": [98, 111]}], "symbols": [], "user_mentions": [], "urls": [{"url": "https://t.co/Baj7Vd8An8", "expanded_url": "https://twitter.com/i/web/status/1229266550743556102", "display_url": "twitter.com/i/web/status/1\u2026", "indices": [118, 141]}]}, "metadata": {"iso_language_code": "en", "result_type": "recent"}, "source": "<a href=\"http://twitter.com/#!/download/ipad\" rel=\"nofollow\">Twitter for iPad</a>", "in_reply_to_status_id": null, "in_reply_to_status_id_str": null, "in_reply_to_user_id": null, "in_reply_to_user_id_str": null, "in_reply_to_screen_name": null, "user": {"id": 99674560, "id_str": "99674560", "name": "Dr. Marcell Vollmer", "screen_name": "mvollmer1", "location": "Munich, Bavaria", "description": "Chief Innovation Officer @Celonis. Passionate about life & coffee. PhD & MBA in Economics. Social Media enthusiast and curious to continuously learn & grow", "url": "https://t.co/EsPFMBdrDN", "entities": {"url": {"urls": [{"url": "https://t.co/EsPFMBdrDN", "expanded_url": "https://www.linkedin.com/in/marcellvollmer/", "display_url": "linkedin.com/in/marcellvoll\u2026", "indices": [0, 23]}]}, "description": {"urls": []}}, "protected": false, "followers_count": 49255, "friends_count": 45474, "listed_count": 581, "created_at": "Sun Dec 27 09:07:18 +0000 2009", "favourites_count": 201062, "utc_offset": null, "time_zone": null, "geo_enabled": true, "verified": false, "statuses_count": 80147, "lang": null, "contributors_enabled": false, "is_translator": false, "is_translation_enabled": false, "profile_background_color": "C0DEED", "profile_background_image_url": "http://abs.twimg.com/images/themes/theme1/bg.png", "profile_background_image_url_https": "https://abs.twimg.com/images/themes/theme1/bg.png", "profile_background_tile": false, "profile_image_url": "http://pbs.twimg.com/profile_images/735212931940552704/83zOt4k5_normal.jpg", "profile_image_url_https": "https://pbs.twimg.com/profile_images/735212931940552704/83zOt4k5_normal.jpg", "profile_banner_url": "https://pbs.twimg.com/profile_banners/99674560/1486476950", "profile_link_color": "1DA1F2", "profile_sidebar_border_color": "C0DEED", "profile_sidebar_fill_color": "DDEEF6", "profile_text_color": "333333", "profile_use_background_image": true, "has_extended_profile": true, "default_profile": true, "default_profile_image": false, "following": false, "follow_request_sent": false, "notifications": false, "translator_type": "none"}, "geo": null, "coordinates": null, "place": null, "contributors": null, "is_quote_status": false, "retweet_count": 68, "favorite_count": 129, "favorited": false, "retweeted": false, "possibly_sensitive": false, "lang": "en"}, "is_quote_status": false, "retweet_count": 68, "favorite_count": 0, "favorited": false, "retweeted": false, "lang": "en"}