{"created_at": "Wed Feb 19 17:56:48 +0000 2020", "id": 1230189505782652930, "id_str": "1230189505782652930", "text": "RT @juliusairforce: JEDER MUSS ES WISSEN. Deswegen versteckt @welt es auch hinter einer Paywall. #coronavirus https://t.co/YCwJjeS5Rf", "truncated": false, "entities": {"hashtags": [{"text": "coronavirus", "indices": [97, 109]}], "symbols": [], "user_mentions": [{"screen_name": "juliusairforce", "name": "Julius Isaak", "id": 2292708058, "id_str": "2292708058", "indices": [3, 18]}, {"screen_name": "welt", "name": "WELT", "id": 8720562, "id_str": "8720562", "indices": [61, 66]}], "urls": [], "media": [{"id": 1230050551557185536, "id_str": "1230050551557185536", "indices": [110, 133], "media_url": "http://pbs.twimg.com/media/ERIEdaVW4AAPDYa.jpg", "media_url_https": "https://pbs.twimg.com/media/ERIEdaVW4AAPDYa.jpg", "url": "https://t.co/YCwJjeS5Rf", "display_url": "pic.twitter.com/YCwJjeS5Rf", "expanded_url": "https://twitter.com/juliusairforce/status/1230050556112187392/photo/1", "type": "photo", "sizes": {"thumb": {"w": 150, "h": 150, "resize": "crop"}, "small": {"w": 680, "h": 282, "resize": "fit"}, "medium": {"w": 1080, "h": 448, "resize": "fit"}, "large": {"w": 1080, "h": 448, "resize": "fit"}}, "source_status_id": 1230050556112187392, "source_status_id_str": "1230050556112187392", "source_user_id": 2292708058, "source_user_id_str": "2292708058"}]}, "extended_entities": {"media": [{"id": 1230050551557185536, "id_str": "1230050551557185536", "indices": [110, 133], "media_url": "http://pbs.twimg.com/media/ERIEdaVW4AAPDYa.jpg", "media_url_https": "https://pbs.twimg.com/media/ERIEdaVW4AAPDYa.jpg", "url": "https://t.co/YCwJjeS5Rf", "display_url": "pic.twitter.com/YCwJjeS5Rf", "expanded_url": "https://twitter.com/juliusairforce/status/1230050556112187392/photo/1", "type": "photo", "sizes": {"thumb": {"w": 150, "h": 150, "resize": "crop"}, "small": {"w": 680, "h": 282, "resize": "fit"}, "medium": {"w": 1080, "h": 448, "resize": "fit"}, "large": {"w": 1080, "h": 448, "resize": "fit"}}, "source_status_id": 1230050556112187392, "source_status_id_str": "1230050556112187392", "source_user_id": 2292708058, "source_user_id_str": "2292708058"}]}, "metadata": {"iso_language_code": "de", "result_type": "recent"}, "source": "<a href=\"http://twitter.com/download/iphone\" rel=\"nofollow\">Twitter for iPhone</a>", "in_reply_to_status_id": null, "in_reply_to_status_id_str": null, "in_reply_to_user_id": null, "in_reply_to_user_id_str": null, "in_reply_to_screen_name": null, "user": {"id": 4891172542, "id_str": "4891172542", "name": "Hei Sch\u00f6nin", "screen_name": "HeiSchonin", "location": "Bayern, Deutschland", "description": "LL.M.  verheiratet", "url": null, "entities": {"description": {"urls": []}}, "protected": false, "followers_count": 621, "friends_count": 683, "listed_count": 4, "created_at": "Tue Feb 09 07:07:46 +0000 2016", "favourites_count": 76030, "utc_offset": null, "time_zone": null, "geo_enabled": false, "verified": false, "statuses_count": 50223, "lang": null, "contributors_enabled": false, "is_translator": false, "is_translation_enabled": false, "profile_background_color": "F5F8FA", "profile_background_image_url": null, "profile_background_image_url_https": null, "profile_background_tile": false, "profile_image_url": "http://pbs.twimg.com/profile_images/876458602533355522/JO1mF3iW_normal.jpg", "profile_image_url_https": "https://pbs.twimg.com/profile_images/876458602533355522/JO1mF3iW_normal.jpg", "profile_banner_url": "https://pbs.twimg.com/profile_banners/4891172542/1477317181", "profile_link_color": "1DA1F2", "profile_sidebar_border_color": "C0DEED", "profile_sidebar_fill_color": "DDEEF6", "profile_text_color": "333333", "profile_use_background_image": true, "has_extended_profile": false, "default_profile": true, "default_profile_image": false, "following": false, "follow_request_sent": false, "notifications": false, "translator_type": "none"}, "geo": null, "coordinates": null, "place": null, "contributors": null, "retweeted_status": {"created_at": "Wed Feb 19 08:44:40 +0000 2020", "id": 1230050556112187392, "id_str": "1230050556112187392", "text": "JEDER MUSS ES WISSEN. Deswegen versteckt @welt es auch hinter einer Paywall. #coronavirus https://t.co/YCwJjeS5Rf", "truncated": false, "entities": {"hashtags": [{"text": "coronavirus", "indices": [77, 89]}], "symbols": [], "user_mentions": [{"screen_name": "welt", "name": "WELT", "id": 8720562, "id_str": "8720562", "indices": [41, 46]}], "urls": [], "media": [{"id": 1230050551557185536, "id_str": "1230050551557185536", "indices": [90, 113], "media_url": "http://pbs.twimg.com/media/ERIEdaVW4AAPDYa.jpg", "media_url_https": "https://pbs.twimg.com/media/ERIEdaVW4AAPDYa.jpg", "url": "https://t.co/YCwJjeS5Rf", "display_url": "pic.twitter.com/YCwJjeS5Rf", "expanded_url": "https://twitter.com/juliusairforce/status/1230050556112187392/photo/1", "type": "photo", "sizes": {"thumb": {"w": 150, "h": 150, "resize": "crop"}, "small": {"w": 680, "h": 282, "resize": "fit"}, "medium": {"w": 1080, "h": 448, "resize": "fit"}, "large": {"w": 1080, "h": 448, "resize": "fit"}}}]}, "extended_entities": {"media": [{"id": 1230050551557185536, "id_str": "1230050551557185536", "indices": [90, 113], "media_url": "http://pbs.twimg.com/media/ERIEdaVW4AAPDYa.jpg", "media_url_https": "https://pbs.twimg.com/media/ERIEdaVW4AAPDYa.jpg", "url": "https://t.co/YCwJjeS5Rf", "display_url": "pic.twitter.com/YCwJjeS5Rf", "expanded_url": "https://twitter.com/juliusairforce/status/1230050556112187392/photo/1", "type": "photo", "sizes": {"thumb": {"w": 150, "h": 150, "resize": "crop"}, "small": {"w": 680, "h": 282, "resize": "fit"}, "medium": {"w": 1080, "h": 448, "resize": "fit"}, "large": {"w": 1080, "h": 448, "resize": "fit"}}}]}, "metadata": {"iso_language_code": "de", "result_type": "recent"}, "source": "<a href=\"http://twitter.com/download/android\" rel=\"nofollow\">Twitter for Android</a>", "in_reply_to_status_id": null, "in_reply_to_status_id_str": null, "in_reply_to_user_id": null, "in_reply_to_user_id_str": null, "in_reply_to_screen_name": null, "user": {"id": 2292708058, "id_str": "2292708058", "name": "Julius Isaak", "screen_name": "juliusairforce", "location": "M\u00fcnchen, Bayern", "description": "Audio, Writing, and Research. Located in Munich, studying and researching at the Amerika Institut, creative stuff at Sono Motors.", "url": "https://t.co/dHsXVPpHHH", "entities": {"url": {"urls": [{"url": "https://t.co/dHsXVPpHHH", "expanded_url": "http://www.instagram.com/juliusisaak/", "display_url": "instagram.com/juliusisaak/", "indices": [0, 23]}]}, "description": {"urls": []}}, "protected": false, "followers_count": 105, "friends_count": 216, "listed_count": 4, "created_at": "Mon Jan 20 01:21:18 +0000 2014", "favourites_count": 1723, "utc_offset": null, "time_zone": null, "geo_enabled": false, "verified": false, "statuses_count": 282, "lang": null, "contributors_enabled": false, "is_translator": false, "is_translation_enabled": false, "profile_background_color": "000000", "profile_background_image_url": "http://abs.twimg.com/images/themes/theme1/bg.png", "profile_background_image_url_https": "https://abs.twimg.com/images/themes/theme1/bg.png", "profile_background_tile": false, "profile_image_url": "http://pbs.twimg.com/profile_images/1189643703268315136/1AsjS1qK_normal.jpg", "profile_image_url_https": "https://pbs.twimg.com/profile_images/1189643703268315136/1AsjS1qK_normal.jpg", "profile_banner_url": "https://pbs.twimg.com/profile_banners/2292708058/1575220612", "profile_link_color": "1B95E0", "profile_sidebar_border_color": "000000", "profile_sidebar_fill_color": "000000", "profile_text_color": "000000", "profile_use_background_image": false, "has_extended_profile": true, "default_profile": false, "default_profile_image": false, "following": false, "follow_request_sent": false, "notifications": false, "translator_type": "none"}, "geo": null, "coordinates": null, "place": null, "contributors": null, "is_quote_status": false, "retweet_count": 6, "favorite_count": 29, "favorited": false, "retweeted": false, "possibly_sensitive": false, "lang": "de"}, "is_quote_status": false, "retweet_count": 6, "favorite_count": 0, "favorited": false, "retweeted": false, "possibly_sensitive": false, "lang": "de"}