{"created_at": "Wed Feb 19 11:28:41 +0000 2020", "id": 1230091832987672577, "id_str": "1230091832987672577", "text": "RT @juliusairforce: JEDER MUSS ES WISSEN. Deswegen versteckt @welt es auch hinter einer Paywall. #coronavirus https://t.co/YCwJjeS5Rf", "truncated": false, "entities": {"hashtags": [{"text": "coronavirus", "indices": [97, 109]}], "symbols": [], "user_mentions": [{"screen_name": "juliusairforce", "name": "Julius Isaak", "id": 2292708058, "id_str": "2292708058", "indices": [3, 18]}, {"screen_name": "welt", "name": "WELT", "id": 8720562, "id_str": "8720562", "indices": [61, 66]}], "urls": [], "media": [{"id": 1230050551557185536, "id_str": "1230050551557185536", "indices": [110, 133], "media_url": "http://pbs.twimg.com/media/ERIEdaVW4AAPDYa.jpg", "media_url_https": "https://pbs.twimg.com/media/ERIEdaVW4AAPDYa.jpg", "url": "https://t.co/YCwJjeS5Rf", "display_url": "pic.twitter.com/YCwJjeS5Rf", "expanded_url": "https://twitter.com/juliusairforce/status/1230050556112187392/photo/1", "type": "photo", "sizes": {"thumb": {"w": 150, "h": 150, "resize": "crop"}, "small": {"w": 680, "h": 282, "resize": "fit"}, "medium": {"w": 1080, "h": 448, "resize": "fit"}, "large": {"w": 1080, "h": 448, "resize": "fit"}}, "source_status_id": 1230050556112187392, "source_status_id_str": "1230050556112187392", "source_user_id": 2292708058, "source_user_id_str": "2292708058"}]}, "extended_entities": {"media": [{"id": 1230050551557185536, "id_str": "1230050551557185536", "indices": [110, 133], "media_url": "http://pbs.twimg.com/media/ERIEdaVW4AAPDYa.jpg", "media_url_https": "https://pbs.twimg.com/media/ERIEdaVW4AAPDYa.jpg", "url": "https://t.co/YCwJjeS5Rf", "display_url": "pic.twitter.com/YCwJjeS5Rf", "expanded_url": "https://twitter.com/juliusairforce/status/1230050556112187392/photo/1", "type": "photo", "sizes": {"thumb": {"w": 150, "h": 150, "resize": "crop"}, "small": {"w": 680, "h": 282, "resize": "fit"}, "medium": {"w": 1080, "h": 448, "resize": "fit"}, "large": {"w": 1080, "h": 448, "resize": "fit"}}, "source_status_id": 1230050556112187392, "source_status_id_str": "1230050556112187392", "source_user_id": 2292708058, "source_user_id_str": "2292708058"}]}, "metadata": {"iso_language_code": "de", "result_type": "recent"}, "source": "<a href=\"http://twitter.com/download/android\" rel=\"nofollow\">Twitter for Android</a>", "in_reply_to_status_id": null, "in_reply_to_status_id_str": null, "in_reply_to_user_id": null, "in_reply_to_user_id_str": null, "in_reply_to_screen_name": null, "user": {"id": 1228582017962565634, "id_str": "1228582017962565634", "name": "Django", "screen_name": "Django98865400", "location": "Germany", "description": "In GOD WE TRUST!\ud83d\udc51\n#Real #News\n#Save the World\ud83c\udf10\ud83c\udf0d\ud83c\udf0e\ud83c\udf0f\n#JESUS#\ud83c\udde9\ud83c\uddea\ud83c\uddf7\ud83c\uddf8\ud83c\uddfa\ud83c\uddf8\ud83c\uddeb\ud83c\uddf7\ud83c\uddee\ud83c\uddf9\ud83c\uddee\ud83c\uddf1\ud83c\uddf3\ud83c\uddeb\ud83c\udde7\ud83c\uddf7\ud83c\uddf8\ud83c\uddea\ud83c\udde6\ud83c\uddf9\ud83c\uddfa\ud83c\uddfe\ud83c\uddfb\ud83c\uddee\ud83c\uddff\ud83c\udde6\ud83c\udde7\ud83c\uddea\ud83c\udde6\ud83c\uddf8\ud83c\udde7\ud83c\uddff\ud83c\udde8\ud83c\uddf7\ud83c\udde9\ud83c\uddf4\ud83c\uddec\ud83c\udde7\ud83c\udde9\ud83c\uddf2\ud83c\udde8\ud83c\uddf3\ud83c\udde8\ud83c\uddfd\ud83c\udde7\ud83c\uddf3\ud83c\uddf1\ud83c\uddf0", "url": null, "entities": {"description": {"urls": []}}, "protected": false, "followers_count": 338, "friends_count": 338, "listed_count": 2, "created_at": "Sat Feb 15 07:29:39 +0000 2020", "favourites_count": 397, "utc_offset": null, "time_zone": null, "geo_enabled": false, "verified": false, "statuses_count": 954, "lang": null, "contributors_enabled": false, "is_translator": false, "is_translation_enabled": false, "profile_background_color": "F5F8FA", "profile_background_image_url": null, "profile_background_image_url_https": null, "profile_background_tile": false, "profile_image_url": "http://pbs.twimg.com/profile_images/1228589956995702784/MSmfet5T_normal.jpg", "profile_image_url_https": "https://pbs.twimg.com/profile_images/1228589956995702784/MSmfet5T_normal.jpg", "profile_banner_url": "https://pbs.twimg.com/profile_banners/1228582017962565634/1581752889", "profile_link_color": "1DA1F2", "profile_sidebar_border_color": "C0DEED", "profile_sidebar_fill_color": "DDEEF6", "profile_text_color": "333333", "profile_use_background_image": true, "has_extended_profile": true, "default_profile": true, "default_profile_image": false, "following": false, "follow_request_sent": false, "notifications": false, "translator_type": "none"}, "geo": null, "coordinates": null, "place": null, "contributors": null, "retweeted_status": {"created_at": "Wed Feb 19 08:44:40 +0000 2020", "id": 1230050556112187392, "id_str": "1230050556112187392", "text": "JEDER MUSS ES WISSEN. Deswegen versteckt @welt es auch hinter einer Paywall. #coronavirus https://t.co/YCwJjeS5Rf", "truncated": false, "entities": {"hashtags": [{"text": "coronavirus", "indices": [77, 89]}], "symbols": [], "user_mentions": [{"screen_name": "welt", "name": "WELT", "id": 8720562, "id_str": "8720562", "indices": [41, 46]}], "urls": [], "media": [{"id": 1230050551557185536, "id_str": "1230050551557185536", "indices": [90, 113], "media_url": "http://pbs.twimg.com/media/ERIEdaVW4AAPDYa.jpg", "media_url_https": "https://pbs.twimg.com/media/ERIEdaVW4AAPDYa.jpg", "url": "https://t.co/YCwJjeS5Rf", "display_url": "pic.twitter.com/YCwJjeS5Rf", "expanded_url": "https://twitter.com/juliusairforce/status/1230050556112187392/photo/1", "type": "photo", "sizes": {"thumb": {"w": 150, "h": 150, "resize": "crop"}, "small": {"w": 680, "h": 282, "resize": "fit"}, "medium": {"w": 1080, "h": 448, "resize": "fit"}, "large": {"w": 1080, "h": 448, "resize": "fit"}}}]}, "extended_entities": {"media": [{"id": 1230050551557185536, "id_str": "1230050551557185536", "indices": [90, 113], "media_url": "http://pbs.twimg.com/media/ERIEdaVW4AAPDYa.jpg", "media_url_https": "https://pbs.twimg.com/media/ERIEdaVW4AAPDYa.jpg", "url": "https://t.co/YCwJjeS5Rf", "display_url": "pic.twitter.com/YCwJjeS5Rf", "expanded_url": "https://twitter.com/juliusairforce/status/1230050556112187392/photo/1", "type": "photo", "sizes": {"thumb": {"w": 150, "h": 150, "resize": "crop"}, "small": {"w": 680, "h": 282, "resize": "fit"}, "medium": {"w": 1080, "h": 448, "resize": "fit"}, "large": {"w": 1080, "h": 448, "resize": "fit"}}}]}, "metadata": {"iso_language_code": "de", "result_type": "recent"}, "source": "<a href=\"http://twitter.com/download/android\" rel=\"nofollow\">Twitter for Android</a>", "in_reply_to_status_id": null, "in_reply_to_status_id_str": null, "in_reply_to_user_id": null, "in_reply_to_user_id_str": null, "in_reply_to_screen_name": null, "user": {"id": 2292708058, "id_str": "2292708058", "name": "Julius Isaak", "screen_name": "juliusairforce", "location": "M\u00fcnchen, Bayern", "description": "Audio, Writing, and Research. Located in Munich, studying and researching at the Amerika Institut, creative stuff at Sono Motors.", "url": "https://t.co/dHsXVPpHHH", "entities": {"url": {"urls": [{"url": "https://t.co/dHsXVPpHHH", "expanded_url": "http://www.instagram.com/juliusisaak/", "display_url": "instagram.com/juliusisaak/", "indices": [0, 23]}]}, "description": {"urls": []}}, "protected": false, "followers_count": 105, "friends_count": 216, "listed_count": 4, "created_at": "Mon Jan 20 01:21:18 +0000 2014", "favourites_count": 1723, "utc_offset": null, "time_zone": null, "geo_enabled": false, "verified": false, "statuses_count": 282, "lang": null, "contributors_enabled": false, "is_translator": false, "is_translation_enabled": false, "profile_background_color": "000000", "profile_background_image_url": "http://abs.twimg.com/images/themes/theme1/bg.png", "profile_background_image_url_https": "https://abs.twimg.com/images/themes/theme1/bg.png", "profile_background_tile": false, "profile_image_url": "http://pbs.twimg.com/profile_images/1189643703268315136/1AsjS1qK_normal.jpg", "profile_image_url_https": "https://pbs.twimg.com/profile_images/1189643703268315136/1AsjS1qK_normal.jpg", "profile_banner_url": "https://pbs.twimg.com/profile_banners/2292708058/1575220612", "profile_link_color": "1B95E0", "profile_sidebar_border_color": "000000", "profile_sidebar_fill_color": "000000", "profile_text_color": "000000", "profile_use_background_image": false, "has_extended_profile": true, "default_profile": false, "default_profile_image": false, "following": false, "follow_request_sent": false, "notifications": false, "translator_type": "none"}, "geo": null, "coordinates": null, "place": null, "contributors": null, "is_quote_status": false, "retweet_count": 6, "favorite_count": 29, "favorited": false, "retweeted": false, "possibly_sensitive": false, "lang": "de"}, "is_quote_status": false, "retweet_count": 6, "favorite_count": 0, "favorited": false, "retweeted": false, "possibly_sensitive": false, "lang": "de"}