{"created_at": "Tue Feb 18 04:48:28 +0000 2020", "id": 1229628724800348160, "id_str": "1229628724800348160", "text": "RT @BR24: Der #Ticker zum #Coronavirus: \n\u27a1\ufe0fZahl der Neuinfektionen geht in #China zur\u00fcck\n\u27a1\ufe0f99 weitere Infektionsf\u00e4lle auf #Kreuzfahrtschiff\u2026", "truncated": false, "entities": {"hashtags": [{"text": "Ticker", "indices": [14, 21]}, {"text": "Coronavirus", "indices": [26, 38]}, {"text": "China", "indices": [75, 81]}, {"text": "Kreuzfahrtschiff", "indices": [122, 139]}], "symbols": [], "user_mentions": [{"screen_name": "BR24", "name": "BR24", "id": 90524645, "id_str": "90524645", "indices": [3, 8]}], "urls": []}, "metadata": {"iso_language_code": "de", "result_type": "recent"}, "source": "<a href=\"http://twitter.com/#!/download/ipad\" rel=\"nofollow\">Twitter for iPad</a>", "in_reply_to_status_id": null, "in_reply_to_status_id_str": null, "in_reply_to_user_id": null, "in_reply_to_user_id_str": null, "in_reply_to_screen_name": null, "user": {"id": 62757067, "id_str": "62757067", "name": "Stefan Slaby", "screen_name": "publizistikon", "location": "Fav/RT \u2260 endors. tagging=block", "description": "Dozent|AdA|Fachautor|Publizistik, MA Uni M\u00fcnster 1994|RSGS SHAPE NATO HQ 1986-89|hier privat zu: Medien|Politik|Geschichte|Marketingkommunikation|Bildung|Cosim", "url": "https://t.co/KmK9B5rOCA", "entities": {"url": {"urls": [{"url": "https://t.co/KmK9B5rOCA", "expanded_url": "http://publizistikon.blogspot.de/", "display_url": "publizistikon.blogspot.de", "indices": [0, 23]}]}, "description": {"urls": []}}, "protected": false, "followers_count": 8191, "friends_count": 993, "listed_count": 148, "created_at": "Tue Aug 04 08:16:55 +0000 2009", "favourites_count": 21784, "utc_offset": null, "time_zone": null, "geo_enabled": false, "verified": false, "statuses_count": 57696, "lang": null, "contributors_enabled": false, "is_translator": false, "is_translation_enabled": false, "profile_background_color": "EBEBEB", "profile_background_image_url": "http://abs.twimg.com/images/themes/theme7/bg.gif", "profile_background_image_url_https": "https://abs.twimg.com/images/themes/theme7/bg.gif", "profile_background_tile": false, "profile_image_url": "http://pbs.twimg.com/profile_images/1300623548/Slaby0006ibfswmini_normal.jpg", "profile_image_url_https": "https://pbs.twimg.com/profile_images/1300623548/Slaby0006ibfswmini_normal.jpg", "profile_banner_url": "https://pbs.twimg.com/profile_banners/62757067/1416735248", "profile_link_color": "990000", "profile_sidebar_border_color": "FFFFFF", "profile_sidebar_fill_color": "F3F3F3", "profile_text_color": "333333", "profile_use_background_image": true, "has_extended_profile": true, "default_profile": false, "default_profile_image": false, "following": false, "follow_request_sent": false, "notifications": false, "translator_type": "none"}, "geo": null, "coordinates": null, "place": null, "contributors": null, "retweeted_status": {"created_at": "Mon Feb 17 17:39:14 +0000 2020", "id": 1229460306763636736, "id_str": "1229460306763636736", "text": "Der #Ticker zum #Coronavirus: \n\u27a1\ufe0fZahl der Neuinfektionen geht in #China zur\u00fcck\n\u27a1\ufe0f99 weitere Infektionsf\u00e4lle auf\u2026 https://t.co/ufmcyG7mQW", "truncated": true, "entities": {"hashtags": [{"text": "Ticker", "indices": [4, 11]}, {"text": "Coronavirus", "indices": [16, 28]}, {"text": "China", "indices": [65, 71]}], "symbols": [], "user_mentions": [], "urls": [{"url": "https://t.co/ufmcyG7mQW", "expanded_url": "https://twitter.com/i/web/status/1229460306763636736", "display_url": "twitter.com/i/web/status/1\u2026", "indices": [113, 136]}]}, "metadata": {"iso_language_code": "de", "result_type": "recent"}, "source": "<a href=\"https://mobile.twitter.com\" rel=\"nofollow\">Twitter Web App</a>", "in_reply_to_status_id": null, "in_reply_to_status_id_str": null, "in_reply_to_user_id": null, "in_reply_to_user_id_str": null, "in_reply_to_screen_name": null, "user": {"id": 90524645, "id_str": "90524645", "name": "BR24", "screen_name": "BR24", "location": "M\u00fcnchen, Bayern", "description": "Dar\u00fcber spricht Bayern. An der Tastatur: @rupprich", "url": "https://t.co/reyIDBBGTo", "entities": {"url": {"urls": [{"url": "https://t.co/reyIDBBGTo", "expanded_url": "http://www.br24.de", "display_url": "br24.de", "indices": [0, 23]}]}, "description": {"urls": []}}, "protected": false, "followers_count": 42031, "friends_count": 1304, "listed_count": 953, "created_at": "Tue Nov 17 00:37:00 +0000 2009", "favourites_count": 8162, "utc_offset": null, "time_zone": null, "geo_enabled": true, "verified": true, "statuses_count": 138333, "lang": null, "contributors_enabled": false, "is_translator": false, "is_translation_enabled": false, "profile_background_color": "FFFFFF", "profile_background_image_url": "http://abs.twimg.com/images/themes/theme1/bg.png", "profile_background_image_url_https": "https://abs.twimg.com/images/themes/theme1/bg.png", "profile_background_tile": false, "profile_image_url": "http://pbs.twimg.com/profile_images/875689536306728960/ZjT-XMQ9_normal.jpg", "profile_image_url_https": "https://pbs.twimg.com/profile_images/875689536306728960/ZjT-XMQ9_normal.jpg", "profile_banner_url": "https://pbs.twimg.com/profile_banners/90524645/1547183906", "profile_link_color": "0084B4", "profile_sidebar_border_color": "000000", "profile_sidebar_fill_color": "DDEEF6", "profile_text_color": "333333", "profile_use_background_image": true, "has_extended_profile": false, "default_profile": false, "default_profile_image": false, "following": false, "follow_request_sent": false, "notifications": false, "translator_type": "regular"}, "geo": null, "coordinates": null, "place": null, "contributors": null, "is_quote_status": false, "retweet_count": 3, "favorite_count": 6, "favorited": false, "retweeted": false, "possibly_sensitive": false, "lang": "de"}, "is_quote_status": false, "retweet_count": 3, "favorite_count": 0, "favorited": false, "retweeted": false, "lang": "de"}