{"created_at": "Tue Feb 18 07:31:17 +0000 2020", "id": 1229669701699149827, "id_str": "1229669701699149827", "text": "RT @mride80336: #COVID19: \"Der wichtigste Ort, auf den wir jetzt schauen sollten, ist #Singapur.\" sagt Jeremy Farrar in der SZ. Dort d\u00fcrfte\u2026", "truncated": false, "entities": {"hashtags": [{"text": "COVID19", "indices": [16, 24]}, {"text": "Singapur", "indices": [86, 95]}], "symbols": [], "user_mentions": [{"screen_name": "mride80336", "name": "Martin Richter", "id": 357072283, "id_str": "357072283", "indices": [3, 14]}], "urls": []}, "metadata": {"iso_language_code": "de", "result_type": "recent"}, "source": "<a href=\"http://twitter.com/#!/download/ipad\" rel=\"nofollow\">Twitter for iPad</a>", "in_reply_to_status_id": null, "in_reply_to_status_id_str": null, "in_reply_to_user_id": null, "in_reply_to_user_id_str": null, "in_reply_to_screen_name": null, "user": {"id": 1228576427429285888, "id_str": "1228576427429285888", "name": "alifie", "screen_name": "alifie19", "location": "", "description": "J\u00e1 jsem j\u00e1.", "url": null, "entities": {"description": {"urls": []}}, "protected": false, "followers_count": 5, "friends_count": 11, "listed_count": 0, "created_at": "Sat Feb 15 07:07:18 +0000 2020", "favourites_count": 148, "utc_offset": null, "time_zone": null, "geo_enabled": false, "verified": false, "statuses_count": 73, "lang": null, "contributors_enabled": false, "is_translator": false, "is_translation_enabled": false, "profile_background_color": "F5F8FA", "profile_background_image_url": null, "profile_background_image_url_https": null, "profile_background_tile": false, "profile_image_url": "http://pbs.twimg.com/profile_images/1229762453594087425/jsoGW3jY_normal.jpg", "profile_image_url_https": "https://pbs.twimg.com/profile_images/1229762453594087425/jsoGW3jY_normal.jpg", "profile_link_color": "1DA1F2", "profile_sidebar_border_color": "C0DEED", "profile_sidebar_fill_color": "DDEEF6", "profile_text_color": "333333", "profile_use_background_image": true, "has_extended_profile": false, "default_profile": true, "default_profile_image": false, "following": false, "follow_request_sent": false, "notifications": false, "translator_type": "none"}, "geo": null, "coordinates": null, "place": null, "contributors": null, "retweeted_status": {"created_at": "Tue Feb 18 06:56:26 +0000 2020", "id": 1229660928561614848, "id_str": "1229660928561614848", "text": "#COVID19: \"Der wichtigste Ort, auf den wir jetzt schauen sollten, ist #Singapur.\" sagt Jeremy Farrar in der SZ. Dor\u2026 https://t.co/jCEgnaNmzX", "truncated": true, "entities": {"hashtags": [{"text": "COVID19", "indices": [0, 8]}, {"text": "Singapur", "indices": [70, 79]}], "symbols": [], "user_mentions": [], "urls": [{"url": "https://t.co/jCEgnaNmzX", "expanded_url": "https://twitter.com/i/web/status/1229660928561614848", "display_url": "twitter.com/i/web/status/1\u2026", "indices": [117, 140]}]}, "metadata": {"iso_language_code": "de", "result_type": "recent"}, "source": "<a href=\"https://mobile.twitter.com\" rel=\"nofollow\">Twitter Web App</a>", "in_reply_to_status_id": null, "in_reply_to_status_id_str": null, "in_reply_to_user_id": null, "in_reply_to_user_id_str": null, "in_reply_to_screen_name": null, "user": {"id": 357072283, "id_str": "357072283", "name": "Martin Richter", "screen_name": "mride80336", "location": "M\u00fcnchen, Bayern", "description": "Interessiert an Forschung | Medien | Deutschland, Europa, Welt | Politik, Sozial- und Umweltfragen | Selbst: Informatiker und Projektplaner", "url": null, "entities": {"description": {"urls": []}}, "protected": false, "followers_count": 63, "friends_count": 60, "listed_count": 0, "created_at": "Wed Aug 17 20:11:43 +0000 2011", "favourites_count": 55, "utc_offset": null, "time_zone": null, "geo_enabled": true, "verified": false, "statuses_count": 257, "lang": null, "contributors_enabled": false, "is_translator": false, "is_translation_enabled": false, "profile_background_color": "C0DEED", "profile_background_image_url": "http://abs.twimg.com/images/themes/theme1/bg.png", "profile_background_image_url_https": "https://abs.twimg.com/images/themes/theme1/bg.png", "profile_background_tile": false, "profile_image_url": "http://pbs.twimg.com/profile_images/1223850047168819200/JPLX4UnS_normal.jpg", "profile_image_url_https": "https://pbs.twimg.com/profile_images/1223850047168819200/JPLX4UnS_normal.jpg", "profile_banner_url": "https://pbs.twimg.com/profile_banners/357072283/1582111833", "profile_link_color": "1DA1F2", "profile_sidebar_border_color": "C0DEED", "profile_sidebar_fill_color": "DDEEF6", "profile_text_color": "333333", "profile_use_background_image": true, "has_extended_profile": true, "default_profile": true, "default_profile_image": false, "following": false, "follow_request_sent": false, "notifications": false, "translator_type": "none"}, "geo": null, "coordinates": null, "place": null, "contributors": null, "is_quote_status": false, "retweet_count": 1, "favorite_count": 2, "favorited": false, "retweeted": false, "possibly_sensitive": false, "lang": "de"}, "is_quote_status": false, "retweet_count": 1, "favorite_count": 0, "favorited": false, "retweeted": false, "lang": "de"}