{"created_at": "Tue Feb 18 07:31:13 +0000 2020", "id": 1229669685077118976, "id_str": "1229669685077118976", "text": "No need for new models for #coronavirus, says top German #actuary https://t.co/uRMdsHFFCs", "truncated": false, "entities": {"hashtags": [{"text": "coronavirus", "indices": [27, 39]}, {"text": "actuary", "indices": [57, 65]}], "symbols": [], "user_mentions": [], "urls": [{"url": "https://t.co/uRMdsHFFCs", "expanded_url": "https://twitter.com/Aktuar_DAV/status/1229666950541914112", "display_url": "twitter.com/Aktuar_DAV/sta\u2026", "indices": [66, 89]}]}, "metadata": {"iso_language_code": "en", "result_type": "recent"}, "source": "<a href=\"https://mobile.twitter.com\" rel=\"nofollow\">Twitter Web App</a>", "in_reply_to_status_id": null, "in_reply_to_status_id_str": null, "in_reply_to_user_id": null, "in_reply_to_user_id_str": null, "in_reply_to_screen_name": null, "user": {"id": 808664718546182144, "id_str": "808664718546182144", "name": "J\u00fcrgen Fodor", "screen_name": "Juergen_Fodor", "location": "Reutlingen, Baden-W\u00fcrttemberg", "description": "#Actuary\ud83d\udc68\u200d\ud83d\udcbb #Cycling\ud83d\udeb4 #Running\ud83c\udfc3 #WillisTowersWatson #IAS19 #GAAP #Discountrate #Inflation (#HGB #bAV #Zins). Tweets are not endorsements and opinions are my own", "url": "https://t.co/dI3yX9gLsk", "entities": {"url": {"urls": [{"url": "https://t.co/dI3yX9gLsk", "expanded_url": "https://www.towerswatson.com/de-DE", "display_url": "towerswatson.com/de-DE", "indices": [0, 23]}]}, "description": {"urls": []}}, "protected": false, "followers_count": 529, "friends_count": 469, "listed_count": 10, "created_at": "Tue Dec 13 13:27:47 +0000 2016", "favourites_count": 1575, "utc_offset": null, "time_zone": null, "geo_enabled": false, "verified": false, "statuses_count": 3076, "lang": null, "contributors_enabled": false, "is_translator": false, "is_translation_enabled": false, "profile_background_color": "000000", "profile_background_image_url": "http://abs.twimg.com/images/themes/theme1/bg.png", "profile_background_image_url_https": "https://abs.twimg.com/images/themes/theme1/bg.png", "profile_background_tile": false, "profile_image_url": "http://pbs.twimg.com/profile_images/1189808058203021312/O8pTHU-7_normal.jpg", "profile_image_url_https": "https://pbs.twimg.com/profile_images/1189808058203021312/O8pTHU-7_normal.jpg", "profile_banner_url": "https://pbs.twimg.com/profile_banners/808664718546182144/1581329794", "profile_link_color": "702082", "profile_sidebar_border_color": "000000", "profile_sidebar_fill_color": "000000", "profile_text_color": "000000", "profile_use_background_image": false, "has_extended_profile": false, "default_profile": false, "default_profile_image": false, "following": false, "follow_request_sent": false, "notifications": false, "translator_type": "none"}, "geo": null, "coordinates": null, "place": null, "contributors": null, "is_quote_status": true, "quoted_status_id": 1229666950541914112, "quoted_status_id_str": "1229666950541914112", "quoted_status": {"created_at": "Tue Feb 18 07:20:21 +0000 2020", "id": 1229666950541914112, "id_str": "1229666950541914112", "text": "Welche Auswirkungen hat #Corona auf die Risikomodelle der Versicherungen? Bisher quasi keine, betont DAV-Vorstandsm\u2026 https://t.co/mqWK6bBct3", "truncated": true, "entities": {"hashtags": [{"text": "Corona", "indices": [24, 31]}], "symbols": [], "user_mentions": [], "urls": [{"url": "https://t.co/mqWK6bBct3", "expanded_url": "https://twitter.com/i/web/status/1229666950541914112", "display_url": "twitter.com/i/web/status/1\u2026", "indices": [117, 140]}]}, "metadata": {"iso_language_code": "en", "result_type": "recent"}, "source": "<a href=\"https://mobile.twitter.com\" rel=\"nofollow\">Twitter Web App</a>", "in_reply_to_status_id": null, "in_reply_to_status_id_str": null, "in_reply_to_user_id": null, "in_reply_to_user_id_str": null, "in_reply_to_screen_name": null, "user": {"id": 2653867538, "id_str": "2653867538", "name": "Dt Aktuarvereinigung", "screen_name": "Aktuar_DAV", "location": "K\u00f6ln", "description": "Die Deutsche Aktuarvereinigung e.V. (DAV) ist die berufsst\u00e4ndische Vertretung der Versicherungs- und Finanzmathematiker mit derzeit \u00fcber 5.300 Mitgliedern.", "url": "http://t.co/SxJLDz4MbP", "entities": {"url": {"urls": [{"url": "http://t.co/SxJLDz4MbP", "expanded_url": "http://www.aktuar.de", "display_url": "aktuar.de", "indices": [0, 22]}]}, "description": {"urls": []}}, "protected": false, "followers_count": 482, "friends_count": 164, "listed_count": 15, "created_at": "Thu Jul 17 14:07:27 +0000 2014", "favourites_count": 122, "utc_offset": null, "time_zone": null, "geo_enabled": false, "verified": false, "statuses_count": 647, "lang": null, "contributors_enabled": false, "is_translator": false, "is_translation_enabled": false, "profile_background_color": "C0DEED", "profile_background_image_url": "http://abs.twimg.com/images/themes/theme1/bg.png", "profile_background_image_url_https": "https://abs.twimg.com/images/themes/theme1/bg.png", "profile_background_tile": false, "profile_image_url": "http://pbs.twimg.com/profile_images/1096023782702104576/4UfwJ3e5_normal.png", "profile_image_url_https": "https://pbs.twimg.com/profile_images/1096023782702104576/4UfwJ3e5_normal.png", "profile_banner_url": "https://pbs.twimg.com/profile_banners/2653867538/1405606664", "profile_link_color": "070126", "profile_sidebar_border_color": "C0DEED", "profile_sidebar_fill_color": "DDEEF6", "profile_text_color": "333333", "profile_use_background_image": true, "has_extended_profile": false, "default_profile": false, "default_profile_image": false, "following": false, "follow_request_sent": false, "notifications": false, "translator_type": "none"}, "geo": null, "coordinates": null, "place": null, "contributors": null, "is_quote_status": false, "retweet_count": 0, "favorite_count": 0, "favorited": false, "retweeted": false, "possibly_sensitive": false, "lang": "de"}, "retweet_count": 0, "favorite_count": 0, "favorited": false, "retweeted": false, "possibly_sensitive": false, "lang": "en"}