{"created_at": "Wed Feb 19 13:47:05 +0000 2020", "id": 1230126663419211777, "id_str": "1230126663419211777", "text": "#ECR2020 #coronavirus https://t.co/uqtn5S0h4T", "truncated": false, "entities": {"hashtags": [{"text": "ECR2020", "indices": [0, 8]}, {"text": "coronavirus", "indices": [9, 21]}], "symbols": [], "user_mentions": [], "urls": [{"url": "https://t.co/uqtn5S0h4T", "expanded_url": "https://twitter.com/EuEsr/status/1230091445798830080", "display_url": "twitter.com/EuEsr/status/1\u2026", "indices": [22, 45]}]}, "metadata": {"iso_language_code": "und", "result_type": "recent"}, "source": "<a href=\"https://mobile.twitter.com\" rel=\"nofollow\">Twitter Web App</a>", "in_reply_to_status_id": null, "in_reply_to_status_id_str": null, "in_reply_to_user_id": null, "in_reply_to_user_id_str": null, "in_reply_to_screen_name": null, "user": {"id": 1035588419597099008, "id_str": "1035588419597099008", "name": "Smart Reporting", "screen_name": "smart_reporting", "location": "Munich, Germany", "description": "The future of medical reporting and gateway to AI in imaging. \n\n#structuredreporting templates for #radiology & #pathology. #medicaldata", "url": "https://t.co/f0hgw9G7wq", "entities": {"url": {"urls": [{"url": "https://t.co/f0hgw9G7wq", "expanded_url": "https://www.smart-reporting.com/", "display_url": "smart-reporting.com", "indices": [0, 23]}]}, "description": {"urls": []}}, "protected": false, "followers_count": 239, "friends_count": 490, "listed_count": 3, "created_at": "Fri Aug 31 18:01:34 +0000 2018", "favourites_count": 603, "utc_offset": null, "time_zone": null, "geo_enabled": true, "verified": false, "statuses_count": 388, "lang": null, "contributors_enabled": false, "is_translator": false, "is_translation_enabled": false, "profile_background_color": "F5F8FA", "profile_background_image_url": null, "profile_background_image_url_https": null, "profile_background_tile": false, "profile_image_url": "http://pbs.twimg.com/profile_images/1163885341050363906/li5iFnaB_normal.jpg", "profile_image_url_https": "https://pbs.twimg.com/profile_images/1163885341050363906/li5iFnaB_normal.jpg", "profile_banner_url": "https://pbs.twimg.com/profile_banners/1035588419597099008/1566326879", "profile_link_color": "1DA1F2", "profile_sidebar_border_color": "C0DEED", "profile_sidebar_fill_color": "DDEEF6", "profile_text_color": "333333", "profile_use_background_image": true, "has_extended_profile": false, "default_profile": true, "default_profile_image": false, "following": false, "follow_request_sent": false, "notifications": false, "translator_type": "none"}, "geo": null, "coordinates": null, "place": null, "contributors": null, "is_quote_status": true, "quoted_status_id": 1230091445798830080, "quoted_status_id_str": "1230091445798830080", "quoted_status": {"created_at": "Wed Feb 19 11:27:09 +0000 2020", "id": 1230091445798830080, "id_str": "1230091445798830080", "text": "It\u2019s all about the #COVID19 at the moment &amp; @myESR believes in access for everyone to insight from health experts w\u2026 https://t.co/Nj0NQsoTc5", "truncated": true, "entities": {"hashtags": [{"text": "COVID19", "indices": [19, 27]}], "symbols": [], "user_mentions": [{"screen_name": "myESR", "name": "myESR", "id": 79133815, "id_str": "79133815", "indices": [48, 54]}], "urls": [{"url": "https://t.co/Nj0NQsoTc5", "expanded_url": "https://twitter.com/i/web/status/1230091445798830080", "display_url": "twitter.com/i/web/status/1\u2026", "indices": [121, 144]}]}, "metadata": {"iso_language_code": "und", "result_type": "recent"}, "source": "<a href=\"http://twitter.com/download/iphone\" rel=\"nofollow\">Twitter for iPhone</a>", "in_reply_to_status_id": null, "in_reply_to_status_id_str": null, "in_reply_to_user_id": null, "in_reply_to_user_id_str": null, "in_reply_to_screen_name": null, "user": {"id": 1169573370863792129, "id_str": "1169573370863792129", "name": "ESR EU & International Affairs", "screen_name": "EuEsr", "location": "Brussels", "description": "The European Society of Radiology is the voice of the radiology profession in Europe.\n\nPutting #healthcare and #medicalimaging forward in the E.U \ud83c\uddea\ud83c\uddfa", "url": "https://t.co/uKVkcUH8b8", "entities": {"url": {"urls": [{"url": "https://t.co/uKVkcUH8b8", "expanded_url": "https://www.myesr.org/", "display_url": "myesr.org", "indices": [0, 23]}]}, "description": {"urls": []}}, "protected": false, "followers_count": 227, "friends_count": 290, "listed_count": 0, "created_at": "Thu Sep 05 11:30:26 +0000 2019", "favourites_count": 107, "utc_offset": null, "time_zone": null, "geo_enabled": true, "verified": false, "statuses_count": 342, "lang": null, "contributors_enabled": false, "is_translator": false, "is_translation_enabled": false, "profile_background_color": "F5F8FA", "profile_background_image_url": null, "profile_background_image_url_https": null, "profile_background_tile": false, "profile_image_url": "http://pbs.twimg.com/profile_images/1169573595418365953/3kfdGTpX_normal.png", "profile_image_url_https": "https://pbs.twimg.com/profile_images/1169573595418365953/3kfdGTpX_normal.png", "profile_banner_url": "https://pbs.twimg.com/profile_banners/1169573370863792129/1567683540", "profile_link_color": "1DA1F2", "profile_sidebar_border_color": "C0DEED", "profile_sidebar_fill_color": "DDEEF6", "profile_text_color": "333333", "profile_use_background_image": true, "has_extended_profile": false, "default_profile": true, "default_profile_image": false, "following": false, "follow_request_sent": false, "notifications": false, "translator_type": "none"}, "geo": null, "coordinates": null, "place": {"id": "0653bb913c88c1ea", "url": "https://api.twitter.com/1.1/geo/id/0653bb913c88c1ea.json", "place_type": "city", "name": "Brussels", "full_name": "Brussels, Belgium", "country_code": "BE", "country": "Belgium", "contained_within": [], "bounding_box": {"type": "Polygon", "coordinates": [[[4.3139889, 50.7963282], [4.4369472, 50.7963282], [4.4369472, 50.9137064], [4.3139889, 50.9137064]]]}, "attributes": {}}, "contributors": null, "is_quote_status": false, "retweet_count": 8, "favorite_count": 8, "favorited": false, "retweeted": false, "possibly_sensitive": false, "lang": "en"}, "retweet_count": 0, "favorite_count": 0, "favorited": false, "retweeted": false, "possibly_sensitive": false, "lang": "und"}