{"created_at": "Thu Feb 20 19:11:40 +0000 2020", "id": 1230570732373135361, "id_str": "1230570732373135361", "text": "RT @PrettyAwesomeDa: Do not click this video if you are not ready for the truth! #coronavirus #CoronaVirusUpdate https://t.co/VA9A6g4dQe ht\u2026", "truncated": false, "entities": {"hashtags": [{"text": "coronavirus", "indices": [81, 93]}, {"text": "CoronaVirusUpdate", "indices": [94, 112]}], "symbols": [], "user_mentions": [{"screen_name": "PrettyAwesomeDa", "name": "Pretty Awesome Data", "id": 3367084329, "id_str": "3367084329", "indices": [3, 19]}], "urls": [{"url": "https://t.co/VA9A6g4dQe", "expanded_url": "https://youtu.be/wrJIv_c4PvM", "display_url": "youtu.be/wrJIv_c4PvM", "indices": [113, 136]}]}, "metadata": {"iso_language_code": "en", "result_type": "recent"}, "source": "<a href=\"http://twitter.com/download/iphone\" rel=\"nofollow\">Twitter for iPhone</a>", "in_reply_to_status_id": null, "in_reply_to_status_id_str": null, "in_reply_to_user_id": null, "in_reply_to_user_id_str": null, "in_reply_to_screen_name": null, "user": {"id": 1216408198552281088, "id_str": "1216408198552281088", "name": "WorldMania", "screen_name": "Findings2020", "location": "", "description": "Coronavirus has potential to spread & kill more humans then what Spanish Flu killed in during 1918-20. Oh God help us.", "url": null, "entities": {"description": {"urls": []}}, "protected": false, "followers_count": 110, "friends_count": 206, "listed_count": 1, "created_at": "Sun Jan 12 17:15:58 +0000 2020", "favourites_count": 7046, "utc_offset": null, "time_zone": null, "geo_enabled": false, "verified": false, "statuses_count": 8611, "lang": null, "contributors_enabled": false, "is_translator": false, "is_translation_enabled": false, "profile_background_color": "F5F8FA", "profile_background_image_url": null, "profile_background_image_url_https": null, "profile_background_tile": false, "profile_image_url": "http://pbs.twimg.com/profile_images/1233015280772665345/dAQLyad3_normal.jpg", "profile_image_url_https": "https://pbs.twimg.com/profile_images/1233015280772665345/dAQLyad3_normal.jpg", "profile_banner_url": "https://pbs.twimg.com/profile_banners/1216408198552281088/1582808549", "profile_link_color": "1DA1F2", "profile_sidebar_border_color": "C0DEED", "profile_sidebar_fill_color": "DDEEF6", "profile_text_color": "333333", "profile_use_background_image": true, "has_extended_profile": false, "default_profile": true, "default_profile_image": false, "following": false, "follow_request_sent": false, "notifications": false, "translator_type": "none"}, "geo": null, "coordinates": null, "place": null, "contributors": null, "retweeted_status": {"created_at": "Thu Feb 20 18:34:11 +0000 2020", "id": 1230561299941093378, "id_str": "1230561299941093378", "text": "Do not click this video if you are not ready for the truth! #coronavirus #CoronaVirusUpdate https://t.co/VA9A6g4dQe https://t.co/i6hCdv9PDb", "truncated": false, "entities": {"hashtags": [{"text": "coronavirus", "indices": [60, 72]}, {"text": "CoronaVirusUpdate", "indices": [73, 91]}], "symbols": [], "user_mentions": [], "urls": [{"url": "https://t.co/VA9A6g4dQe", "expanded_url": "https://youtu.be/wrJIv_c4PvM", "display_url": "youtu.be/wrJIv_c4PvM", "indices": [92, 115]}], "media": [{"id": 1230556116850839557, "id_str": "1230556116850839557", "indices": [116, 139], "media_url": "http://pbs.twimg.com/ext_tw_video_thumb/1230556116850839557/pu/img/TcOFriX0Q2NJsBqr.jpg", "media_url_https": "https://pbs.twimg.com/ext_tw_video_thumb/1230556116850839557/pu/img/TcOFriX0Q2NJsBqr.jpg", "url": "https://t.co/i6hCdv9PDb", "display_url": "pic.twitter.com/i6hCdv9PDb", "expanded_url": "https://twitter.com/PrettyAwesomeDa/status/1230561299941093378/video/1", "type": "photo", "sizes": {"thumb": {"w": 150, "h": 150, "resize": "crop"}, "medium": {"w": 1200, "h": 675, "resize": "fit"}, "small": {"w": 680, "h": 383, "resize": "fit"}, "large": {"w": 1280, "h": 720, "resize": "fit"}}}]}, "extended_entities": {"media": [{"id": 1230556116850839557, "id_str": "1230556116850839557", "indices": [116, 139], "media_url": "http://pbs.twimg.com/ext_tw_video_thumb/1230556116850839557/pu/img/TcOFriX0Q2NJsBqr.jpg", "media_url_https": "https://pbs.twimg.com/ext_tw_video_thumb/1230556116850839557/pu/img/TcOFriX0Q2NJsBqr.jpg", "url": "https://t.co/i6hCdv9PDb", "display_url": "pic.twitter.com/i6hCdv9PDb", "expanded_url": "https://twitter.com/PrettyAwesomeDa/status/1230561299941093378/video/1", "type": "video", "sizes": {"thumb": {"w": 150, "h": 150, "resize": "crop"}, "medium": {"w": 1200, "h": 675, "resize": "fit"}, "small": {"w": 680, "h": 383, "resize": "fit"}, "large": {"w": 1280, "h": 720, "resize": "fit"}}, "video_info": {"aspect_ratio": [16, 9], "duration_millis": 118834, "variants": [{"bitrate": 256000, "content_type": "video/mp4", "url": "https://video.twimg.com/ext_tw_video/1230556116850839557/pu/vid/480x270/Iq8bHtAjYyfM1a3g.mp4?tag=10"}, {"bitrate": 832000, "content_type": "video/mp4", "url": "https://video.twimg.com/ext_tw_video/1230556116850839557/pu/vid/640x360/VvgciCwEGftDl4XD.mp4?tag=10"}, {"content_type": "application/x-mpegURL", "url": "https://video.twimg.com/ext_tw_video/1230556116850839557/pu/pl/D933ykiZOB6a2gte.m3u8?tag=10"}, {"bitrate": 2176000, "content_type": "video/mp4", "url": "https://video.twimg.com/ext_tw_video/1230556116850839557/pu/vid/1280x720/iwJQlaHNvd9s3g35.mp4?tag=10"}]}, "additional_media_info": {"monetizable": false}}]}, "metadata": {"iso_language_code": "en", "result_type": "recent"}, "source": "<a href=\"https://mobile.twitter.com\" rel=\"nofollow\">Twitter Web App</a>", "in_reply_to_status_id": null, "in_reply_to_status_id_str": null, "in_reply_to_user_id": null, "in_reply_to_user_id_str": null, "in_reply_to_screen_name": null, "user": {"id": 3367084329, "id_str": "3367084329", "name": "Pretty Awesome Data", "screen_name": "PrettyAwesomeDa", "location": "N\u00fcrnberg", "description": "I am a Financial Controller and I love Data. So I will provide every day a new Video to trends and actual topics. Let's meet at my Youtube Channel.", "url": "https://t.co/F7tetAHHoe", "entities": {"url": {"urls": [{"url": "https://t.co/F7tetAHHoe", "expanded_url": "https://www.youtube.com/channel/UCpR8o0qEyZ-gMIB5AH5Xsnw", "display_url": "youtube.com/channel/UCpR8o\u2026", "indices": [0, 23]}]}, "description": {"urls": []}}, "protected": false, "followers_count": 65, "friends_count": 8, "listed_count": 1, "created_at": "Thu Jul 09 05:19:24 +0000 2015", "favourites_count": 88, "utc_offset": null, "time_zone": null, "geo_enabled": false, "verified": false, "statuses_count": 70, "lang": null, "contributors_enabled": false, "is_translator": false, "is_translation_enabled": false, "profile_background_color": "C0DEED", "profile_background_image_url": "http://abs.twimg.com/images/themes/theme1/bg.png", "profile_background_image_url_https": "https://abs.twimg.com/images/themes/theme1/bg.png", "profile_background_tile": false, "profile_image_url": "http://pbs.twimg.com/profile_images/1227579887680139265/mr_HPTuk_normal.jpg", "profile_image_url_https": "https://pbs.twimg.com/profile_images/1227579887680139265/mr_HPTuk_normal.jpg", "profile_banner_url": "https://pbs.twimg.com/profile_banners/3367084329/1581512828", "profile_link_color": "1DA1F2", "profile_sidebar_border_color": "C0DEED", "profile_sidebar_fill_color": "DDEEF6", "profile_text_color": "333333", "profile_use_background_image": true, "has_extended_profile": true, "default_profile": true, "default_profile_image": false, "following": false, "follow_request_sent": false, "notifications": false, "translator_type": "none"}, "geo": null, "coordinates": null, "place": null, "contributors": null, "is_quote_status": false, "retweet_count": 4, "favorite_count": 4, "favorited": false, "retweeted": false, "possibly_sensitive": false, "lang": "en"}, "is_quote_status": false, "retweet_count": 4, "favorite_count": 0, "favorited": false, "retweeted": false, "possibly_sensitive": false, "lang": "en"}