{"created_at": "Wed Feb 19 10:12:22 +0000 2020", "id": 1230072625747124230, "id_str": "1230072625747124230", "text": "Das betriebliche #Krisenmanagement hatte bislang vor allem einen Angstgegner: die #Cyberattacke. Mit dem\u2026 https://t.co/ja7IvXKtBM", "truncated": true, "entities": {"hashtags": [{"text": "Krisenmanagement", "indices": [17, 34]}, {"text": "Cyberattacke", "indices": [82, 95]}], "symbols": [], "user_mentions": [], "urls": [{"url": "https://t.co/ja7IvXKtBM", "expanded_url": "https://twitter.com/i/web/status/1230072625747124230", "display_url": "twitter.com/i/web/status/1\u2026", "indices": [106, 129]}]}, "metadata": {"iso_language_code": "de", "result_type": "recent"}, "source": "<a href=\"http://twitter.com\" rel=\"nofollow\">Twitter Web Client</a>", "in_reply_to_status_id": null, "in_reply_to_status_id_str": null, "in_reply_to_user_id": null, "in_reply_to_user_id_str": null, "in_reply_to_screen_name": null, "user": {"id": 466331877, "id_str": "466331877", "name": "Industrieanzeiger", "screen_name": "Redaktion_IA", "location": "Leinfelden-Echterdingen", "description": "Die Fachzeitschrift Industrieanzeiger h\u00e4lt Sie up to date\ud83d\udc4d Wir twittern \u00fcber #Industrie, #Technik, #Wirtschaft & #Wissenschaft. https://t.co/RqY7KHhN4H", "url": "http://t.co/vbSF3bbyNs", "entities": {"url": {"urls": [{"url": "http://t.co/vbSF3bbyNs", "expanded_url": "http://www.industrieanzeiger.de", "display_url": "industrieanzeiger.de", "indices": [0, 22]}]}, "description": {"urls": [{"url": "https://t.co/RqY7KHhN4H", "expanded_url": "https://bit.ly/2SGeb0B", "display_url": "bit.ly/2SGeb0B", "indices": [128, 151]}]}}, "protected": false, "followers_count": 2503, "friends_count": 466, "listed_count": 96, "created_at": "Tue Jan 17 08:58:29 +0000 2012", "favourites_count": 562, "utc_offset": null, "time_zone": null, "geo_enabled": true, "verified": false, "statuses_count": 1184, "lang": null, "contributors_enabled": false, "is_translator": false, "is_translation_enabled": false, "profile_background_color": "FFFFFF", "profile_background_image_url": "http://abs.twimg.com/images/themes/theme14/bg.gif", "profile_background_image_url_https": "https://abs.twimg.com/images/themes/theme14/bg.gif", "profile_background_tile": false, "profile_image_url": "http://pbs.twimg.com/profile_images/459289525269700608/yVuK3vzy_normal.png", "profile_image_url_https": "https://pbs.twimg.com/profile_images/459289525269700608/yVuK3vzy_normal.png", "profile_banner_url": "https://pbs.twimg.com/profile_banners/466331877/1515662824", "profile_link_color": "0073E1", "profile_sidebar_border_color": "FFFFFF", "profile_sidebar_fill_color": "EFEFEF", "profile_text_color": "333333", "profile_use_background_image": false, "has_extended_profile": false, "default_profile": false, "default_profile_image": false, "following": false, "follow_request_sent": false, "notifications": false, "translator_type": "none"}, "geo": null, "coordinates": null, "place": null, "contributors": null, "is_quote_status": false, "retweet_count": 0, "favorite_count": 0, "favorited": false, "retweeted": false, "possibly_sensitive": false, "lang": "de"}