{"created_at": "Tue Feb 18 07:20:03 +0000 2020", "id": 1229666874499035136, "id_str": "1229666874499035136", "text": "RT @SZ: Wie man das #Coronavirus eind\u00e4mmen kann - der Infektionsmediziner Jeremy Farrar im Interview: https://t.co/rs9YML18P5", "truncated": false, "entities": {"hashtags": [{"text": "Coronavirus", "indices": [20, 32]}], "symbols": [], "user_mentions": [{"screen_name": "SZ", "name": "S\u00fcddeutsche Zeitung", "id": 114508061, "id_str": "114508061", "indices": [3, 6]}], "urls": [{"url": "https://t.co/rs9YML18P5", "expanded_url": "https://sz.de/1.4801690", "display_url": "sz.de/1.4801690", "indices": [102, 125]}]}, "metadata": {"iso_language_code": "de", "result_type": "recent"}, "source": "<a href=\"http://twitter.com/download/iphone\" rel=\"nofollow\">Twitter for iPhone</a>", "in_reply_to_status_id": null, "in_reply_to_status_id_str": null, "in_reply_to_user_id": null, "in_reply_to_user_id_str": null, "in_reply_to_screen_name": null, "user": {"id": 477376032, "id_str": "477376032", "name": "orange", "screen_name": "wienerrosen", "location": "", "description": "\u8da3\u5473\u306f\u5199\u771f\u3002\u30c9\u30a4\u30c4\u8a9e\u3092\u4f7f\u3046\u306e\u3082\u8da3\u5473...\u3068\u4ed5\u4e8b\u3002\u7b2c2\u306e\u6545\u90f7\u3068\u601d\u3063\u3066\u3044\u308b\u306e\u306f\u30d9\u30eb\u30ea\u30f3\u3002\u300c\u58c1\u306e\u5916\u300d\u300c\u58c1\u306e\u5185\u5074\u300d\u300c\u58c1\u306e\u9593\u300d\u306b\u4f4f\u3093\u3060\u7d4c\u9a13\u3042\u308a\u3002\u30c9\u30a4\u30c4\u8a9e\u570f\u3068\u65e5\u672c\u306e\u67b6\u3051\u6a4b\u306b\u306a\u308a\u305f\u3044\u3068\u601d\u3063\u3066\u3044\u307e\u3059\u3002", "url": "https://t.co/9ho5enplwa", "entities": {"url": {"urls": [{"url": "https://t.co/9ho5enplwa", "expanded_url": "http://orangerosen.blog.so-net.ne.jp/", "display_url": "orangerosen.blog.so-net.ne.jp", "indices": [0, 23]}]}, "description": {"urls": []}}, "protected": false, "followers_count": 109, "friends_count": 144, "listed_count": 2, "created_at": "Sun Jan 29 04:02:49 +0000 2012", "favourites_count": 18445, "utc_offset": null, "time_zone": null, "geo_enabled": false, "verified": false, "statuses_count": 10118, "lang": null, "contributors_enabled": false, "is_translator": false, "is_translation_enabled": false, "profile_background_color": "B2DFDA", "profile_background_image_url": "http://abs.twimg.com/images/themes/theme13/bg.gif", "profile_background_image_url_https": "https://abs.twimg.com/images/themes/theme13/bg.gif", "profile_background_tile": false, "profile_image_url": "http://pbs.twimg.com/profile_images/1788785106/Wienerrosen_normal.jpg", "profile_image_url_https": "https://pbs.twimg.com/profile_images/1788785106/Wienerrosen_normal.jpg", "profile_banner_url": "https://pbs.twimg.com/profile_banners/477376032/1573987835", "profile_link_color": "93A644", "profile_sidebar_border_color": "EEEEEE", "profile_sidebar_fill_color": "FFFFFF", "profile_text_color": "333333", "profile_use_background_image": true, "has_extended_profile": false, "default_profile": false, "default_profile_image": false, "following": false, "follow_request_sent": false, "notifications": false, "translator_type": "none"}, "geo": null, "coordinates": null, "place": null, "contributors": null, "retweeted_status": {"created_at": "Tue Feb 18 06:39:36 +0000 2020", "id": 1229656693686054914, "id_str": "1229656693686054914", "text": "Wie man das #Coronavirus eind\u00e4mmen kann - der Infektionsmediziner Jeremy Farrar im Interview: https://t.co/rs9YML18P5", "truncated": false, "entities": {"hashtags": [{"text": "Coronavirus", "indices": [12, 24]}], "symbols": [], "user_mentions": [], "urls": [{"url": "https://t.co/rs9YML18P5", "expanded_url": "https://sz.de/1.4801690", "display_url": "sz.de/1.4801690", "indices": [94, 117]}]}, "metadata": {"iso_language_code": "de", "result_type": "recent"}, "source": "<a href=\"http://www.sueddeutsche.de/\" rel=\"nofollow\">SZ.de Twitterbot - Main</a>", "in_reply_to_status_id": null, "in_reply_to_status_id_str": null, "in_reply_to_user_id": null, "in_reply_to_user_id_str": null, "in_reply_to_screen_name": null, "user": {"id": 114508061, "id_str": "114508061", "name": "S\u00fcddeutsche Zeitung", "screen_name": "SZ", "location": "M\u00fcnchen, Deutschland", "description": "Der offizielle Twitter-Account der S\u00fcddeutschen Zeitung. Alle Redakteure und Kan\u00e4le: http://t.co/AjR51c6fBJ \u00b7 Impressum: http://t.co/73f0c1DSzV", "url": "https://t.co/pwVdcHEVKW", "entities": {"url": {"urls": [{"url": "https://t.co/pwVdcHEVKW", "expanded_url": "http://www.sz.de", "display_url": "sz.de", "indices": [0, 23]}]}, "description": {"urls": [{"url": "http://t.co/AjR51c6fBJ", "expanded_url": "http://sz.de/twitterdetails", "display_url": "sz.de/twitterdetails", "indices": [85, 107]}, {"url": "http://t.co/73f0c1DSzV", "expanded_url": "http://sz.de/impressum", "display_url": "sz.de/impressum", "indices": [121, 143]}]}}, "protected": false, "followers_count": 1573745, "friends_count": 411, "listed_count": 7010, "created_at": "Mon Feb 15 17:10:14 +0000 2010", "favourites_count": 962, "utc_offset": null, "time_zone": null, "geo_enabled": false, "verified": true, "statuses_count": 153217, "lang": null, "contributors_enabled": false, "is_translator": false, "is_translation_enabled": false, "profile_background_color": "F2F2F2", "profile_background_image_url": "http://abs.twimg.com/images/themes/theme1/bg.png", "profile_background_image_url_https": "https://abs.twimg.com/images/themes/theme1/bg.png", "profile_background_tile": false, "profile_image_url": "http://pbs.twimg.com/profile_images/996782033132191750/vVZs_SD8_normal.jpg", "profile_image_url_https": "https://pbs.twimg.com/profile_images/996782033132191750/vVZs_SD8_normal.jpg", "profile_banner_url": "https://pbs.twimg.com/profile_banners/114508061/1573839948", "profile_link_color": "333333", "profile_sidebar_border_color": "000000", "profile_sidebar_fill_color": "DDEEF6", "profile_text_color": "333333", "profile_use_background_image": false, "has_extended_profile": false, "default_profile": false, "default_profile_image": false, "following": false, "follow_request_sent": false, "notifications": false, "translator_type": "none"}, "geo": null, "coordinates": null, "place": null, "contributors": null, "is_quote_status": false, "retweet_count": 7, "favorite_count": 12, "favorited": false, "retweeted": false, "possibly_sensitive": false, "lang": "de"}, "is_quote_status": false, "retweet_count": 7, "favorite_count": 0, "favorited": false, "retweeted": false, "possibly_sensitive": false, "lang": "de"}