{"created_at": "Tue Feb 18 09:00:15 +0000 2020", "id": 1229692088901652480, "id_str": "1229692088901652480", "text": "RT @mride80336: #WHO: &gt; 80 % milde Formen von #Covid19, 14 % schwere Krankheitsverl\u00e4ufe (Atemnot, Kurzatmigkeit). 5 % Atemstillstand, septi\u2026", "truncated": false, "entities": {"hashtags": [{"text": "WHO", "indices": [16, 20]}, {"text": "Covid19", "indices": [49, 57]}], "symbols": [], "user_mentions": [{"screen_name": "mride80336", "name": "Martin Richter", "id": 357072283, "id_str": "357072283", "indices": [3, 14]}], "urls": []}, "metadata": {"iso_language_code": "de", "result_type": "recent"}, "source": "<a href=\"http://twitter.com/download/android\" rel=\"nofollow\">Twitter for Android</a>", "in_reply_to_status_id": null, "in_reply_to_status_id_str": null, "in_reply_to_user_id": null, "in_reply_to_user_id_str": null, "in_reply_to_screen_name": null, "user": {"id": 3423828239, "id_str": "3423828239", "name": "Nicologik", "screen_name": "NicisLetsPlays", "location": "", "description": "Ich bin Gamerin, liebe Filme, Serien und Tiere. Ich interessiere mich sehr f\u00fcr Politik und Weltgeschehen. Posten tu ich alles was mir grad im Kopf rumschwirrt.", "url": "https://t.co/czDb0kCHKH", "entities": {"url": {"urls": [{"url": "https://t.co/czDb0kCHKH", "expanded_url": "https://www.youtube.com/channel/UCT_Go9NUYU_xNNH-gX5peEg", "display_url": "youtube.com/channel/UCT_Go\u2026", "indices": [0, 23]}]}, "description": {"urls": []}}, "protected": false, "followers_count": 49, "friends_count": 41, "listed_count": 1, "created_at": "Sat Aug 15 10:47:34 +0000 2015", "favourites_count": 1988, "utc_offset": null, "time_zone": null, "geo_enabled": false, "verified": false, "statuses_count": 2038, "lang": null, "contributors_enabled": false, "is_translator": false, "is_translation_enabled": false, "profile_background_color": "000000", "profile_background_image_url": "http://abs.twimg.com/images/themes/theme1/bg.png", "profile_background_image_url_https": "https://abs.twimg.com/images/themes/theme1/bg.png", "profile_background_tile": false, "profile_image_url": "http://pbs.twimg.com/profile_images/1232207355875676160/oY__Ivwh_normal.jpg", "profile_image_url_https": "https://pbs.twimg.com/profile_images/1232207355875676160/oY__Ivwh_normal.jpg", "profile_banner_url": "https://pbs.twimg.com/profile_banners/3423828239/1553157620", "profile_link_color": "9266CC", "profile_sidebar_border_color": "000000", "profile_sidebar_fill_color": "000000", "profile_text_color": "000000", "profile_use_background_image": false, "has_extended_profile": true, "default_profile": false, "default_profile_image": false, "following": false, "follow_request_sent": false, "notifications": false, "translator_type": "none"}, "geo": null, "coordinates": null, "place": null, "contributors": null, "retweeted_status": {"created_at": "Tue Feb 18 08:23:32 +0000 2020", "id": 1229682850221449216, "id_str": "1229682850221449216", "text": "#WHO: &gt; 80 % milde Formen von #Covid19, 14 % schwere Krankheitsverl\u00e4ufe (Atemnot, Kurzatmigkeit). 5 % Atemstillstan\u2026 https://t.co/a7xHpTkcLz", "truncated": true, "entities": {"hashtags": [{"text": "WHO", "indices": [0, 4]}, {"text": "Covid19", "indices": [33, 41]}], "symbols": [], "user_mentions": [], "urls": [{"url": "https://t.co/a7xHpTkcLz", "expanded_url": "https://twitter.com/i/web/status/1229682850221449216", "display_url": "twitter.com/i/web/status/1\u2026", "indices": [120, 143]}]}, "metadata": {"iso_language_code": "de", "result_type": "recent"}, "source": "<a href=\"https://mobile.twitter.com\" rel=\"nofollow\">Twitter Web App</a>", "in_reply_to_status_id": null, "in_reply_to_status_id_str": null, "in_reply_to_user_id": null, "in_reply_to_user_id_str": null, "in_reply_to_screen_name": null, "user": {"id": 357072283, "id_str": "357072283", "name": "Martin Richter", "screen_name": "mride80336", "location": "M\u00fcnchen, Bayern", "description": "Interessiert an Forschung | Medien | Deutschland, Europa, Welt | Politik, Sozial- und Umweltfragen | Selbst: Informatiker und Projektplaner", "url": null, "entities": {"description": {"urls": []}}, "protected": false, "followers_count": 63, "friends_count": 60, "listed_count": 0, "created_at": "Wed Aug 17 20:11:43 +0000 2011", "favourites_count": 55, "utc_offset": null, "time_zone": null, "geo_enabled": true, "verified": false, "statuses_count": 257, "lang": null, "contributors_enabled": false, "is_translator": false, "is_translation_enabled": false, "profile_background_color": "C0DEED", "profile_background_image_url": "http://abs.twimg.com/images/themes/theme1/bg.png", "profile_background_image_url_https": "https://abs.twimg.com/images/themes/theme1/bg.png", "profile_background_tile": false, "profile_image_url": "http://pbs.twimg.com/profile_images/1223850047168819200/JPLX4UnS_normal.jpg", "profile_image_url_https": "https://pbs.twimg.com/profile_images/1223850047168819200/JPLX4UnS_normal.jpg", "profile_banner_url": "https://pbs.twimg.com/profile_banners/357072283/1582111833", "profile_link_color": "1DA1F2", "profile_sidebar_border_color": "C0DEED", "profile_sidebar_fill_color": "DDEEF6", "profile_text_color": "333333", "profile_use_background_image": true, "has_extended_profile": true, "default_profile": true, "default_profile_image": false, "following": false, "follow_request_sent": false, "notifications": false, "translator_type": "none"}, "geo": null, "coordinates": null, "place": null, "contributors": null, "is_quote_status": false, "retweet_count": 1, "favorite_count": 1, "favorited": false, "retweeted": false, "possibly_sensitive": false, "lang": "de"}, "is_quote_status": false, "retweet_count": 1, "favorite_count": 0, "favorited": false, "retweeted": false, "lang": "de"}