{"created_at": "Fri Feb 21 19:12:20 +0000 2020", "id": 1230933288241463298, "id_str": "1230933288241463298", "text": "Es gibt Tage, da bin ich wirklich froh, wenn mir Twitter diese Meldung zeigt.\n#Hanauattack #coronavirus https://t.co/6wy4ipSbrX", "truncated": false, "entities": {"hashtags": [{"text": "Hanauattack", "indices": [78, 90]}, {"text": "coronavirus", "indices": [91, 103]}], "symbols": [], "user_mentions": [], "urls": [], "media": [{"id": 1230933283220926465, "id_str": "1230933283220926465", "indices": [104, 127], "media_url": "http://pbs.twimg.com/media/ERUnTKCWsAESJ_Y.jpg", "media_url_https": "https://pbs.twimg.com/media/ERUnTKCWsAESJ_Y.jpg", "url": "https://t.co/6wy4ipSbrX", "display_url": "pic.twitter.com/6wy4ipSbrX", "expanded_url": "https://twitter.com/firsthalde/status/1230933288241463298/photo/1", "type": "photo", "sizes": {"thumb": {"w": 150, "h": 150, "resize": "crop"}, "medium": {"w": 675, "h": 1200, "resize": "fit"}, "small": {"w": 383, "h": 680, "resize": "fit"}, "large": {"w": 720, "h": 1280, "resize": "fit"}}}]}, "extended_entities": {"media": [{"id": 1230933283220926465, "id_str": "1230933283220926465", "indices": [104, 127], "media_url": "http://pbs.twimg.com/media/ERUnTKCWsAESJ_Y.jpg", "media_url_https": "https://pbs.twimg.com/media/ERUnTKCWsAESJ_Y.jpg", "url": "https://t.co/6wy4ipSbrX", "display_url": "pic.twitter.com/6wy4ipSbrX", "expanded_url": "https://twitter.com/firsthalde/status/1230933288241463298/photo/1", "type": "photo", "sizes": {"thumb": {"w": 150, "h": 150, "resize": "crop"}, "medium": {"w": 675, "h": 1200, "resize": "fit"}, "small": {"w": 383, "h": 680, "resize": "fit"}, "large": {"w": 720, "h": 1280, "resize": "fit"}}}]}, "metadata": {"iso_language_code": "de", "result_type": "recent"}, "source": "<a href=\"http://twitter.com/download/android\" rel=\"nofollow\">Twitter for Android</a>", "in_reply_to_status_id": null, "in_reply_to_status_id_str": null, "in_reply_to_user_id": null, "in_reply_to_user_id_str": null, "in_reply_to_screen_name": null, "user": {"id": 1036487557775859712, "id_str": "1036487557775859712", "name": "Firsthalde\ud83c\udfad \ud83e\udd18", "screen_name": "firsthalde", "location": "T\u00fcbingen", "description": "Wie Gott mich 1969 schuf und das Leben formte. Zimmerermeister, Arbeitgeber. Brauche keine Parteien, kann selber denken. Heavy Metal first", "url": null, "entities": {"description": {"urls": []}}, "protected": false, "followers_count": 62, "friends_count": 36, "listed_count": 4, "created_at": "Mon Sep 03 05:34:25 +0000 2018", "favourites_count": 5252, "utc_offset": null, "time_zone": null, "geo_enabled": false, "verified": false, "statuses_count": 4843, "lang": null, "contributors_enabled": false, "is_translator": false, "is_translation_enabled": false, "profile_background_color": "F5F8FA", "profile_background_image_url": null, "profile_background_image_url_https": null, "profile_background_tile": false, "profile_image_url": "http://pbs.twimg.com/profile_images/1118587207701422081/r0eu6mrR_normal.jpg", "profile_image_url_https": "https://pbs.twimg.com/profile_images/1118587207701422081/r0eu6mrR_normal.jpg", "profile_banner_url": "https://pbs.twimg.com/profile_banners/1036487557775859712/1559299389", "profile_link_color": "1DA1F2", "profile_sidebar_border_color": "C0DEED", "profile_sidebar_fill_color": "DDEEF6", "profile_text_color": "333333", "profile_use_background_image": true, "has_extended_profile": false, "default_profile": true, "default_profile_image": false, "following": false, "follow_request_sent": false, "notifications": false, "translator_type": "none"}, "geo": null, "coordinates": null, "place": null, "contributors": null, "is_quote_status": false, "retweet_count": 0, "favorite_count": 6, "favorited": false, "retweeted": false, "possibly_sensitive": false, "lang": "de"}