{"created_at": "Fri Feb 21 18:21:43 +0000 2020", "id": 1230920550102507520, "id_str": "1230920550102507520", "text": "RT @UyghurCongress: The WUC Weekly Brief is now out.  This week's edition covers:\n- #KarakaxList\n- #Coronavirus (#COVID19) Causes Food Shor\u2026", "truncated": false, "entities": {"hashtags": [{"text": "KarakaxList", "indices": [84, 96]}, {"text": "Coronavirus", "indices": [99, 111]}, {"text": "COVID19", "indices": [113, 121]}], "symbols": [], "user_mentions": [{"screen_name": "UyghurCongress", "name": "WorldUyghurCongress", "id": 274669412, "id_str": "274669412", "indices": [3, 18]}], "urls": []}, "metadata": {"iso_language_code": "en", "result_type": "recent"}, "source": "<a href=\"https://mobile.twitter.com\" rel=\"nofollow\">Twitter Web App</a>", "in_reply_to_status_id": null, "in_reply_to_status_id_str": null, "in_reply_to_user_id": null, "in_reply_to_user_id_str": null, "in_reply_to_screen_name": null, "user": {"id": 1198201693550366722, "id_str": "1198201693550366722", "name": "theoriginalalternative", "screen_name": "AOnewith", "location": "Oxford UK", "description": "Dazed and confused... 'Demarchist' by instinct.   Rambling,  physically and philosophically.  Truth will set you free, if you can stand the pain...", "url": null, "entities": {"description": {"urls": []}}, "protected": false, "followers_count": 47, "friends_count": 249, "listed_count": 0, "created_at": "Sat Nov 23 11:29:01 +0000 2019", "favourites_count": 3058, "utc_offset": null, "time_zone": null, "geo_enabled": false, "verified": false, "statuses_count": 2933, "lang": null, "contributors_enabled": false, "is_translator": false, "is_translation_enabled": false, "profile_background_color": "F5F8FA", "profile_background_image_url": null, "profile_background_image_url_https": null, "profile_background_tile": false, "profile_image_url": "http://pbs.twimg.com/profile_images/1232272175773749253/xl0oOxLw_normal.jpg", "profile_image_url_https": "https://pbs.twimg.com/profile_images/1232272175773749253/xl0oOxLw_normal.jpg", "profile_banner_url": "https://pbs.twimg.com/profile_banners/1198201693550366722/1582629640", "profile_link_color": "1DA1F2", "profile_sidebar_border_color": "C0DEED", "profile_sidebar_fill_color": "DDEEF6", "profile_text_color": "333333", "profile_use_background_image": true, "has_extended_profile": false, "default_profile": true, "default_profile_image": false, "following": false, "follow_request_sent": false, "notifications": false, "translator_type": "none"}, "geo": null, "coordinates": null, "place": null, "contributors": null, "retweeted_status": {"created_at": "Fri Feb 21 18:19:33 +0000 2020", "id": 1230920004851437568, "id_str": "1230920004851437568", "text": "The WUC Weekly Brief is now out.  This week's edition covers:\n- #KarakaxList\n- #Coronavirus (#COVID19) Causes Food\u2026 https://t.co/S1Y9Cb3b35", "truncated": true, "entities": {"hashtags": [{"text": "KarakaxList", "indices": [64, 76]}, {"text": "Coronavirus", "indices": [79, 91]}, {"text": "COVID19", "indices": [93, 101]}], "symbols": [], "user_mentions": [], "urls": [{"url": "https://t.co/S1Y9Cb3b35", "expanded_url": "https://twitter.com/i/web/status/1230920004851437568", "display_url": "twitter.com/i/web/status/1\u2026", "indices": [116, 139]}]}, "metadata": {"iso_language_code": "en", "result_type": "recent"}, "source": "<a href=\"https://mobile.twitter.com\" rel=\"nofollow\">Twitter Web App</a>", "in_reply_to_status_id": null, "in_reply_to_status_id_str": null, "in_reply_to_user_id": null, "in_reply_to_user_id_str": null, "in_reply_to_screen_name": null, "user": {"id": 274669412, "id_str": "274669412", "name": "WorldUyghurCongress", "screen_name": "UyghurCongress", "location": "Munich, Germany", "description": "International umbrella organization promoting #Uyghur human rights and a peaceful solution to the conflict in East Turkistan.", "url": "https://t.co/70xMUcBmtq", "entities": {"url": {"urls": [{"url": "https://t.co/70xMUcBmtq", "expanded_url": "http://www.uyghurcongress.org", "display_url": "uyghurcongress.org", "indices": [0, 23]}]}, "description": {"urls": []}}, "protected": false, "followers_count": 24127, "friends_count": 1283, "listed_count": 306, "created_at": "Wed Mar 30 20:31:53 +0000 2011", "favourites_count": 4953, "utc_offset": null, "time_zone": null, "geo_enabled": true, "verified": true, "statuses_count": 19178, "lang": null, "contributors_enabled": false, "is_translator": false, "is_translation_enabled": false, "profile_background_color": "6296CB", "profile_background_image_url": "http://abs.twimg.com/images/themes/theme1/bg.png", "profile_background_image_url_https": "https://abs.twimg.com/images/themes/theme1/bg.png", "profile_background_tile": false, "profile_image_url": "http://pbs.twimg.com/profile_images/867676517131845633/CVNkbC9u_normal.jpg", "profile_image_url_https": "https://pbs.twimg.com/profile_images/867676517131845633/CVNkbC9u_normal.jpg", "profile_banner_url": "https://pbs.twimg.com/profile_banners/274669412/1525168141", "profile_link_color": "3E7DBB", "profile_sidebar_border_color": "000000", "profile_sidebar_fill_color": "DDEEF6", "profile_text_color": "333333", "profile_use_background_image": true, "has_extended_profile": false, "default_profile": false, "default_profile_image": false, "following": false, "follow_request_sent": false, "notifications": false, "translator_type": "none"}, "geo": null, "coordinates": null, "place": null, "contributors": null, "is_quote_status": false, "retweet_count": 6, "favorite_count": 11, "favorited": false, "retweeted": false, "possibly_sensitive": false, "lang": "en"}, "is_quote_status": false, "retweet_count": 6, "favorite_count": 0, "favorited": false, "retweeted": false, "lang": "en"}