{"created_at": "Tue Feb 18 10:19:34 +0000 2020", "id": 1229712052006072320, "id_str": "1229712052006072320", "text": "@WSJ Samsung zumindest tangiert das #Coronavirus deutlich weniger https://t.co/EPH9XTa8CP", "truncated": false, "entities": {"hashtags": [{"text": "Coronavirus", "indices": [36, 48]}], "symbols": [], "user_mentions": [{"screen_name": "WSJ", "name": "The Wall Street Journal", "id": 3108351, "id_str": "3108351", "indices": [0, 4]}], "urls": [{"url": "https://t.co/EPH9XTa8CP", "expanded_url": "https://www.businessinsider.de/international/samsung-poised-to-benefit-from-china-virus-woes-afflicting-apple-other-rivals-2020-2/?r=US&IR=T", "display_url": "businessinsider.de/international/\u2026", "indices": [66, 89]}]}, "metadata": {"iso_language_code": "de", "result_type": "recent"}, "source": "<a href=\"https://mobile.twitter.com\" rel=\"nofollow\">Twitter Web App</a>", "in_reply_to_status_id": 1229655191416385536, "in_reply_to_status_id_str": "1229655191416385536", "in_reply_to_user_id": 636603, "in_reply_to_user_id_str": "636603", "in_reply_to_screen_name": "teezeh", "user": {"id": 636603, "id_str": "636603", "name": "Thomas Cloer \ud83c\uddea\ud83c\uddfa", "screen_name": "teezeh", "location": "M\u00fcnchen, Deutschland", "description": "A man of wealth (negligible) and taste (considerable). War fr\u00fcher\u2122 Journalist. Kommuniziert jetzt f\u00fcr @retarus. Spricht f\u00fcr sich. #NoAFD", "url": "https://t.co/soGI6M1VI3", "entities": {"url": {"urls": [{"url": "https://t.co/soGI6M1VI3", "expanded_url": "https://teezeh.de", "display_url": "teezeh.de", "indices": [0, 23]}]}, "description": {"urls": []}}, "protected": false, "followers_count": 2316, "friends_count": 666, "listed_count": 278, "created_at": "Mon Jan 15 17:37:40 +0000 2007", "favourites_count": 5543, "utc_offset": null, "time_zone": null, "geo_enabled": true, "verified": false, "statuses_count": 67133, "lang": null, "contributors_enabled": false, "is_translator": false, "is_translation_enabled": false, "profile_background_color": "8B1A1A", "profile_background_image_url": "http://abs.twimg.com/images/themes/theme19/bg.gif", "profile_background_image_url_https": "https://abs.twimg.com/images/themes/theme19/bg.gif", "profile_background_tile": true, "profile_image_url": "http://pbs.twimg.com/profile_images/1128265526743130112/ff9vW7pC_normal.jpg", "profile_image_url_https": "https://pbs.twimg.com/profile_images/1128265526743130112/ff9vW7pC_normal.jpg", "profile_banner_url": "https://pbs.twimg.com/profile_banners/636603/1567793233", "profile_link_color": "E81C4F", "profile_sidebar_border_color": "000000", "profile_sidebar_fill_color": "F6FFD1", "profile_text_color": "333333", "profile_use_background_image": true, "has_extended_profile": true, "default_profile": false, "default_profile_image": false, "following": false, "follow_request_sent": false, "notifications": false, "translator_type": "regular"}, "geo": null, "coordinates": null, "place": null, "contributors": null, "is_quote_status": false, "retweet_count": 0, "favorite_count": 0, "favorited": false, "retweeted": false, "possibly_sensitive": false, "lang": "de"}