{"created_at": "Fri Feb 21 17:55:50 +0000 2020", "id": 1230914039582203905, "id_str": "1230914039582203905", "text": "RT @WorldPentathlon: \u26a0\ufe0f#BREAKING\n\nThe UIPM 2020 Pentathlon World Championships has been moved to Cancun \ud83c\uddf2\ud83c\uddfd \n\nXiamen \ud83c\udde8\ud83c\uddf3 will now host our fl\u2026", "truncated": false, "entities": {"hashtags": [{"text": "BREAKING", "indices": [23, 32]}], "symbols": [], "user_mentions": [{"screen_name": "WorldPentathlon", "name": "UIPM - World Pentathlon", "id": 109214716, "id_str": "109214716", "indices": [3, 19]}], "urls": []}, "metadata": {"iso_language_code": "en", "result_type": "recent"}, "source": "<a href=\"http://twitter.com/download/android\" rel=\"nofollow\">Twitter for Android</a>", "in_reply_to_status_id": null, "in_reply_to_status_id_str": null, "in_reply_to_user_id": null, "in_reply_to_user_id_str": null, "in_reply_to_screen_name": null, "user": {"id": 210650083, "id_str": "210650083", "name": "Abraham Sierra", "screen_name": "AbrahaMSierrra", "location": "", "description": "No me gusta que me guste el futbol, pero qu\u00e9 le voy a hacer. Escribo textos con los que maduran aguacates.", "url": "https://t.co/Q39BEemf2i", "entities": {"url": {"urls": [{"url": "https://t.co/Q39BEemf2i", "expanded_url": "http://lapelotamecanica.blogspot.mx/", "display_url": "lapelotamecanica.blogspot.mx", "indices": [0, 23]}]}, "description": {"urls": []}}, "protected": false, "followers_count": 227, "friends_count": 873, "listed_count": 3, "created_at": "Sun Oct 31 23:54:13 +0000 2010", "favourites_count": 1523, "utc_offset": null, "time_zone": null, "geo_enabled": false, "verified": false, "statuses_count": 6615, "lang": null, "contributors_enabled": false, "is_translator": false, "is_translation_enabled": false, "profile_background_color": "DD2E44", "profile_background_image_url": "http://abs.twimg.com/images/themes/theme14/bg.gif", "profile_background_image_url_https": "https://abs.twimg.com/images/themes/theme14/bg.gif", "profile_background_tile": false, "profile_image_url": "http://pbs.twimg.com/profile_images/1161630848929685505/bKIlL5-Z_normal.jpg", "profile_image_url_https": "https://pbs.twimg.com/profile_images/1161630848929685505/bKIlL5-Z_normal.jpg", "profile_banner_url": "https://pbs.twimg.com/profile_banners/210650083/1582500914", "profile_link_color": "1B95E0", "profile_sidebar_border_color": "FFFFFF", "profile_sidebar_fill_color": "EFEFEF", "profile_text_color": "333333", "profile_use_background_image": false, "has_extended_profile": false, "default_profile": false, "default_profile_image": false, "following": false, "follow_request_sent": false, "notifications": false, "translator_type": "none"}, "geo": null, "coordinates": null, "place": null, "contributors": null, "retweeted_status": {"created_at": "Fri Feb 21 17:31:54 +0000 2020", "id": 1230908015546634240, "id_str": "1230908015546634240", "text": "\u26a0\ufe0f#BREAKING\n\nThe UIPM 2020 Pentathlon World Championships has been moved to Cancun \ud83c\uddf2\ud83c\uddfd \n\nXiamen \ud83c\udde8\ud83c\uddf3 will now host our\u2026 https://t.co/PyJ4SbcpgW", "truncated": true, "entities": {"hashtags": [{"text": "BREAKING", "indices": [2, 11]}], "symbols": [], "user_mentions": [], "urls": [{"url": "https://t.co/PyJ4SbcpgW", "expanded_url": "https://twitter.com/i/web/status/1230908015546634240", "display_url": "twitter.com/i/web/status/1\u2026", "indices": [117, 140]}]}, "metadata": {"iso_language_code": "en", "result_type": "recent"}, "source": "<a href=\"https://mobile.twitter.com\" rel=\"nofollow\">Twitter Web App</a>", "in_reply_to_status_id": null, "in_reply_to_status_id_str": null, "in_reply_to_user_id": null, "in_reply_to_user_id_str": null, "in_reply_to_screen_name": null, "user": {"id": 109214716, "id_str": "109214716", "name": "UIPM - World Pentathlon", "screen_name": "WorldPentathlon", "location": "Monaco", "description": "Global governing body for Modern Pentathlon.", "url": "https://t.co/iRbRaXz7dv", "entities": {"url": {"urls": [{"url": "https://t.co/iRbRaXz7dv", "expanded_url": "http://UIPMworld.org", "display_url": "UIPMworld.org", "indices": [0, 23]}]}, "description": {"urls": []}}, "protected": false, "followers_count": 4537, "friends_count": 840, "listed_count": 158, "created_at": "Thu Jan 28 09:46:22 +0000 2010", "favourites_count": 2599, "utc_offset": null, "time_zone": null, "geo_enabled": true, "verified": false, "statuses_count": 7759, "lang": null, "contributors_enabled": false, "is_translator": false, "is_translation_enabled": false, "profile_background_color": "3B94D9", "profile_background_image_url": "http://abs.twimg.com/images/themes/theme1/bg.png", "profile_background_image_url_https": "https://abs.twimg.com/images/themes/theme1/bg.png", "profile_background_tile": false, "profile_image_url": "http://pbs.twimg.com/profile_images/976790808266444802/Vghg8wbY_normal.jpg", "profile_image_url_https": "https://pbs.twimg.com/profile_images/976790808266444802/Vghg8wbY_normal.jpg", "profile_banner_url": "https://pbs.twimg.com/profile_banners/109214716/1582015681", "profile_link_color": "3B94D9", "profile_sidebar_border_color": "FFFFFF", "profile_sidebar_fill_color": "EEF218", "profile_text_color": "333333", "profile_use_background_image": false, "has_extended_profile": false, "default_profile": false, "default_profile_image": false, "following": false, "follow_request_sent": false, "notifications": false, "translator_type": "none"}, "geo": null, "coordinates": null, "place": null, "contributors": null, "is_quote_status": false, "retweet_count": 41, "favorite_count": 77, "favorited": false, "retweeted": false, "possibly_sensitive": false, "lang": "en"}, "is_quote_status": false, "retweet_count": 41, "favorite_count": 0, "favorited": false, "retweeted": false, "lang": "en"}