{"created_at": "Tue Feb 18 08:45:39 +0000 2020", "id": 1229688414687170560, "id_str": "1229688414687170560", "text": "RT @SZ_TopNews: Wie man das #Coronavirus eind\u00e4mmen kann - der Infektionsmediziner Jeremy Farrar im Interview: https://t.co/AMJTzPAmR0", "truncated": false, "entities": {"hashtags": [{"text": "Coronavirus", "indices": [28, 40]}], "symbols": [], "user_mentions": [{"screen_name": "SZ_TopNews", "name": "SZ Top-News", "id": 17803524, "id_str": "17803524", "indices": [3, 14]}], "urls": [{"url": "https://t.co/AMJTzPAmR0", "expanded_url": "https://sz.de/1.4801690", "display_url": "sz.de/1.4801690", "indices": [110, 133]}]}, "metadata": {"iso_language_code": "de", "result_type": "recent"}, "source": "<a href=\"https://mobile.twitter.com\" rel=\"nofollow\">Twitter Web App</a>", "in_reply_to_status_id": null, "in_reply_to_status_id_str": null, "in_reply_to_user_id": null, "in_reply_to_user_id_str": null, "in_reply_to_screen_name": null, "user": {"id": 3956049136, "id_str": "3956049136", "name": "Steffen MW", "screen_name": "SteffenMW", "location": "", "description": "", "url": null, "entities": {"description": {"urls": []}}, "protected": false, "followers_count": 6, "friends_count": 26, "listed_count": 0, "created_at": "Wed Oct 14 13:00:43 +0000 2015", "favourites_count": 473, "utc_offset": null, "time_zone": null, "geo_enabled": false, "verified": false, "statuses_count": 65, "lang": null, "contributors_enabled": false, "is_translator": false, "is_translation_enabled": false, "profile_background_color": "C0DEED", "profile_background_image_url": "http://abs.twimg.com/images/themes/theme1/bg.png", "profile_background_image_url_https": "https://abs.twimg.com/images/themes/theme1/bg.png", "profile_background_tile": false, "profile_image_url": "http://pbs.twimg.com/profile_images/1156505393641787392/CLYQccJz_normal.jpg", "profile_image_url_https": "https://pbs.twimg.com/profile_images/1156505393641787392/CLYQccJz_normal.jpg", "profile_link_color": "1DA1F2", "profile_sidebar_border_color": "C0DEED", "profile_sidebar_fill_color": "DDEEF6", "profile_text_color": "333333", "profile_use_background_image": true, "has_extended_profile": false, "default_profile": true, "default_profile_image": false, "following": false, "follow_request_sent": false, "notifications": false, "translator_type": "none"}, "geo": null, "coordinates": null, "place": null, "contributors": null, "retweeted_status": {"created_at": "Tue Feb 18 06:39:36 +0000 2020", "id": 1229656696227848192, "id_str": "1229656696227848192", "text": "Wie man das #Coronavirus eind\u00e4mmen kann - der Infektionsmediziner Jeremy Farrar im Interview: https://t.co/AMJTzPAmR0", "truncated": false, "entities": {"hashtags": [{"text": "Coronavirus", "indices": [12, 24]}], "symbols": [], "user_mentions": [], "urls": [{"url": "https://t.co/AMJTzPAmR0", "expanded_url": "https://sz.de/1.4801690", "display_url": "sz.de/1.4801690", "indices": [94, 117]}]}, "metadata": {"iso_language_code": "de", "result_type": "recent"}, "source": "<a href=\"http://www.sueddeutsche.de/\" rel=\"nofollow\">SZ.de Twitterbot - Topthemen</a>", "in_reply_to_status_id": null, "in_reply_to_status_id_str": null, "in_reply_to_user_id": null, "in_reply_to_user_id_str": null, "in_reply_to_screen_name": null, "user": {"id": 17803524, "id_str": "17803524", "name": "SZ Top-News", "screen_name": "SZ_TopNews", "location": "M\u00fcnchen", "description": "Alle Top-Themen von S\u00fcddeutsche.de\r\n\r\nImpressum: http://t.co/Jh8GYzR1nn", "url": "http://t.co/BJF8degO13", "entities": {"url": {"urls": [{"url": "http://t.co/BJF8degO13", "expanded_url": "http://sz.de/", "display_url": "sz.de", "indices": [0, 22]}]}, "description": {"urls": [{"url": "http://t.co/Jh8GYzR1nn", "expanded_url": "http://sz.de/impressum", "display_url": "sz.de/impressum", "indices": [49, 71]}]}}, "protected": false, "followers_count": 221655, "friends_count": 82, "listed_count": 3384, "created_at": "Tue Dec 02 08:48:47 +0000 2008", "favourites_count": 9, "utc_offset": null, "time_zone": null, "geo_enabled": false, "verified": true, "statuses_count": 175948, "lang": null, "contributors_enabled": false, "is_translator": false, "is_translation_enabled": false, "profile_background_color": "FFFFFF", "profile_background_image_url": "http://abs.twimg.com/images/themes/theme1/bg.png", "profile_background_image_url_https": "https://abs.twimg.com/images/themes/theme1/bg.png", "profile_background_tile": false, "profile_image_url": "http://pbs.twimg.com/profile_images/655020120121712640/WcX4aKls_normal.png", "profile_image_url_https": "https://pbs.twimg.com/profile_images/655020120121712640/WcX4aKls_normal.png", "profile_banner_url": "https://pbs.twimg.com/profile_banners/17803524/1402902733", "profile_link_color": "333333", "profile_sidebar_border_color": "FFFFFF", "profile_sidebar_fill_color": "F1F3F4", "profile_text_color": "576266", "profile_use_background_image": false, "has_extended_profile": false, "default_profile": false, "default_profile_image": false, "following": false, "follow_request_sent": false, "notifications": false, "translator_type": "none"}, "geo": null, "coordinates": null, "place": null, "contributors": null, "is_quote_status": false, "retweet_count": 3, "favorite_count": 4, "favorited": false, "retweeted": false, "possibly_sensitive": false, "lang": "de"}, "is_quote_status": false, "retweet_count": 3, "favorite_count": 0, "favorited": false, "retweeted": false, "possibly_sensitive": false, "lang": "de"}