{"created_at": "Wed Feb 19 17:28:01 +0000 2020", "id": 1230182259656921094, "id_str": "1230182259656921094", "text": "Highest number of new daily cases outside of mainland China to date. https://t.co/aXN2Mr8Ytj\n\n#coronavirus", "truncated": false, "entities": {"hashtags": [{"text": "coronavirus", "indices": [94, 106]}], "symbols": [], "user_mentions": [], "urls": [{"url": "https://t.co/aXN2Mr8Ytj", "expanded_url": "https://www.worldometers.info/coronavirus/#news", "display_url": "worldometers.info/coronavirus/#n\u2026", "indices": [69, 92]}]}, "metadata": {"iso_language_code": "en", "result_type": "recent"}, "source": "<a href=\"http://twitter.com\" rel=\"nofollow\">Twitter Web Client</a>", "in_reply_to_status_id": null, "in_reply_to_status_id_str": null, "in_reply_to_user_id": null, "in_reply_to_user_id_str": null, "in_reply_to_screen_name": null, "user": {"id": 977959859068002304, "id_str": "977959859068002304", "name": "Quentin Quencher", "screen_name": "QQuencher", "location": "Wolfschlugen, Deutschland", "description": "Blogger/Autor/Freigeist", "url": "https://t.co/0NZL0NFSpk", "entities": {"url": {"urls": [{"url": "https://t.co/0NZL0NFSpk", "expanded_url": "http://glitzerwasser.blogspot.com/", "display_url": "glitzerwasser.blogspot.com", "indices": [0, 23]}]}, "description": {"urls": []}}, "protected": false, "followers_count": 931, "friends_count": 624, "listed_count": 5, "created_at": "Sun Mar 25 17:26:14 +0000 2018", "favourites_count": 17311, "utc_offset": null, "time_zone": null, "geo_enabled": false, "verified": false, "statuses_count": 9341, "lang": null, "contributors_enabled": false, "is_translator": false, "is_translation_enabled": false, "profile_background_color": "000000", "profile_background_image_url": "http://abs.twimg.com/images/themes/theme1/bg.png", "profile_background_image_url_https": "https://abs.twimg.com/images/themes/theme1/bg.png", "profile_background_tile": false, "profile_image_url": "http://pbs.twimg.com/profile_images/1192774957249552384/epqPMXbs_normal.jpg", "profile_image_url_https": "https://pbs.twimg.com/profile_images/1192774957249552384/epqPMXbs_normal.jpg", "profile_banner_url": "https://pbs.twimg.com/profile_banners/977959859068002304/1573654984", "profile_link_color": "FAB81E", "profile_sidebar_border_color": "000000", "profile_sidebar_fill_color": "000000", "profile_text_color": "000000", "profile_use_background_image": false, "has_extended_profile": true, "default_profile": false, "default_profile_image": false, "following": false, "follow_request_sent": false, "notifications": false, "translator_type": "none"}, "geo": null, "coordinates": null, "place": null, "contributors": null, "is_quote_status": false, "retweet_count": 0, "favorite_count": 0, "favorited": false, "retweeted": false, "possibly_sensitive": false, "lang": "en"}