{"created_at": "Thu Feb 20 21:36:46 +0000 2020", "id": 1230607251179573248, "id_str": "1230607251179573248", "text": "RT @Kantoglu: #Coronavirus could pose threat to cruise ship credit ratings - Reuters\n\n#NEWYORK (#Reuters ) - The impact on #cruise companie\u2026", "truncated": false, "entities": {"hashtags": [{"text": "Coronavirus", "indices": [14, 26]}, {"text": "NEWYORK", "indices": [86, 94]}, {"text": "Reuters", "indices": [96, 104]}, {"text": "cruise", "indices": [123, 130]}], "symbols": [], "user_mentions": [{"screen_name": "Kantoglu", "name": "Haldun Kantoglu", "id": 56077161, "id_str": "56077161", "indices": [3, 12]}], "urls": []}, "metadata": {"iso_language_code": "en", "result_type": "recent"}, "source": "<a href=\"http://twitter.com/download/android\" rel=\"nofollow\">Twitter for Android</a>", "in_reply_to_status_id": null, "in_reply_to_status_id_str": null, "in_reply_to_user_id": null, "in_reply_to_user_id_str": null, "in_reply_to_screen_name": null, "user": {"id": 535554692, "id_str": "535554692", "name": "Thomas", "screen_name": "Thomas_195813", "location": "The Palm of God's Right Hand", "description": "Multiculturalism is code for \nLet me use your good manners against you to get access to your home to destroy you.\n#ProIsrael\n#ProLife\n#Conservative", "url": null, "entities": {"description": {"urls": []}}, "protected": false, "followers_count": 5145, "friends_count": 5650, "listed_count": 162, "created_at": "Sat Mar 24 17:43:17 +0000 2012", "favourites_count": 63416, "utc_offset": null, "time_zone": null, "geo_enabled": false, "verified": false, "statuses_count": 394342, "lang": null, "contributors_enabled": false, "is_translator": false, "is_translation_enabled": false, "profile_background_color": "0099B9", "profile_background_image_url": "http://abs.twimg.com/images/themes/theme4/bg.gif", "profile_background_image_url_https": "https://abs.twimg.com/images/themes/theme4/bg.gif", "profile_background_tile": false, "profile_image_url": "http://pbs.twimg.com/profile_images/831922048091955200/npkMDdss_normal.jpg", "profile_image_url_https": "https://pbs.twimg.com/profile_images/831922048091955200/npkMDdss_normal.jpg", "profile_banner_url": "https://pbs.twimg.com/profile_banners/535554692/1577766053", "profile_link_color": "0099B9", "profile_sidebar_border_color": "5ED4DC", "profile_sidebar_fill_color": "95E8EC", "profile_text_color": "3C3940", "profile_use_background_image": true, "has_extended_profile": false, "default_profile": false, "default_profile_image": false, "following": false, "follow_request_sent": false, "notifications": false, "translator_type": "regular"}, "geo": null, "coordinates": null, "place": null, "contributors": null, "retweeted_status": {"created_at": "Thu Feb 20 19:23:17 +0000 2020", "id": 1230573655794556930, "id_str": "1230573655794556930", "text": "#Coronavirus could pose threat to cruise ship credit ratings - Reuters\n\n#NEWYORK (#Reuters ) - The impact on\u2026 https://t.co/WuJ12gyLjn", "truncated": true, "entities": {"hashtags": [{"text": "Coronavirus", "indices": [0, 12]}, {"text": "NEWYORK", "indices": [72, 80]}, {"text": "Reuters", "indices": [82, 90]}], "symbols": [], "user_mentions": [], "urls": [{"url": "https://t.co/WuJ12gyLjn", "expanded_url": "https://twitter.com/i/web/status/1230573655794556930", "display_url": "twitter.com/i/web/status/1\u2026", "indices": [110, 133]}]}, "metadata": {"iso_language_code": "en", "result_type": "recent"}, "source": "<a href=\"http://twitter.com/#!/download/ipad\" rel=\"nofollow\">Twitter for iPad</a>", "in_reply_to_status_id": null, "in_reply_to_status_id_str": null, "in_reply_to_user_id": null, "in_reply_to_user_id_str": null, "in_reply_to_screen_name": null, "user": {"id": 56077161, "id_str": "56077161", "name": "Haldun Kantoglu", "screen_name": "Kantoglu", "location": "Stuttgart - Germany", "description": "", "url": null, "entities": {"description": {"urls": []}}, "protected": false, "followers_count": 1178, "friends_count": 1646, "listed_count": 82, "created_at": "Sun Jul 12 11:55:55 +0000 2009", "favourites_count": 24233, "utc_offset": null, "time_zone": null, "geo_enabled": false, "verified": false, "statuses_count": 26264, "lang": null, "contributors_enabled": false, "is_translator": false, "is_translation_enabled": false, "profile_background_color": "000305", "profile_background_image_url": "http://abs.twimg.com/images/themes/theme1/bg.png", "profile_background_image_url_https": "https://abs.twimg.com/images/themes/theme1/bg.png", "profile_background_tile": true, "profile_image_url": "http://pbs.twimg.com/profile_images/1191749069305270273/51Xh9N6M_normal.jpg", "profile_image_url_https": "https://pbs.twimg.com/profile_images/1191749069305270273/51Xh9N6M_normal.jpg", "profile_banner_url": "https://pbs.twimg.com/profile_banners/56077161/1566757121", "profile_link_color": "D91832", "profile_sidebar_border_color": "000000", "profile_sidebar_fill_color": "DDEEF6", "profile_text_color": "333333", "profile_use_background_image": true, "has_extended_profile": false, "default_profile": false, "default_profile_image": false, "following": false, "follow_request_sent": false, "notifications": false, "translator_type": "none"}, "geo": null, "coordinates": null, "place": null, "contributors": null, "is_quote_status": false, "retweet_count": 2, "favorite_count": 1, "favorited": false, "retweeted": false, "possibly_sensitive": false, "lang": "en"}, "is_quote_status": false, "retweet_count": 2, "favorite_count": 0, "favorited": false, "retweeted": false, "lang": "en"}