{"created_at": "Tue Feb 18 15:02:23 +0000 2020", "id": 1229783223242313729, "id_str": "1229783223242313729", "text": "@rosenbergerjon Die #Medien finden immer einen \"Grund\" f\u00fcr die aktuellen Marktbewegungen... An einem Tag ist die \"E\u2026 https://t.co/zZGXYS9yrr", "truncated": true, "entities": {"hashtags": [{"text": "Medien", "indices": [20, 27]}], "symbols": [], "user_mentions": [{"screen_name": "rosenbergerjon", "name": "Jonas Rosenberger", "id": 3111031383, "id_str": "3111031383", "indices": [0, 15]}], "urls": [{"url": "https://t.co/zZGXYS9yrr", "expanded_url": "https://twitter.com/i/web/status/1229783223242313729", "display_url": "twitter.com/i/web/status/1\u2026", "indices": [117, 140]}]}, "metadata": {"iso_language_code": "de", "result_type": "recent"}, "source": "<a href=\"https://mobile.twitter.com\" rel=\"nofollow\">Twitter Web App</a>", "in_reply_to_status_id": 1229767364197191681, "in_reply_to_status_id_str": "1229767364197191681", "in_reply_to_user_id": 3111031383, "in_reply_to_user_id_str": "3111031383", "in_reply_to_screen_name": "rosenbergerjon", "user": {"id": 847187905013526528, "id_str": "847187905013526528", "name": "Adrian - #FIRElifestyle", "screen_name": "FIRElifestyleDE", "location": "Stuttgart, Germany", "description": "Schwabe mit dem Ziel: Finanzielle Freiheit\ud83d\udcc8 #Investor | #Aktien | #Optionen | #Futures | #Immobilien - Dein Blog rund um Geld, Finanzen und Wirtschaft #FIRE \ud83d\udd25", "url": "https://t.co/EMSwcG9yYA", "entities": {"url": {"urls": [{"url": "https://t.co/EMSwcG9yYA", "expanded_url": "https://FIRElifestyle.de/Go-FIRE", "display_url": "FIRElifestyle.de/Go-FIRE", "indices": [0, 23]}]}, "description": {"urls": []}}, "protected": false, "followers_count": 397, "friends_count": 614, "listed_count": 3, "created_at": "Wed Mar 29 20:45:11 +0000 2017", "favourites_count": 1415, "utc_offset": null, "time_zone": null, "geo_enabled": true, "verified": false, "statuses_count": 589, "lang": null, "contributors_enabled": false, "is_translator": false, "is_translation_enabled": false, "profile_background_color": "000000", "profile_background_image_url": "http://abs.twimg.com/images/themes/theme1/bg.png", "profile_background_image_url_https": "https://abs.twimg.com/images/themes/theme1/bg.png", "profile_background_tile": false, "profile_image_url": "http://pbs.twimg.com/profile_images/1168231822226014208/fjEf_4gC_normal.jpg", "profile_image_url_https": "https://pbs.twimg.com/profile_images/1168231822226014208/fjEf_4gC_normal.jpg", "profile_banner_url": "https://pbs.twimg.com/profile_banners/847187905013526528/1572364461", "profile_link_color": "000000", "profile_sidebar_border_color": "000000", "profile_sidebar_fill_color": "000000", "profile_text_color": "000000", "profile_use_background_image": false, "has_extended_profile": false, "default_profile": false, "default_profile_image": false, "following": false, "follow_request_sent": false, "notifications": false, "translator_type": "none"}, "geo": null, "coordinates": null, "place": null, "contributors": null, "is_quote_status": false, "retweet_count": 0, "favorite_count": 2, "favorited": false, "retweeted": false, "lang": "de"}