{"created_at": "Thu Feb 20 08:25:43 +0000 2020", "id": 1230408174055849984, "id_str": "1230408174055849984", "text": "New #coronavirus spreads more like #flu than #SARS: Chinese study | Article [AMP] | Reuters https://t.co/CIbxxeGdEs\u2026 https://t.co/UtUzvKAX2a", "truncated": true, "entities": {"hashtags": [{"text": "coronavirus", "indices": [4, 16]}, {"text": "flu", "indices": [35, 39]}, {"text": "SARS", "indices": [45, 50]}], "symbols": [], "user_mentions": [], "urls": [{"url": "https://t.co/CIbxxeGdEs", "expanded_url": "https://www.reuters.com/article/us-china-health-study-idUSKBN20D2W6", "display_url": "reuters.com/article/us-chi\u2026", "indices": [92, 115]}, {"url": "https://t.co/UtUzvKAX2a", "expanded_url": "https://twitter.com/i/web/status/1230408174055849984", "display_url": "twitter.com/i/web/status/1\u2026", "indices": [117, 140]}]}, "metadata": {"iso_language_code": "en", "result_type": "recent"}, "source": "<a href=\"https://mobile.twitter.com\" rel=\"nofollow\">Twitter Web App</a>", "in_reply_to_status_id": null, "in_reply_to_status_id_str": null, "in_reply_to_user_id": null, "in_reply_to_user_id_str": null, "in_reply_to_screen_name": null, "user": {"id": 1182232516238938112, "id_str": "1182232516238938112", "name": "Atriva Therapeutics", "screen_name": "AtrivaTx", "location": "T\u00fcbingen, Germany", "description": "Clinical stage biopharmaceutical company developing host-targeting inhibitors against respiratory viral infections. #influenza #ATR002", "url": "https://t.co/z1NIF7tp9r", "entities": {"url": {"urls": [{"url": "https://t.co/z1NIF7tp9r", "expanded_url": "http://www.atriva-therapeutics.com", "display_url": "atriva-therapeutics.com", "indices": [0, 23]}]}, "description": {"urls": []}}, "protected": false, "followers_count": 31, "friends_count": 72, "listed_count": 0, "created_at": "Thu Oct 10 09:55:12 +0000 2019", "favourites_count": 344, "utc_offset": null, "time_zone": null, "geo_enabled": false, "verified": false, "statuses_count": 75, "lang": null, "contributors_enabled": false, "is_translator": false, "is_translation_enabled": false, "profile_background_color": "F5F8FA", "profile_background_image_url": null, "profile_background_image_url_https": null, "profile_background_tile": false, "profile_image_url": "http://pbs.twimg.com/profile_images/1182237605917790208/TyS_r2Ve_normal.jpg", "profile_image_url_https": "https://pbs.twimg.com/profile_images/1182237605917790208/TyS_r2Ve_normal.jpg", "profile_banner_url": "https://pbs.twimg.com/profile_banners/1182232516238938112/1570702387", "profile_link_color": "1DA1F2", "profile_sidebar_border_color": "C0DEED", "profile_sidebar_fill_color": "DDEEF6", "profile_text_color": "333333", "profile_use_background_image": true, "has_extended_profile": false, "default_profile": true, "default_profile_image": false, "following": false, "follow_request_sent": false, "notifications": false, "translator_type": "none"}, "geo": null, "coordinates": null, "place": null, "contributors": null, "is_quote_status": false, "retweet_count": 0, "favorite_count": 2, "favorited": false, "retweeted": false, "possibly_sensitive": false, "lang": "en"}