{"created_at": "Thu Feb 20 21:13:08 +0000 2020", "id": 1230601301215436801, "id_str": "1230601301215436801", "text": "Check out this #Sinophobia Tracker during #CoronaVirus that my friend, Li Li, made! \nhttps://t.co/zXHdLyZQe1", "truncated": false, "entities": {"hashtags": [{"text": "Sinophobia", "indices": [15, 26]}, {"text": "CoronaVirus", "indices": [42, 54]}], "symbols": [], "user_mentions": [], "urls": [{"url": "https://t.co/zXHdLyZQe1", "expanded_url": "https://sites.google.com/view/sinophobia-tracker/home", "display_url": "sites.google.com/view/sinophobi\u2026", "indices": [85, 108]}]}, "metadata": {"iso_language_code": "en", "result_type": "recent"}, "source": "<a href=\"http://twitter.com/download/iphone\" rel=\"nofollow\">Twitter for iPhone</a>", "in_reply_to_status_id": null, "in_reply_to_status_id_str": null, "in_reply_to_user_id": null, "in_reply_to_user_id_str": null, "in_reply_to_screen_name": null, "user": {"id": 893539251761106944, "id_str": "893539251761106944", "name": "Gillian Wong", "screen_name": "GillianLWong", "location": "T\u00fcbingen, Deutschland", "description": "Zooarchaeologist, archaeology PhD student @uni_tue. Hunter-gatherer paleoecology, microfauna, cultural & historic preservation, & women in science. She/her", "url": null, "entities": {"description": {"urls": []}}, "protected": false, "followers_count": 360, "friends_count": 529, "listed_count": 2, "created_at": "Fri Aug 04 18:28:53 +0000 2017", "favourites_count": 3024, "utc_offset": null, "time_zone": null, "geo_enabled": false, "verified": false, "statuses_count": 1107, "lang": null, "contributors_enabled": false, "is_translator": false, "is_translation_enabled": false, "profile_background_color": "000000", "profile_background_image_url": "http://abs.twimg.com/images/themes/theme1/bg.png", "profile_background_image_url_https": "https://abs.twimg.com/images/themes/theme1/bg.png", "profile_background_tile": false, "profile_image_url": "http://pbs.twimg.com/profile_images/1153308925472755716/BoorG_0w_normal.jpg", "profile_image_url_https": "https://pbs.twimg.com/profile_images/1153308925472755716/BoorG_0w_normal.jpg", "profile_banner_url": "https://pbs.twimg.com/profile_banners/893539251761106944/1521572821", "profile_link_color": "981CEB", "profile_sidebar_border_color": "000000", "profile_sidebar_fill_color": "000000", "profile_text_color": "000000", "profile_use_background_image": false, "has_extended_profile": false, "default_profile": false, "default_profile_image": false, "following": false, "follow_request_sent": false, "notifications": false, "translator_type": "none"}, "geo": null, "coordinates": null, "place": null, "contributors": null, "is_quote_status": false, "retweet_count": 0, "favorite_count": 0, "favorited": false, "retweeted": false, "possibly_sensitive": false, "lang": "en"}