{"created_at": "Wed Feb 19 07:21:13 +0000 2020", "id": 1230029556712644609, "id_str": "1230029556712644609", "text": "Top Termine von heute: \n\n\ud83d\udcdd 9:30 - 86. Kabinettssitzung in Berlin\n\n\ud83c\udfad 13:00 - PK von Richard Lugner und seiner Opernb\u2026 https://t.co/tUkV4bUxYh", "truncated": true, "entities": {"hashtags": [], "symbols": [], "user_mentions": [], "urls": [{"url": "https://t.co/tUkV4bUxYh", "expanded_url": "https://twitter.com/i/web/status/1230029556712644609", "display_url": "twitter.com/i/web/status/1\u2026", "indices": [117, 140]}]}, "metadata": {"iso_language_code": "de", "result_type": "recent"}, "source": "<a href=\"https://mobile.twitter.com\" rel=\"nofollow\">Twitter Web App</a>", "in_reply_to_status_id": null, "in_reply_to_status_id_str": null, "in_reply_to_user_id": null, "in_reply_to_user_id_str": null, "in_reply_to_screen_name": null, "user": {"id": 68724671, "id_str": "68724671", "name": "WEB.DE News", "screen_name": "WEBDENews", "location": "M\u00fcnchen", "description": "Hier twittert die Nachrichtenredaktion von https://t.co/cxh49bTxjW. Offizieller Account. Technischen Support gibt es hier: https://t.co/GXKJNjQHSr.", "url": "https://t.co/pbRvtADSXZ", "entities": {"url": {"urls": [{"url": "https://t.co/pbRvtADSXZ", "expanded_url": "https://web.de/magazine/news", "display_url": "web.de/magazine/news", "indices": [0, 23]}]}, "description": {"urls": [{"url": "https://t.co/cxh49bTxjW", "expanded_url": "http://WEB.DE", "display_url": "WEB.DE", "indices": [43, 66]}, {"url": "https://t.co/GXKJNjQHSr", "expanded_url": "http://j.mp/Hilfe_WEBDE", "display_url": "j.mp/Hilfe_WEBDE", "indices": [123, 146]}]}}, "protected": false, "followers_count": 2705, "friends_count": 751, "listed_count": 39, "created_at": "Tue Aug 25 15:42:55 +0000 2009", "favourites_count": 350, "utc_offset": null, "time_zone": null, "geo_enabled": false, "verified": false, "statuses_count": 48605, "lang": null, "contributors_enabled": false, "is_translator": false, "is_translation_enabled": false, "profile_background_color": "C0DEED", "profile_background_image_url": "http://abs.twimg.com/images/themes/theme1/bg.png", "profile_background_image_url_https": "https://abs.twimg.com/images/themes/theme1/bg.png", "profile_background_tile": false, "profile_image_url": "http://pbs.twimg.com/profile_images/1138440848767692800/oSKX191e_normal.png", "profile_image_url_https": "https://pbs.twimg.com/profile_images/1138440848767692800/oSKX191e_normal.png", "profile_banner_url": "https://pbs.twimg.com/profile_banners/68724671/1558598001", "profile_link_color": "1DA1F2", "profile_sidebar_border_color": "C0DEED", "profile_sidebar_fill_color": "DDEEF6", "profile_text_color": "333333", "profile_use_background_image": true, "has_extended_profile": false, "default_profile": true, "default_profile_image": false, "following": false, "follow_request_sent": false, "notifications": false, "translator_type": "none"}, "geo": null, "coordinates": null, "place": null, "contributors": null, "is_quote_status": false, "retweet_count": 0, "favorite_count": 1, "favorited": false, "retweeted": false, "possibly_sensitive": false, "lang": "de"}