{"created_at": "Wed Feb 19 16:25:04 +0000 2020", "id": 1230166418060140544, "id_str": "1230166418060140544", "text": "Neuer Artikel: Coronavirus: Was China-Reisende jetzt wissen m\u00fcssen https://t.co/sQIxYMjqQu #absage #absagen #ansteckung #china #coronavirus", "truncated": false, "entities": {"hashtags": [{"text": "absage", "indices": [91, 98]}, {"text": "absagen", "indices": [99, 107]}, {"text": "ansteckung", "indices": [108, 119]}, {"text": "china", "indices": [120, 126]}, {"text": "coronavirus", "indices": [127, 139]}], "symbols": [], "user_mentions": [], "urls": [{"url": "https://t.co/sQIxYMjqQu", "expanded_url": "https://reisefreak.de/coronavirus-was-china-reisende-jetzt-wissen-muessen/", "display_url": "reisefreak.de/coronavirus-wa\u2026", "indices": [67, 90]}]}, "metadata": {"iso_language_code": "de", "result_type": "recent"}, "source": "<a href=\"https://ReiseFreak.de\" rel=\"nofollow\">reiseblog2twit</a>", "in_reply_to_status_id": null, "in_reply_to_status_id_str": null, "in_reply_to_user_id": null, "in_reply_to_user_id_str": null, "in_reply_to_screen_name": null, "user": {"id": 193637050, "id_str": "193637050", "name": "ReiseFreak's ReiseMagazin und ReiseBlog", "screen_name": "reisefreak1001", "location": "Dillingen an der Donau", "description": "Wolfgang schreibt: Alles f\u00fcr Urlaub u. Reise. ReiseBerichte und Infos.   Impressum u. Datenschutz: https://t.co/VaHx4ZxKOB", "url": "https://t.co/4JUiZieaR8", "entities": {"url": {"urls": [{"url": "https://t.co/4JUiZieaR8", "expanded_url": "http://ReiseFreak.de", "display_url": "ReiseFreak.de", "indices": [0, 23]}]}, "description": {"urls": [{"url": "https://t.co/VaHx4ZxKOB", "expanded_url": "http://t1p.de/1lvt", "display_url": "t1p.de/1lvt", "indices": [99, 122]}]}}, "protected": false, "followers_count": 693, "friends_count": 145, "listed_count": 98, "created_at": "Wed Sep 22 09:58:03 +0000 2010", "favourites_count": 10893, "utc_offset": null, "time_zone": null, "geo_enabled": false, "verified": false, "statuses_count": 105319, "lang": null, "contributors_enabled": false, "is_translator": false, "is_translation_enabled": false, "profile_background_color": "9AE4E8", "profile_background_image_url": "http://abs.twimg.com/images/themes/theme16/bg.gif", "profile_background_image_url_https": "https://abs.twimg.com/images/themes/theme16/bg.gif", "profile_background_tile": false, "profile_image_url": "http://pbs.twimg.com/profile_images/1175704570422542337/MaV5_qdM_normal.jpg", "profile_image_url_https": "https://pbs.twimg.com/profile_images/1175704570422542337/MaV5_qdM_normal.jpg", "profile_banner_url": "https://pbs.twimg.com/profile_banners/193637050/1472272465", "profile_link_color": "0084B4", "profile_sidebar_border_color": "BDDCAD", "profile_sidebar_fill_color": "DDFFCC", "profile_text_color": "333333", "profile_use_background_image": true, "has_extended_profile": false, "default_profile": false, "default_profile_image": false, "following": false, "follow_request_sent": false, "notifications": false, "translator_type": "none"}, "geo": null, "coordinates": null, "place": null, "contributors": null, "is_quote_status": false, "retweet_count": 0, "favorite_count": 0, "favorited": false, "retweeted": false, "possibly_sensitive": false, "lang": "de"}