{"created_at": "Wed Feb 19 16:25:13 +0000 2020", "id": 1230166459306786818, "id_str": "1230166459306786818", "text": "RT @we_online: #W\u00fcrthElektronik cancels its participation at @embedded_world: after careful consideration and balancing of the risks, we de\u2026", "truncated": false, "entities": {"hashtags": [{"text": "W\u00fcrthElektronik", "indices": [15, 31]}], "symbols": [], "user_mentions": [{"screen_name": "we_online", "name": "W\u00fcrth Elektronik", "id": 1091565476, "id_str": "1091565476", "indices": [3, 13]}, {"screen_name": "embedded_world", "name": "embedded world", "id": 74720685, "id_str": "74720685", "indices": [61, 76]}], "urls": []}, "metadata": {"iso_language_code": "en", "result_type": "recent"}, "source": "<a href=\"https://mobile.twitter.com\" rel=\"nofollow\">Twitter Web App</a>", "in_reply_to_status_id": null, "in_reply_to_status_id_str": null, "in_reply_to_user_id": null, "in_reply_to_user_id_str": null, "in_reply_to_screen_name": null, "user": {"id": 144841025, "id_str": "144841025", "name": "4mig4", "screen_name": "4mig4", "location": "Japan", "description": "R&D Engineer, Open\ud83d\udc21, Free\ud83d\ude08, \ud83d\udc27,Net\ud83d\ude08, OpenWRT,Lua,Julia,Go,C,\ud83e\udd80, Electronics, Embedded Systems, LoRA, Satellites, Networks,Amiga", "url": null, "entities": {"description": {"urls": []}}, "protected": false, "followers_count": 360, "friends_count": 2106, "listed_count": 99, "created_at": "Mon May 17 12:57:44 +0000 2010", "favourites_count": 1477, "utc_offset": null, "time_zone": null, "geo_enabled": false, "verified": false, "statuses_count": 16067, "lang": null, "contributors_enabled": false, "is_translator": false, "is_translation_enabled": false, "profile_background_color": "FFFFFF", "profile_background_image_url": "http://abs.twimg.com/images/themes/theme15/bg.png", "profile_background_image_url_https": "https://abs.twimg.com/images/themes/theme15/bg.png", "profile_background_tile": false, "profile_image_url": "http://pbs.twimg.com/profile_images/1089014813651460098/f-0TE65i_normal.jpg", "profile_image_url_https": "https://pbs.twimg.com/profile_images/1089014813651460098/f-0TE65i_normal.jpg", "profile_banner_url": "https://pbs.twimg.com/profile_banners/144841025/1460468739", "profile_link_color": "399106", "profile_sidebar_border_color": "FFFFFF", "profile_sidebar_fill_color": "C0DFEC", "profile_text_color": "333333", "profile_use_background_image": false, "has_extended_profile": false, "default_profile": false, "default_profile_image": false, "following": false, "follow_request_sent": false, "notifications": false, "translator_type": "none"}, "geo": null, "coordinates": null, "place": null, "contributors": null, "retweeted_status": {"created_at": "Wed Feb 19 13:56:01 +0000 2020", "id": 1230128910047858688, "id_str": "1230128910047858688", "text": "#W\u00fcrthElektronik cancels its participation at @embedded_world: after careful consideration and balancing of the ris\u2026 https://t.co/sqEXKtgoUo", "truncated": true, "entities": {"hashtags": [{"text": "W\u00fcrthElektronik", "indices": [0, 16]}], "symbols": [], "user_mentions": [{"screen_name": "embedded_world", "name": "embedded world", "id": 74720685, "id_str": "74720685", "indices": [46, 61]}], "urls": [{"url": "https://t.co/sqEXKtgoUo", "expanded_url": "https://twitter.com/i/web/status/1230128910047858688", "display_url": "twitter.com/i/web/status/1\u2026", "indices": [117, 140]}]}, "metadata": {"iso_language_code": "en", "result_type": "recent"}, "source": "<a href=\"https://sproutsocial.com\" rel=\"nofollow\">Sprout Social</a>", "in_reply_to_status_id": null, "in_reply_to_status_id_str": null, "in_reply_to_user_id": null, "in_reply_to_user_id_str": null, "in_reply_to_screen_name": null, "user": {"id": 1091565476, "id_str": "1091565476", "name": "W\u00fcrth Elektronik", "screen_name": "we_online", "location": "Niedernhall, Germany", "description": "With a range of products from circuit boards, intelligent systems to electronic & electromechanical components we are right at home in many growth markets.", "url": "http://t.co/zPhuHueVht", "entities": {"url": {"urls": [{"url": "http://t.co/zPhuHueVht", "expanded_url": "http://www.we-online.com", "display_url": "we-online.com", "indices": [0, 22]}]}, "description": {"urls": []}}, "protected": false, "followers_count": 4603, "friends_count": 1520, "listed_count": 140, "created_at": "Tue Jan 15 09:41:42 +0000 2013", "favourites_count": 7474, "utc_offset": null, "time_zone": null, "geo_enabled": true, "verified": true, "statuses_count": 20584, "lang": null, "contributors_enabled": false, "is_translator": false, "is_translation_enabled": false, "profile_background_color": "E1E1E1", "profile_background_image_url": "http://abs.twimg.com/images/themes/theme1/bg.png", "profile_background_image_url_https": "https://abs.twimg.com/images/themes/theme1/bg.png", "profile_background_tile": false, "profile_image_url": "http://pbs.twimg.com/profile_images/878231559417069568/zIRKVe9F_normal.jpg", "profile_image_url_https": "https://pbs.twimg.com/profile_images/878231559417069568/zIRKVe9F_normal.jpg", "profile_banner_url": "https://pbs.twimg.com/profile_banners/1091565476/1513076665", "profile_link_color": "E3000B", "profile_sidebar_border_color": "FFFFFF", "profile_sidebar_fill_color": "DDEEF6", "profile_text_color": "333333", "profile_use_background_image": true, "has_extended_profile": false, "default_profile": false, "default_profile_image": false, "following": false, "follow_request_sent": false, "notifications": false, "translator_type": "none"}, "geo": null, "coordinates": null, "place": null, "contributors": null, "is_quote_status": false, "retweet_count": 2, "favorite_count": 5, "favorited": false, "retweeted": false, "possibly_sensitive": false, "lang": "en"}, "is_quote_status": false, "retweet_count": 2, "favorite_count": 0, "favorited": false, "retweeted": false, "lang": "en"}