{"created_at": "Thu Feb 20 15:20:50 +0000 2020", "id": 1230512643120795648, "id_str": "1230512643120795648", "text": "Mathematischen Modellen zufolge liegt die Sterberate von #Covid19 zwischen 0,3 und 1 Prozent. Das ist mehr als bei\u2026 https://t.co/nWGIiVmlSD", "truncated": true, "entities": {"hashtags": [{"text": "Covid19", "indices": [57, 65]}], "symbols": [], "user_mentions": [], "urls": [{"url": "https://t.co/nWGIiVmlSD", "expanded_url": "https://twitter.com/i/web/status/1230512643120795648", "display_url": "twitter.com/i/web/status/1\u2026", "indices": [116, 139]}]}, "metadata": {"iso_language_code": "de", "result_type": "recent"}, "source": "<a href=\"http://www.sueddeutsche.de/\" rel=\"nofollow\">SZ.de Twitterbot - Main</a>", "in_reply_to_status_id": null, "in_reply_to_status_id_str": null, "in_reply_to_user_id": null, "in_reply_to_user_id_str": null, "in_reply_to_screen_name": null, "user": {"id": 114508061, "id_str": "114508061", "name": "S\u00fcddeutsche Zeitung", "screen_name": "SZ", "location": "M\u00fcnchen, Deutschland", "description": "Der offizielle Twitter-Account der S\u00fcddeutschen Zeitung. Alle Redakteure und Kan\u00e4le: http://t.co/AjR51c6fBJ \u00b7 Impressum: http://t.co/73f0c1DSzV", "url": "https://t.co/pwVdcHEVKW", "entities": {"url": {"urls": [{"url": "https://t.co/pwVdcHEVKW", "expanded_url": "http://www.sz.de", "display_url": "sz.de", "indices": [0, 23]}]}, "description": {"urls": [{"url": "http://t.co/AjR51c6fBJ", "expanded_url": "http://sz.de/twitterdetails", "display_url": "sz.de/twitterdetails", "indices": [85, 107]}, {"url": "http://t.co/73f0c1DSzV", "expanded_url": "http://sz.de/impressum", "display_url": "sz.de/impressum", "indices": [121, 143]}]}}, "protected": false, "followers_count": 1573745, "friends_count": 411, "listed_count": 7010, "created_at": "Mon Feb 15 17:10:14 +0000 2010", "favourites_count": 962, "utc_offset": null, "time_zone": null, "geo_enabled": false, "verified": true, "statuses_count": 153217, "lang": null, "contributors_enabled": false, "is_translator": false, "is_translation_enabled": false, "profile_background_color": "F2F2F2", "profile_background_image_url": "http://abs.twimg.com/images/themes/theme1/bg.png", "profile_background_image_url_https": "https://abs.twimg.com/images/themes/theme1/bg.png", "profile_background_tile": false, "profile_image_url": "http://pbs.twimg.com/profile_images/996782033132191750/vVZs_SD8_normal.jpg", "profile_image_url_https": "https://pbs.twimg.com/profile_images/996782033132191750/vVZs_SD8_normal.jpg", "profile_banner_url": "https://pbs.twimg.com/profile_banners/114508061/1573839948", "profile_link_color": "333333", "profile_sidebar_border_color": "000000", "profile_sidebar_fill_color": "DDEEF6", "profile_text_color": "333333", "profile_use_background_image": false, "has_extended_profile": false, "default_profile": false, "default_profile_image": false, "following": false, "follow_request_sent": false, "notifications": false, "translator_type": "none"}, "geo": null, "coordinates": null, "place": null, "contributors": null, "is_quote_status": false, "retweet_count": 3, "favorite_count": 10, "favorited": false, "retweeted": false, "possibly_sensitive": false, "lang": "de"}