{"created_at": "Tue Feb 18 21:31:35 +0000 2020", "id": 1229881169535229952, "id_str": "1229881169535229952", "text": "RT @Lichtspruch: Angst vor dem #Coronavirus\n#China will in gro\u00dfem Stil \n#Bargeld vernichten  \n\nhttps://t.co/KBmRN3ZAIH", "truncated": false, "entities": {"hashtags": [{"text": "Coronavirus", "indices": [31, 43]}, {"text": "China", "indices": [44, 50]}, {"text": "Bargeld", "indices": [72, 80]}], "symbols": [], "user_mentions": [{"screen_name": "Lichtspruch", "name": "Ekkehard von Weiher", "id": 865122032, "id_str": "865122032", "indices": [3, 15]}], "urls": [{"url": "https://t.co/KBmRN3ZAIH", "expanded_url": "https://www.businessinsider.de/wirtschaft/china-will-in-grossem-stil-bargeld-vernichten-aus-angst-vor-dem-coronavirus/", "display_url": "businessinsider.de/wirtschaft/chi\u2026", "indices": [95, 118]}]}, "metadata": {"iso_language_code": "de", "result_type": "recent"}, "source": "<a href=\"https://mobile.twitter.com\" rel=\"nofollow\">Twitter Web App</a>", "in_reply_to_status_id": null, "in_reply_to_status_id_str": null, "in_reply_to_user_id": null, "in_reply_to_user_id_str": null, "in_reply_to_screen_name": null, "user": {"id": 865122032, "id_str": "865122032", "name": "Ekkehard von Weiher", "screen_name": "Lichtspruch", "location": "M\u00fcnchen", "description": "Democracy \nDies in Darkness - \nLet There be Light ! \n\n#3D #FridaysForFuture \n#ClimateCrisis #Crossview \n#Antifaschismus #3DforFuture", "url": "https://t.co/jKYYldpwXu", "entities": {"url": {"urls": [{"url": "https://t.co/jKYYldpwXu", "expanded_url": "http://linkedin.com/in/weiher", "display_url": "linkedin.com/in/weiher", "indices": [0, 23]}]}, "description": {"urls": []}}, "protected": false, "followers_count": 205, "friends_count": 1886, "listed_count": 0, "created_at": "Sat Oct 06 18:41:20 +0000 2012", "favourites_count": 1935, "utc_offset": null, "time_zone": null, "geo_enabled": false, "verified": false, "statuses_count": 2819, "lang": null, "contributors_enabled": false, "is_translator": false, "is_translation_enabled": false, "profile_background_color": "C0DEED", "profile_background_image_url": "http://abs.twimg.com/images/themes/theme1/bg.png", "profile_background_image_url_https": "https://abs.twimg.com/images/themes/theme1/bg.png", "profile_background_tile": false, "profile_image_url": "http://pbs.twimg.com/profile_images/1198079226605428736/aSY9GyiE_normal.png", "profile_image_url_https": "https://pbs.twimg.com/profile_images/1198079226605428736/aSY9GyiE_normal.png", "profile_banner_url": "https://pbs.twimg.com/profile_banners/865122032/1577599437", "profile_link_color": "1DA1F2", "profile_sidebar_border_color": "C0DEED", "profile_sidebar_fill_color": "DDEEF6", "profile_text_color": "333333", "profile_use_background_image": true, "has_extended_profile": false, "default_profile": true, "default_profile_image": false, "following": false, "follow_request_sent": false, "notifications": false, "translator_type": "none"}, "geo": null, "coordinates": null, "place": null, "contributors": null, "retweeted_status": {"created_at": "Tue Feb 18 07:12:24 +0000 2020", "id": 1229664946918756352, "id_str": "1229664946918756352", "text": "Angst vor dem #Coronavirus\n#China will in gro\u00dfem Stil \n#Bargeld vernichten  \n\nhttps://t.co/KBmRN3ZAIH", "truncated": false, "entities": {"hashtags": [{"text": "Coronavirus", "indices": [14, 26]}, {"text": "China", "indices": [27, 33]}, {"text": "Bargeld", "indices": [55, 63]}], "symbols": [], "user_mentions": [], "urls": [{"url": "https://t.co/KBmRN3ZAIH", "expanded_url": "https://www.businessinsider.de/wirtschaft/china-will-in-grossem-stil-bargeld-vernichten-aus-angst-vor-dem-coronavirus/", "display_url": "businessinsider.de/wirtschaft/chi\u2026", "indices": [78, 101]}]}, "metadata": {"iso_language_code": "de", "result_type": "recent"}, "source": "<a href=\"http://twitter.com\" rel=\"nofollow\">Twitter Web Client</a>", "in_reply_to_status_id": null, "in_reply_to_status_id_str": null, "in_reply_to_user_id": null, "in_reply_to_user_id_str": null, "in_reply_to_screen_name": null, "user": {"id": 865122032, "id_str": "865122032", "name": "Ekkehard von Weiher", "screen_name": "Lichtspruch", "location": "M\u00fcnchen", "description": "Democracy \nDies in Darkness - \nLet There be Light ! \n\n#3D #FridaysForFuture \n#ClimateCrisis #Crossview \n#Antifaschismus #3DforFuture", "url": "https://t.co/jKYYldpwXu", "entities": {"url": {"urls": [{"url": "https://t.co/jKYYldpwXu", "expanded_url": "http://linkedin.com/in/weiher", "display_url": "linkedin.com/in/weiher", "indices": [0, 23]}]}, "description": {"urls": []}}, "protected": false, "followers_count": 205, "friends_count": 1886, "listed_count": 0, "created_at": "Sat Oct 06 18:41:20 +0000 2012", "favourites_count": 1935, "utc_offset": null, "time_zone": null, "geo_enabled": false, "verified": false, "statuses_count": 2819, "lang": null, "contributors_enabled": false, "is_translator": false, "is_translation_enabled": false, "profile_background_color": "C0DEED", "profile_background_image_url": "http://abs.twimg.com/images/themes/theme1/bg.png", "profile_background_image_url_https": "https://abs.twimg.com/images/themes/theme1/bg.png", "profile_background_tile": false, "profile_image_url": "http://pbs.twimg.com/profile_images/1198079226605428736/aSY9GyiE_normal.png", "profile_image_url_https": "https://pbs.twimg.com/profile_images/1198079226605428736/aSY9GyiE_normal.png", "profile_banner_url": "https://pbs.twimg.com/profile_banners/865122032/1577599437", "profile_link_color": "1DA1F2", "profile_sidebar_border_color": "C0DEED", "profile_sidebar_fill_color": "DDEEF6", "profile_text_color": "333333", "profile_use_background_image": true, "has_extended_profile": false, "default_profile": true, "default_profile_image": false, "following": false, "follow_request_sent": false, "notifications": false, "translator_type": "none"}, "geo": null, "coordinates": null, "place": null, "contributors": null, "is_quote_status": false, "retweet_count": 1, "favorite_count": 0, "favorited": false, "retweeted": false, "possibly_sensitive": false, "lang": "de"}, "is_quote_status": false, "retweet_count": 1, "favorite_count": 0, "favorited": false, "retweeted": false, "possibly_sensitive": false, "lang": "de"}