{"created_at": "Fri Feb 21 14:42:39 +0000 2020", "id": 1230865419508080641, "id_str": "1230865419508080641", "text": "Noch sechs Monate bis zur #Gamescom: Das #Coronavirus hat schon jetzt gravierende Auswirkungen auf den Messe- und E\u2026 https://t.co/P3hiA0Y0xK", "truncated": true, "entities": {"hashtags": [{"text": "Gamescom", "indices": [26, 35]}, {"text": "Coronavirus", "indices": [41, 53]}], "symbols": [], "user_mentions": [], "urls": [{"url": "https://t.co/P3hiA0Y0xK", "expanded_url": "https://twitter.com/i/web/status/1230865419508080641", "display_url": "twitter.com/i/web/status/1\u2026", "indices": [117, 140]}]}, "metadata": {"iso_language_code": "de", "result_type": "recent"}, "source": "<a href=\"https://mobile.twitter.com\" rel=\"nofollow\">Twitter Web App</a>", "in_reply_to_status_id": null, "in_reply_to_status_id_str": null, "in_reply_to_user_id": null, "in_reply_to_user_id_str": null, "in_reply_to_screen_name": null, "user": {"id": 4891515585, "id_str": "4891515585", "name": "GamesWirtschaft", "screen_name": "gameswirtschaft", "location": "F\u00fcrth, Deutschland", "description": "Nachrichtenmagazin der Gameswirtschaft im deutschsprachigen Raum / Exclusive insights of German games market / https://t.co/VQeX8qE5ct", "url": "https://t.co/VQeX8qE5ct", "entities": {"url": {"urls": [{"url": "https://t.co/VQeX8qE5ct", "expanded_url": "http://www.gameswirtschaft.de", "display_url": "gameswirtschaft.de", "indices": [0, 23]}]}, "description": {"urls": [{"url": "https://t.co/VQeX8qE5ct", "expanded_url": "http://www.gameswirtschaft.de", "display_url": "gameswirtschaft.de", "indices": [111, 134]}]}}, "protected": false, "followers_count": 5476, "friends_count": 734, "listed_count": 83, "created_at": "Tue Feb 09 11:05:45 +0000 2016", "favourites_count": 396, "utc_offset": null, "time_zone": null, "geo_enabled": false, "verified": false, "statuses_count": 2807, "lang": null, "contributors_enabled": false, "is_translator": false, "is_translation_enabled": false, "profile_background_color": "000000", "profile_background_image_url": "http://abs.twimg.com/images/themes/theme1/bg.png", "profile_background_image_url_https": "https://abs.twimg.com/images/themes/theme1/bg.png", "profile_background_tile": false, "profile_image_url": "http://pbs.twimg.com/profile_images/880062211904991232/oIs_hH0L_normal.jpg", "profile_image_url_https": "https://pbs.twimg.com/profile_images/880062211904991232/oIs_hH0L_normal.jpg", "profile_banner_url": "https://pbs.twimg.com/profile_banners/4891515585/1498658920", "profile_link_color": "E81C4F", "profile_sidebar_border_color": "000000", "profile_sidebar_fill_color": "000000", "profile_text_color": "000000", "profile_use_background_image": false, "has_extended_profile": false, "default_profile": false, "default_profile_image": false, "following": false, "follow_request_sent": false, "notifications": false, "translator_type": "none"}, "geo": null, "coordinates": null, "place": null, "contributors": null, "is_quote_status": false, "retweet_count": 0, "favorite_count": 1, "favorited": false, "retweeted": false, "possibly_sensitive": false, "lang": "de"}