{"created_at": "Fri Feb 21 18:31:40 +0000 2020", "id": 1230923056199208964, "id_str": "1230923056199208964", "text": "RT @WorldPentathlon: \ud83d\udce2 LATEST NEWS \ud83d\udce2\n\nNew venues announced for three UIPM World Championships in the wake of #coronavirus outbreak\n\n2020 #P\u2026", "truncated": false, "entities": {"hashtags": [{"text": "coronavirus", "indices": [109, 121]}], "symbols": [], "user_mentions": [{"screen_name": "WorldPentathlon", "name": "UIPM - World Pentathlon", "id": 109214716, "id_str": "109214716", "indices": [3, 19]}], "urls": []}, "metadata": {"iso_language_code": "en", "result_type": "recent"}, "source": "<a href=\"http://twitter.com/download/android\" rel=\"nofollow\">Twitter for Android</a>", "in_reply_to_status_id": null, "in_reply_to_status_id_str": null, "in_reply_to_user_id": null, "in_reply_to_user_id_str": null, "in_reply_to_screen_name": null, "user": {"id": 1286847145, "id_str": "1286847145", "name": "Moderner F\u00fcnfkampf", "screen_name": "PentathlonGER", "location": "Darmstadt", "description": "Vielseitigkeit ist Trumpf! Hier twittert der Deutsche Verband f\u00fcr Modernen F\u00fcnfkampf (Medienwart: @buergersjung); Impressum: https://t.co/vytGT5U19r;", "url": "https://t.co/0vL9IV9WIz", "entities": {"url": {"urls": [{"url": "https://t.co/0vL9IV9WIz", "expanded_url": "https://www.dvmf.de", "display_url": "dvmf.de", "indices": [0, 23]}]}, "description": {"urls": [{"url": "https://t.co/vytGT5U19r", "expanded_url": "http://bit.ly/1BCSDxu", "display_url": "bit.ly/1BCSDxu", "indices": [125, 148]}]}}, "protected": false, "followers_count": 612, "friends_count": 548, "listed_count": 24, "created_at": "Thu Mar 21 20:04:54 +0000 2013", "favourites_count": 554, "utc_offset": null, "time_zone": null, "geo_enabled": false, "verified": false, "statuses_count": 1054, "lang": null, "contributors_enabled": false, "is_translator": false, "is_translation_enabled": false, "profile_background_color": "4D78AF", "profile_background_image_url": "http://abs.twimg.com/images/themes/theme1/bg.png", "profile_background_image_url_https": "https://abs.twimg.com/images/themes/theme1/bg.png", "profile_background_tile": false, "profile_image_url": "http://pbs.twimg.com/profile_images/3410626558/144ba72d59b79af5f502da7200a41ed5_normal.jpeg", "profile_image_url_https": "https://pbs.twimg.com/profile_images/3410626558/144ba72d59b79af5f502da7200a41ed5_normal.jpeg", "profile_banner_url": "https://pbs.twimg.com/profile_banners/1286847145/1565115991", "profile_link_color": "4D78AF", "profile_sidebar_border_color": "000000", "profile_sidebar_fill_color": "000000", "profile_text_color": "000000", "profile_use_background_image": false, "has_extended_profile": false, "default_profile": false, "default_profile_image": false, "following": false, "follow_request_sent": false, "notifications": false, "translator_type": "none"}, "geo": null, "coordinates": null, "place": null, "contributors": null, "retweeted_status": {"created_at": "Fri Feb 21 18:13:06 +0000 2020", "id": 1230918384444899328, "id_str": "1230918384444899328", "text": "\ud83d\udce2 LATEST NEWS \ud83d\udce2\n\nNew venues announced for three UIPM World Championships in the wake of #coronavirus outbreak\n\n2020\u2026 https://t.co/hgq8qDExp4", "truncated": true, "entities": {"hashtags": [{"text": "coronavirus", "indices": [88, 100]}], "symbols": [], "user_mentions": [], "urls": [{"url": "https://t.co/hgq8qDExp4", "expanded_url": "https://twitter.com/i/web/status/1230918384444899328", "display_url": "twitter.com/i/web/status/1\u2026", "indices": [117, 140]}]}, "metadata": {"iso_language_code": "en", "result_type": "recent"}, "source": "<a href=\"https://mobile.twitter.com\" rel=\"nofollow\">Twitter Web App</a>", "in_reply_to_status_id": null, "in_reply_to_status_id_str": null, "in_reply_to_user_id": null, "in_reply_to_user_id_str": null, "in_reply_to_screen_name": null, "user": {"id": 109214716, "id_str": "109214716", "name": "UIPM - World Pentathlon", "screen_name": "WorldPentathlon", "location": "Monaco", "description": "Global governing body for Modern Pentathlon.", "url": "https://t.co/iRbRaXz7dv", "entities": {"url": {"urls": [{"url": "https://t.co/iRbRaXz7dv", "expanded_url": "http://UIPMworld.org", "display_url": "UIPMworld.org", "indices": [0, 23]}]}, "description": {"urls": []}}, "protected": false, "followers_count": 4537, "friends_count": 840, "listed_count": 158, "created_at": "Thu Jan 28 09:46:22 +0000 2010", "favourites_count": 2599, "utc_offset": null, "time_zone": null, "geo_enabled": true, "verified": false, "statuses_count": 7759, "lang": null, "contributors_enabled": false, "is_translator": false, "is_translation_enabled": false, "profile_background_color": "3B94D9", "profile_background_image_url": "http://abs.twimg.com/images/themes/theme1/bg.png", "profile_background_image_url_https": "https://abs.twimg.com/images/themes/theme1/bg.png", "profile_background_tile": false, "profile_image_url": "http://pbs.twimg.com/profile_images/976790808266444802/Vghg8wbY_normal.jpg", "profile_image_url_https": "https://pbs.twimg.com/profile_images/976790808266444802/Vghg8wbY_normal.jpg", "profile_banner_url": "https://pbs.twimg.com/profile_banners/109214716/1582015681", "profile_link_color": "3B94D9", "profile_sidebar_border_color": "FFFFFF", "profile_sidebar_fill_color": "EEF218", "profile_text_color": "333333", "profile_use_background_image": false, "has_extended_profile": false, "default_profile": false, "default_profile_image": false, "following": false, "follow_request_sent": false, "notifications": false, "translator_type": "none"}, "geo": null, "coordinates": null, "place": null, "contributors": null, "is_quote_status": false, "retweet_count": 11, "favorite_count": 24, "favorited": false, "retweeted": false, "possibly_sensitive": false, "lang": "en"}, "is_quote_status": false, "retweet_count": 11, "favorite_count": 0, "favorited": false, "retweeted": false, "lang": "en"}