{"created_at": "Tue Feb 18 06:34:52 +0000 2020", "id": 1229655503673884673, "id_str": "1229655503673884673", "text": "Der #Coronavirus alias Covid19 ist die erste Social-Media-getriebene #Infodemie.  https://t.co/cCqTcHVzvx", "truncated": false, "entities": {"hashtags": [{"text": "Coronavirus", "indices": [4, 16]}, {"text": "Infodemie", "indices": [69, 79]}], "symbols": [], "user_mentions": [], "urls": [{"url": "https://t.co/cCqTcHVzvx", "expanded_url": "https://www.handelsblatt.com/technik/digitale-revolution/digitaldictionary-infodemie-stille-post-auf-speed-/25547654.html", "display_url": "handelsblatt.com/technik/digita\u2026", "indices": [82, 105]}]}, "metadata": {"iso_language_code": "de", "result_type": "recent"}, "source": "<a href=\"http://twitter.com/#!/download/ipad\" rel=\"nofollow\">Twitter for iPad</a>", "in_reply_to_status_id": null, "in_reply_to_status_id_str": null, "in_reply_to_user_id": null, "in_reply_to_user_id_str": null, "in_reply_to_screen_name": null, "user": {"id": 1084431, "id_str": "1084431", "name": "Klaus Eck", "screen_name": "klauseck", "location": "Munich, Bavaria", "description": "CEO der Content-Marketing-Agentur @dtales \n\n#contentstrategie \n#contentmarketing \n#corporateinfluencer\n\nhttps://t.co/pt1sfiux8h \nhttps://t.co/E0h60yIISV\nhttps://t.co/ktcSn9OjZ1", "url": "https://t.co/NvMfqdMeYe", "entities": {"url": {"urls": [{"url": "https://t.co/NvMfqdMeYe", "expanded_url": "https://d.tales.de/impressum/", "display_url": "d.tales.de/impressum/", "indices": [0, 23]}]}, "description": {"urls": [{"url": "https://t.co/pt1sfiux8h", "expanded_url": "http://pr-blogger.de", "display_url": "pr-blogger.de", "indices": [104, 127]}, {"url": "https://t.co/E0h60yIISV", "expanded_url": "http://d.tales.de", "display_url": "d.tales.de", "indices": [129, 152]}, {"url": "https://t.co/ktcSn9OjZ1", "expanded_url": "http://linkedin.com/in/klauseck/", "display_url": "linkedin.com/in/klauseck/", "indices": [153, 176]}]}}, "protected": false, "followers_count": 45079, "friends_count": 6175, "listed_count": 3618, "created_at": "Tue Mar 13 12:45:32 +0000 2007", "favourites_count": 42760, "utc_offset": null, "time_zone": null, "geo_enabled": true, "verified": true, "statuses_count": 37991, "lang": null, "contributors_enabled": false, "is_translator": false, "is_translation_enabled": false, "profile_background_color": "ACACAC", "profile_background_image_url": "http://abs.twimg.com/images/themes/theme1/bg.png", "profile_background_image_url_https": "https://abs.twimg.com/images/themes/theme1/bg.png", "profile_background_tile": false, "profile_image_url": "http://pbs.twimg.com/profile_images/1222463630144393216/HgCL-Dlc_normal.jpg", "profile_image_url_https": "https://pbs.twimg.com/profile_images/1222463630144393216/HgCL-Dlc_normal.jpg", "profile_banner_url": "https://pbs.twimg.com/profile_banners/1084431/1470926525", "profile_link_color": "F23722", "profile_sidebar_border_color": "FFFFFF", "profile_sidebar_fill_color": "FDE36A", "profile_text_color": "535353", "profile_use_background_image": true, "has_extended_profile": true, "default_profile": false, "default_profile_image": false, "following": false, "follow_request_sent": false, "notifications": false, "translator_type": "regular"}, "geo": null, "coordinates": null, "place": null, "contributors": null, "is_quote_status": false, "retweet_count": 0, "favorite_count": 4, "favorited": false, "retweeted": false, "possibly_sensitive": false, "lang": "de"}