{"created_at": "Wed Feb 19 06:30:40 +0000 2020", "id": 1230016834570801152, "id_str": "1230016834570801152", "text": "Drachenprinzessin auf Kaisersuche - Thron beim Dietfurter #Chinesenfasching bleibt morgen leer - Absagen wegen\u2026 https://t.co/LF7i6zB2jr", "truncated": true, "entities": {"hashtags": [{"text": "Chinesenfasching", "indices": [58, 75]}], "symbols": [], "user_mentions": [], "urls": [{"url": "https://t.co/LF7i6zB2jr", "expanded_url": "https://twitter.com/i/web/status/1230016834570801152", "display_url": "twitter.com/i/web/status/1\u2026", "indices": [112, 135]}]}, "metadata": {"iso_language_code": "de", "result_type": "recent"}, "source": "<a href=\"http://twitter.com\" rel=\"nofollow\">Twitter Web Client</a>", "in_reply_to_status_id": null, "in_reply_to_status_id_str": null, "in_reply_to_user_id": null, "in_reply_to_user_id_str": null, "in_reply_to_screen_name": null, "user": {"id": 19281938, "id_str": "19281938", "name": "donaukurier.de", "screen_name": "donaukurier", "location": "Ingolstadt", "description": "Unabh\u00e4ngige Zeitung f\u00fcr  Politik - Wirtschaft - Kultur - Sport - Lokales;\r\nImpressum: http://t.co/Dxs8DuOtHe", "url": "http://t.co/2HZLE5aR6Q", "entities": {"url": {"urls": [{"url": "http://t.co/2HZLE5aR6Q", "expanded_url": "http://www.donaukurier.de", "display_url": "donaukurier.de", "indices": [0, 22]}]}, "description": {"urls": [{"url": "http://t.co/Dxs8DuOtHe", "expanded_url": "http://www.donaukurier.de/kontakt/impressum/art75634,1688716", "display_url": "donaukurier.de/kontakt/impres\u2026", "indices": [86, 108]}]}}, "protected": false, "followers_count": 5145, "friends_count": 715, "listed_count": 205, "created_at": "Wed Jan 21 09:29:44 +0000 2009", "favourites_count": 60, "utc_offset": null, "time_zone": null, "geo_enabled": true, "verified": false, "statuses_count": 43939, "lang": null, "contributors_enabled": false, "is_translator": false, "is_translation_enabled": false, "profile_background_color": "F0F4F4", "profile_background_image_url": "http://abs.twimg.com/images/themes/theme1/bg.png", "profile_background_image_url_https": "https://abs.twimg.com/images/themes/theme1/bg.png", "profile_background_tile": false, "profile_image_url": "http://pbs.twimg.com/profile_images/453883735738310657/v_R7tMWg_normal.jpeg", "profile_image_url_https": "https://pbs.twimg.com/profile_images/453883735738310657/v_R7tMWg_normal.jpeg", "profile_banner_url": "https://pbs.twimg.com/profile_banners/19281938/1348835584", "profile_link_color": "3B94D9", "profile_sidebar_border_color": "FFFFFF", "profile_sidebar_fill_color": "F2FFCC", "profile_text_color": "0B0909", "profile_use_background_image": true, "has_extended_profile": false, "default_profile": false, "default_profile_image": false, "following": false, "follow_request_sent": false, "notifications": false, "translator_type": "none"}, "geo": null, "coordinates": null, "place": null, "contributors": null, "is_quote_status": false, "retweet_count": 0, "favorite_count": 0, "favorited": false, "retweeted": false, "possibly_sensitive": false, "lang": "de"}