{"created_at": "Wed Feb 19 17:29:59 +0000 2020", "id": 1230182754459017225, "id_str": "1230182754459017225", "text": "If you want to prevent epidemics that begin in animals, halt the global trade in wildlife #Coronavirus https://t.co/wLMRxcaxGH", "truncated": false, "entities": {"hashtags": [{"text": "Coronavirus", "indices": [90, 102]}], "symbols": [], "user_mentions": [], "urls": [{"url": "https://t.co/wLMRxcaxGH", "expanded_url": "https://nyti.ms/38KCTBC", "display_url": "nyti.ms/38KCTBC", "indices": [103, 126]}]}, "metadata": {"iso_language_code": "en", "result_type": "recent"}, "source": "<a href=\"http://twitter.com\" rel=\"nofollow\">Twitter Web Client</a>", "in_reply_to_status_id": null, "in_reply_to_status_id_str": null, "in_reply_to_user_id": null, "in_reply_to_user_id_str": null, "in_reply_to_screen_name": null, "user": {"id": 85651556, "id_str": "85651556", "name": "Pro Wildlife", "screen_name": "prowildlife", "location": "M\u00fcnchen", "description": "We protect wildlife\nWir sch\u00fctzen Wildtiere", "url": "http://t.co/zHHm48uNhl", "entities": {"url": {"urls": [{"url": "http://t.co/zHHm48uNhl", "expanded_url": "http://www.prowildlife.de", "display_url": "prowildlife.de", "indices": [0, 22]}]}, "description": {"urls": []}}, "protected": false, "followers_count": 1269, "friends_count": 949, "listed_count": 41, "created_at": "Tue Oct 27 20:15:48 +0000 2009", "favourites_count": 2908, "utc_offset": null, "time_zone": null, "geo_enabled": true, "verified": false, "statuses_count": 5656, "lang": null, "contributors_enabled": false, "is_translator": false, "is_translation_enabled": false, "profile_background_color": "E9DAAA", "profile_background_image_url": "http://abs.twimg.com/images/themes/theme1/bg.png", "profile_background_image_url_https": "https://abs.twimg.com/images/themes/theme1/bg.png", "profile_background_tile": false, "profile_image_url": "http://pbs.twimg.com/profile_images/762573706099093504/lJ8pEkR5_normal.jpg", "profile_image_url_https": "https://pbs.twimg.com/profile_images/762573706099093504/lJ8pEkR5_normal.jpg", "profile_banner_url": "https://pbs.twimg.com/profile_banners/85651556/1561370223", "profile_link_color": "4A913C", "profile_sidebar_border_color": "FFFFFF", "profile_sidebar_fill_color": "DDEEF6", "profile_text_color": "333333", "profile_use_background_image": false, "has_extended_profile": false, "default_profile": false, "default_profile_image": false, "following": false, "follow_request_sent": false, "notifications": false, "translator_type": "none"}, "geo": null, "coordinates": null, "place": null, "contributors": null, "is_quote_status": false, "retweet_count": 2, "favorite_count": 4, "favorited": false, "retweeted": false, "possibly_sensitive": false, "lang": "en"}