{"created_at": "Thu Feb 20 10:10:47 +0000 2020", "id": 1230434617121005568, "id_str": "1230434617121005568", "text": "Es tut schon richtig weh: Der Tourismus in Europa leidet unter dem Ausbleiben der G\u00e4ste aus #China, vor allem Orte\u2026 https://t.co/iPGxDuXpcT", "truncated": true, "entities": {"hashtags": [{"text": "China", "indices": [92, 98]}], "symbols": [], "user_mentions": [], "urls": [{"url": "https://t.co/iPGxDuXpcT", "expanded_url": "https://twitter.com/i/web/status/1230434617121005568", "display_url": "twitter.com/i/web/status/1\u2026", "indices": [116, 139]}]}, "metadata": {"iso_language_code": "de", "result_type": "recent"}, "source": "<a href=\"http://www.sueddeutsche.de/reise\" rel=\"nofollow\">SZ.de Twitterbot - Reise</a>", "in_reply_to_status_id": null, "in_reply_to_status_id_str": null, "in_reply_to_user_id": null, "in_reply_to_user_id_str": null, "in_reply_to_screen_name": null, "user": {"id": 19768097, "id_str": "19768097", "name": "SZ Reise", "screen_name": "SZ_Reise", "location": "M\u00fcnchen", "description": "Impressum: http://t.co/GibiXDV36G", "url": "http://t.co/ZV9odcnySn", "entities": {"url": {"urls": [{"url": "http://t.co/ZV9odcnySn", "expanded_url": "http://www.sueddeutsche.de/reise/", "display_url": "sueddeutsche.de/reise/", "indices": [0, 22]}]}, "description": {"urls": [{"url": "http://t.co/GibiXDV36G", "expanded_url": "http://sz.de/impressum", "display_url": "sz.de/impressum", "indices": [11, 33]}]}}, "protected": false, "followers_count": 13349, "friends_count": 15, "listed_count": 390, "created_at": "Fri Jan 30 14:02:12 +0000 2009", "favourites_count": 0, "utc_offset": null, "time_zone": null, "geo_enabled": false, "verified": false, "statuses_count": 6444, "lang": null, "contributors_enabled": false, "is_translator": false, "is_translation_enabled": false, "profile_background_color": "F2F2F2", "profile_background_image_url": "http://abs.twimg.com/images/themes/theme1/bg.png", "profile_background_image_url_https": "https://abs.twimg.com/images/themes/theme1/bg.png", "profile_background_tile": false, "profile_image_url": "http://pbs.twimg.com/profile_images/654958851138179072/cda5tebD_normal.png", "profile_image_url_https": "https://pbs.twimg.com/profile_images/654958851138179072/cda5tebD_normal.png", "profile_link_color": "009999", "profile_sidebar_border_color": "FFFFFF", "profile_sidebar_fill_color": "F2F2F2", "profile_text_color": "333333", "profile_use_background_image": false, "has_extended_profile": false, "default_profile": false, "default_profile_image": false, "following": false, "follow_request_sent": false, "notifications": false, "translator_type": "none"}, "geo": null, "coordinates": null, "place": null, "contributors": null, "is_quote_status": false, "retweet_count": 0, "favorite_count": 0, "favorited": false, "retweeted": false, "possibly_sensitive": false, "lang": "de"}