{"created_at": "Wed Feb 19 17:00:02 +0000 2020", "id": 1230175218263609344, "id_str": "1230175218263609344", "text": "Economic forecasts for 2020 rely on an \u201cincreasingly toxic cocktail\u201d of promises which could be derailed by\u2026 https://t.co/LChPwfefaE", "truncated": true, "entities": {"hashtags": [], "symbols": [], "user_mentions": [], "urls": [{"url": "https://t.co/LChPwfefaE", "expanded_url": "https://twitter.com/i/web/status/1230175218263609344", "display_url": "twitter.com/i/web/status/1\u2026", "indices": [109, 132]}]}, "metadata": {"iso_language_code": "en", "result_type": "recent"}, "source": "<a href=\"http://www.linkedin.com/\" rel=\"nofollow\">LinkedIn</a>", "in_reply_to_status_id": null, "in_reply_to_status_id_str": null, "in_reply_to_user_id": null, "in_reply_to_user_id_str": null, "in_reply_to_screen_name": null, "user": {"id": 1035456997896990720, "id_str": "1035456997896990720", "name": "W. Wei\u00df", "screen_name": "TP_WWeiss", "location": "Baden-W\u00fcrttemberg, Germany", "description": "Customer Success Manager at TRANSPOREON Group #Transportation #Logistics #SaaS #shipping #supplychain", "url": "https://t.co/ag6DEPdemh", "entities": {"url": {"urls": [{"url": "https://t.co/ag6DEPdemh", "expanded_url": "https://www.transporeon.com/en/", "display_url": "transporeon.com/en/", "indices": [0, 23]}]}, "description": {"urls": []}}, "protected": false, "followers_count": 309, "friends_count": 605, "listed_count": 0, "created_at": "Fri Aug 31 09:19:20 +0000 2018", "favourites_count": 325, "utc_offset": null, "time_zone": null, "geo_enabled": false, "verified": false, "statuses_count": 1354, "lang": null, "contributors_enabled": false, "is_translator": false, "is_translation_enabled": false, "profile_background_color": "000000", "profile_background_image_url": "http://abs.twimg.com/images/themes/theme1/bg.png", "profile_background_image_url_https": "https://abs.twimg.com/images/themes/theme1/bg.png", "profile_background_tile": false, "profile_image_url": "http://pbs.twimg.com/profile_images/1035475143743680512/Nk94E2Sc_normal.jpg", "profile_image_url_https": "https://pbs.twimg.com/profile_images/1035475143743680512/Nk94E2Sc_normal.jpg", "profile_banner_url": "https://pbs.twimg.com/profile_banners/1035456997896990720/1560416370", "profile_link_color": "FAB81E", "profile_sidebar_border_color": "000000", "profile_sidebar_fill_color": "000000", "profile_text_color": "000000", "profile_use_background_image": false, "has_extended_profile": true, "default_profile": false, "default_profile_image": false, "following": false, "follow_request_sent": false, "notifications": false, "translator_type": "none"}, "geo": null, "coordinates": null, "place": null, "contributors": null, "is_quote_status": false, "retweet_count": 0, "favorite_count": 0, "favorited": false, "retweeted": false, "possibly_sensitive": false, "lang": "en"}