{"created_at": "Fri Feb 21 19:03:19 +0000 2020", "id": 1230931019202809856, "id_str": "1230931019202809856", "text": "L\u2019unica cosa positiva di \u2018sto virus \u00e8 che - almeno fin quando ci saranno solo casi al nord - a chi vi dice \u201ccoleros\u2026 https://t.co/AAZT5GjHwk", "truncated": true, "entities": {"hashtags": [], "symbols": [], "user_mentions": [], "urls": [{"url": "https://t.co/AAZT5GjHwk", "expanded_url": "https://twitter.com/i/web/status/1230931019202809856", "display_url": "twitter.com/i/web/status/1\u2026", "indices": [117, 140]}]}, "metadata": {"iso_language_code": "it", "result_type": "recent"}, "source": "<a href=\"http://twitter.com/download/iphone\" rel=\"nofollow\">Twitter for iPhone</a>", "in_reply_to_status_id": null, "in_reply_to_status_id_str": null, "in_reply_to_user_id": null, "in_reply_to_user_id_str": null, "in_reply_to_screen_name": null, "user": {"id": 419540048, "id_str": "419540048", "name": "Aniello Falco", "screen_name": "biBAni88", "location": "Munich, Bavaria", "description": "", "url": null, "entities": {"description": {"urls": []}}, "protected": false, "followers_count": 28, "friends_count": 73, "listed_count": 0, "created_at": "Wed Nov 23 13:39:10 +0000 2011", "favourites_count": 80, "utc_offset": null, "time_zone": null, "geo_enabled": false, "verified": false, "statuses_count": 40, "lang": null, "contributors_enabled": false, "is_translator": false, "is_translation_enabled": false, "profile_background_color": "0099B9", "profile_background_image_url": "http://abs.twimg.com/images/themes/theme4/bg.gif", "profile_background_image_url_https": "https://abs.twimg.com/images/themes/theme4/bg.gif", "profile_background_tile": false, "profile_image_url": "http://pbs.twimg.com/profile_images/1653733102/2011-09-06_normal.jpg", "profile_image_url_https": "https://pbs.twimg.com/profile_images/1653733102/2011-09-06_normal.jpg", "profile_link_color": "0099B9", "profile_sidebar_border_color": "5ED4DC", "profile_sidebar_fill_color": "95E8EC", "profile_text_color": "3C3940", "profile_use_background_image": true, "has_extended_profile": false, "default_profile": false, "default_profile_image": false, "following": false, "follow_request_sent": false, "notifications": false, "translator_type": "none"}, "geo": null, "coordinates": null, "place": null, "contributors": null, "is_quote_status": false, "retweet_count": 0, "favorite_count": 0, "favorited": false, "retweeted": false, "lang": "it"}