{"created_at": "Thu Feb 20 21:45:29 +0000 2020", "id": 1230609441793466379, "id_str": "1230609441793466379", "text": "RT @LuckyLu32431232: #Coronavirus : \u00ab 60 % de la population mondiale pourrait \u00eatre infect\u00e9 s\u2019il n\u2019est pas contr\u00f4l\u00e9 \u00bb \u2013 Pr Gabriel Leung htt\u2026", "truncated": false, "entities": {"hashtags": [{"text": "Coronavirus", "indices": [21, 33]}], "symbols": [], "user_mentions": [{"screen_name": "LuckyLu32431232", "name": "Lucky Luc", "id": 995604886409695233, "id_str": "995604886409695233", "indices": [3, 19]}], "urls": []}, "metadata": {"iso_language_code": "fr", "result_type": "recent"}, "source": "<a href=\"https://mobile.twitter.com\" rel=\"nofollow\">Twitter Web App</a>", "in_reply_to_status_id": null, "in_reply_to_status_id_str": null, "in_reply_to_user_id": null, "in_reply_to_user_id_str": null, "in_reply_to_screen_name": null, "user": {"id": 104505164, "id_str": "104505164", "name": "Texarizona", "screen_name": "texarizona", "location": "", "description": "D\u00e9fense de la civilisation chr\u00e9tienne, qui est notre tr\u00e9sor commun !\n\"L' Etat Fran\u00e7ais est la\u00efc, mais la France est chr\u00e9tienne\" (G\u00e9n\u00e9ral De Gaulle)", "url": null, "entities": {"description": {"urls": []}}, "protected": false, "followers_count": 503, "friends_count": 1885, "listed_count": 1, "created_at": "Wed Jan 13 14:49:02 +0000 2010", "favourites_count": 6301, "utc_offset": null, "time_zone": null, "geo_enabled": false, "verified": false, "statuses_count": 6599, "lang": null, "contributors_enabled": false, "is_translator": false, "is_translation_enabled": false, "profile_background_color": "BADFCD", "profile_background_image_url": "http://abs.twimg.com/images/themes/theme12/bg.gif", "profile_background_image_url_https": "https://abs.twimg.com/images/themes/theme12/bg.gif", "profile_background_tile": false, "profile_image_url": "http://pbs.twimg.com/profile_images/1226805489817849856/TpfchJ_O_normal.jpg", "profile_image_url_https": "https://pbs.twimg.com/profile_images/1226805489817849856/TpfchJ_O_normal.jpg", "profile_banner_url": "https://pbs.twimg.com/profile_banners/104505164/1581331547", "profile_link_color": "FF0000", "profile_sidebar_border_color": "F2E195", "profile_sidebar_fill_color": "FFF7CC", "profile_text_color": "0C3E53", "profile_use_background_image": true, "has_extended_profile": false, "default_profile": false, "default_profile_image": false, "following": false, "follow_request_sent": false, "notifications": false, "translator_type": "none"}, "geo": null, "coordinates": null, "place": null, "contributors": null, "retweeted_status": {"created_at": "Tue Feb 18 08:01:33 +0000 2020", "id": 1229677318148427776, "id_str": "1229677318148427776", "text": "#Coronavirus : \u00ab 60 % de la population mondiale pourrait \u00eatre infect\u00e9 s\u2019il n\u2019est pas contr\u00f4l\u00e9 \u00bb \u2013 Pr Gabriel Leung https://t.co/zMds2wUPZj", "truncated": false, "entities": {"hashtags": [{"text": "Coronavirus", "indices": [0, 12]}], "symbols": [], "user_mentions": [], "urls": [{"url": "https://t.co/zMds2wUPZj", "expanded_url": "https://aphadolie.com/2020/02/18/coronavirus-60-pourcent-de-la-population-mondiale-pourrait-etre-infecte-sil-nest-pas-controle-pr-gabriel-leung-videos/", "display_url": "aphadolie.com/2020/02/18/cor\u2026", "indices": [115, 138]}]}, "metadata": {"iso_language_code": "fr", "result_type": "recent"}, "source": "<a href=\"http://twitter.com/download/iphone\" rel=\"nofollow\">Twitter for iPhone</a>", "in_reply_to_status_id": null, "in_reply_to_status_id_str": null, "in_reply_to_user_id": null, "in_reply_to_user_id_str": null, "in_reply_to_screen_name": null, "user": {"id": 995604886409695233, "id_str": "995604886409695233", "name": "Lucky Luc", "screen_name": "LuckyLu32431232", "location": "Monaco", "description": "Revue de presse \u00e9clectique au quotidien. Lib\u00e9ral et contre un Etat qui nous \u00e9touffe et d\u00e9cide de tout au d\u00e9triment de nos libert\u00e9s! RT n\u2019est pas approuver.", "url": null, "entities": {"description": {"urls": []}}, "protected": false, "followers_count": 1905, "friends_count": 1342, "listed_count": 7, "created_at": "Sun May 13 10:01:17 +0000 2018", "favourites_count": 31127, "utc_offset": null, "time_zone": null, "geo_enabled": false, "verified": false, "statuses_count": 11057, "lang": null, "contributors_enabled": false, "is_translator": false, "is_translation_enabled": false, "profile_background_color": "F5F8FA", "profile_background_image_url": null, "profile_background_image_url_https": null, "profile_background_tile": false, "profile_image_url": "http://pbs.twimg.com/profile_images/996011970976501760/IpPrSXO7_normal.jpg", "profile_image_url_https": "https://pbs.twimg.com/profile_images/996011970976501760/IpPrSXO7_normal.jpg", "profile_banner_url": "https://pbs.twimg.com/profile_banners/995604886409695233/1545066597", "profile_link_color": "1DA1F2", "profile_sidebar_border_color": "C0DEED", "profile_sidebar_fill_color": "DDEEF6", "profile_text_color": "333333", "profile_use_background_image": true, "has_extended_profile": false, "default_profile": true, "default_profile_image": false, "following": false, "follow_request_sent": false, "notifications": false, "translator_type": "none"}, "geo": null, "coordinates": null, "place": null, "contributors": null, "is_quote_status": false, "retweet_count": 19, "favorite_count": 12, "favorited": false, "retweeted": false, "possibly_sensitive": false, "lang": "fr"}, "is_quote_status": false, "retweet_count": 19, "favorite_count": 0, "favorited": false, "retweeted": false, "lang": "fr"}