{"created_at": "Fri Feb 21 13:13:23 +0000 2020", "id": 1230842956636094465, "id_str": "1230842956636094465", "text": "Participate in the survey of the China International Investment Promotion Agency about the Impact of the\u2026 https://t.co/vsk8k73lsW", "truncated": true, "entities": {"hashtags": [], "symbols": [], "user_mentions": [], "urls": [{"url": "https://t.co/vsk8k73lsW", "expanded_url": "https://twitter.com/i/web/status/1230842956636094465", "display_url": "twitter.com/i/web/status/1\u2026", "indices": [106, 129]}]}, "metadata": {"iso_language_code": "en", "result_type": "recent"}, "source": "<a href=\"https://mobile.twitter.com\" rel=\"nofollow\">Twitter Web App</a>", "in_reply_to_status_id": null, "in_reply_to_status_id_str": null, "in_reply_to_user_id": null, "in_reply_to_user_id_str": null, "in_reply_to_screen_name": null, "user": {"id": 191361917, "id_str": "191361917", "name": "Global Business Magazine", "screen_name": "2020GBM", "location": "Stuttgart, Deutschland", "description": "The Global Business Magazine is the official guide of HANNOVER MESSE Global Business & Markets.", "url": "https://t.co/RaX2vfmbIc", "entities": {"url": {"urls": [{"url": "https://t.co/RaX2vfmbIc", "expanded_url": "https://globalbusiness-magazine.de/", "display_url": "globalbusiness-magazine.de", "indices": [0, 23]}]}, "description": {"urls": []}}, "protected": false, "followers_count": 41, "friends_count": 126, "listed_count": 2, "created_at": "Thu Sep 16 07:51:42 +0000 2010", "favourites_count": 87, "utc_offset": null, "time_zone": null, "geo_enabled": true, "verified": false, "statuses_count": 144, "lang": null, "contributors_enabled": false, "is_translator": false, "is_translation_enabled": false, "profile_background_color": "000000", "profile_background_image_url": "http://abs.twimg.com/images/themes/theme1/bg.png", "profile_background_image_url_https": "https://abs.twimg.com/images/themes/theme1/bg.png", "profile_background_tile": false, "profile_image_url": "http://pbs.twimg.com/profile_images/1085499944667136000/8muhB5Ki_normal.jpg", "profile_image_url_https": "https://pbs.twimg.com/profile_images/1085499944667136000/8muhB5Ki_normal.jpg", "profile_banner_url": "https://pbs.twimg.com/profile_banners/191361917/1547636700", "profile_link_color": "FF3333", "profile_sidebar_border_color": "000000", "profile_sidebar_fill_color": "000000", "profile_text_color": "000000", "profile_use_background_image": false, "has_extended_profile": false, "default_profile": false, "default_profile_image": false, "following": false, "follow_request_sent": false, "notifications": false, "translator_type": "none"}, "geo": null, "coordinates": null, "place": null, "contributors": null, "is_quote_status": false, "retweet_count": 0, "favorite_count": 0, "favorited": false, "retweeted": false, "possibly_sensitive": false, "lang": "en"}