{"created_at": "Thu Feb 20 08:11:22 +0000 2020", "id": 1230404564509175813, "id_str": "1230404564509175813", "text": "Bogus emails \u2018from\u2019 the @CDCgov have been spotted by @Kaspersky. Researchers say its cybercriminals\u2019 latest phishin\u2026 https://t.co/jqHkgbi55R", "truncated": true, "entities": {"hashtags": [], "symbols": [], "user_mentions": [{"screen_name": "CDCgov", "name": "CDC", "id": 146569971, "id_str": "146569971", "indices": [24, 31]}, {"screen_name": "kaspersky", "name": "Kaspersky", "id": 13904152, "id_str": "13904152", "indices": [53, 63]}], "urls": [{"url": "https://t.co/jqHkgbi55R", "expanded_url": "https://twitter.com/i/web/status/1230404564509175813", "display_url": "twitter.com/i/web/status/1\u2026", "indices": [117, 140]}]}, "metadata": {"iso_language_code": "en", "result_type": "recent"}, "source": "<a href=\"http://www.everyonesocial.com\" rel=\"nofollow\">EveryoneSocial</a>", "in_reply_to_status_id": null, "in_reply_to_status_id_str": null, "in_reply_to_user_id": null, "in_reply_to_user_id_str": null, "in_reply_to_screen_name": null, "user": {"id": 937722899024302080, "id_str": "937722899024302080", "name": "Melanie Ekert", "screen_name": "Melanie_Ekert", "location": "Stuttgart, Germany", "description": "Senior Corporate Marketing Manager,\nKaspersky DACH", "url": null, "entities": {"description": {"urls": []}}, "protected": false, "followers_count": 26, "friends_count": 50, "listed_count": 0, "created_at": "Mon Dec 04 16:38:56 +0000 2017", "favourites_count": 1, "utc_offset": null, "time_zone": null, "geo_enabled": false, "verified": false, "statuses_count": 2000, "lang": null, "contributors_enabled": false, "is_translator": false, "is_translation_enabled": false, "profile_background_color": "F5F8FA", "profile_background_image_url": null, "profile_background_image_url_https": null, "profile_background_tile": false, "profile_image_url": "http://pbs.twimg.com/profile_images/937725380374552577/YQn5t5i9_normal.jpg", "profile_image_url_https": "https://pbs.twimg.com/profile_images/937725380374552577/YQn5t5i9_normal.jpg", "profile_link_color": "1DA1F2", "profile_sidebar_border_color": "C0DEED", "profile_sidebar_fill_color": "DDEEF6", "profile_text_color": "333333", "profile_use_background_image": true, "has_extended_profile": false, "default_profile": true, "default_profile_image": false, "following": false, "follow_request_sent": false, "notifications": false, "translator_type": "none"}, "geo": null, "coordinates": null, "place": null, "contributors": null, "is_quote_status": false, "retweet_count": 1, "favorite_count": 1, "favorited": false, "retweeted": false, "possibly_sensitive": false, "lang": "en"}