{"created_at": "Tue Feb 18 18:32:47 +0000 2020", "id": 1229836174329622528, "id_str": "1229836174329622528", "text": "RT @AlexanderKekule: New viruses do not harm only vulnerable or elderly people. WHO and German health officials should stop spreading this\u2026", "truncated": false, "entities": {"hashtags": [], "symbols": [], "user_mentions": [{"screen_name": "AlexanderKekule", "name": "Prof Alexander Kekul\u00e9, MD PhD", "id": 1198373197059678208, "id_str": "1198373197059678208", "indices": [3, 19]}], "urls": []}, "metadata": {"iso_language_code": "en", "result_type": "recent"}, "source": "<a href=\"http://twitter.com/download/android\" rel=\"nofollow\">Twitter for Android</a>", "in_reply_to_status_id": null, "in_reply_to_status_id_str": null, "in_reply_to_user_id": null, "in_reply_to_user_id_str": null, "in_reply_to_screen_name": null, "user": {"id": 1035815510842200065, "id_str": "1035815510842200065", "name": "bergl\u00f6we", "screen_name": "berg_loewe", "location": "", "description": "", "url": null, "entities": {"description": {"urls": []}}, "protected": false, "followers_count": 92, "friends_count": 1040, "listed_count": 0, "created_at": "Sat Sep 01 09:03:57 +0000 2018", "favourites_count": 4730, "utc_offset": null, "time_zone": null, "geo_enabled": false, "verified": false, "statuses_count": 1055, "lang": null, "contributors_enabled": false, "is_translator": false, "is_translation_enabled": false, "profile_background_color": "F5F8FA", "profile_background_image_url": null, "profile_background_image_url_https": null, "profile_background_tile": false, "profile_image_url": "http://pbs.twimg.com/profile_images/1183026904351367171/aU4yZBdK_normal.jpg", "profile_image_url_https": "https://pbs.twimg.com/profile_images/1183026904351367171/aU4yZBdK_normal.jpg", "profile_link_color": "1DA1F2", "profile_sidebar_border_color": "C0DEED", "profile_sidebar_fill_color": "DDEEF6", "profile_text_color": "333333", "profile_use_background_image": true, "has_extended_profile": false, "default_profile": true, "default_profile_image": false, "following": false, "follow_request_sent": false, "notifications": false, "translator_type": "none"}, "geo": null, "coordinates": null, "place": null, "contributors": null, "retweeted_status": {"created_at": "Tue Feb 18 06:09:00 +0000 2020", "id": 1229648993308770304, "id_str": "1229648993308770304", "text": "New viruses do not harm only vulnerable or elderly people. WHO and German health officials should stop spreading th\u2026 https://t.co/9YagpL8XS6", "truncated": true, "entities": {"hashtags": [], "symbols": [], "user_mentions": [], "urls": [{"url": "https://t.co/9YagpL8XS6", "expanded_url": "https://twitter.com/i/web/status/1229648993308770304", "display_url": "twitter.com/i/web/status/1\u2026", "indices": [117, 140]}]}, "metadata": {"iso_language_code": "en", "result_type": "recent"}, "source": "<a href=\"http://twitter.com\" rel=\"nofollow\">Twitter Web Client</a>", "in_reply_to_status_id": null, "in_reply_to_status_id_str": null, "in_reply_to_user_id": null, "in_reply_to_user_id_str": null, "in_reply_to_screen_name": null, "user": {"id": 1198373197059678208, "id_str": "1198373197059678208", "name": "Prof Alexander Kekul\u00e9, MD PhD", "screen_name": "AlexanderKekule", "location": "M\u00fcnchen, Bayern", "description": "Director, Institute for Biosecurity Research. Professor in Virology and Microbiology. Former German Fed Govt adviser on disease control.", "url": "https://t.co/XFOFVrEVc9", "entities": {"url": {"urls": [{"url": "https://t.co/XFOFVrEVc9", "expanded_url": "http://www.kekule.com", "display_url": "kekule.com", "indices": [0, 23]}]}, "description": {"urls": []}}, "protected": false, "followers_count": 2138, "friends_count": 2, "listed_count": 18, "created_at": "Sat Nov 23 22:50:27 +0000 2019", "favourites_count": 2, "utc_offset": null, "time_zone": null, "geo_enabled": false, "verified": false, "statuses_count": 53, "lang": null, "contributors_enabled": false, "is_translator": false, "is_translation_enabled": false, "profile_background_color": "F5F8FA", "profile_background_image_url": null, "profile_background_image_url_https": null, "profile_background_tile": false, "profile_image_url": "http://pbs.twimg.com/profile_images/1223149505073373184/050eywhx_normal.jpg", "profile_image_url_https": "https://pbs.twimg.com/profile_images/1223149505073373184/050eywhx_normal.jpg", "profile_banner_url": "https://pbs.twimg.com/profile_banners/1198373197059678208/1580457063", "profile_link_color": "1DA1F2", "profile_sidebar_border_color": "C0DEED", "profile_sidebar_fill_color": "DDEEF6", "profile_text_color": "333333", "profile_use_background_image": true, "has_extended_profile": false, "default_profile": true, "default_profile_image": false, "following": false, "follow_request_sent": false, "notifications": false, "translator_type": "none"}, "geo": null, "coordinates": null, "place": null, "contributors": null, "is_quote_status": false, "retweet_count": 28, "favorite_count": 39, "favorited": false, "retweeted": false, "possibly_sensitive": false, "lang": "en"}, "is_quote_status": false, "retweet_count": 28, "favorite_count": 0, "favorited": false, "retweeted": false, "lang": "en"}