{"created_at": "Fri Feb 21 12:33:30 +0000 2020", "id": 1230832920966942720, "id_str": "1230832920966942720", "text": "Stay informed and up to date on #coronavirus https://t.co/BjxEKKbMMy https://t.co/TBLw8rIpeu", "truncated": false, "entities": {"hashtags": [{"text": "coronavirus", "indices": [32, 44]}], "symbols": [], "user_mentions": [], "urls": [{"url": "https://t.co/BjxEKKbMMy", "expanded_url": "https://twitter.com/Worldometers/status/1230672787473387520", "display_url": "twitter.com/Worldometers/s\u2026", "indices": [45, 68]}], "media": [{"id": 1230832914813849600, "id_str": "1230832914813849600", "indices": [69, 92], "media_url": "http://pbs.twimg.com/media/ERTMA8lWkAAsr8h.jpg", "media_url_https": "https://pbs.twimg.com/media/ERTMA8lWkAAsr8h.jpg", "url": "https://t.co/TBLw8rIpeu", "display_url": "pic.twitter.com/TBLw8rIpeu", "expanded_url": "https://twitter.com/moritzheiden/status/1230832920966942720/photo/1", "type": "photo", "sizes": {"thumb": {"w": 150, "h": 150, "resize": "crop"}, "medium": {"w": 1200, "h": 634, "resize": "fit"}, "small": {"w": 680, "h": 359, "resize": "fit"}, "large": {"w": 1440, "h": 761, "resize": "fit"}}}]}, "extended_entities": {"media": [{"id": 1230832914813849600, "id_str": "1230832914813849600", "indices": [69, 92], "media_url": "http://pbs.twimg.com/media/ERTMA8lWkAAsr8h.jpg", "media_url_https": "https://pbs.twimg.com/media/ERTMA8lWkAAsr8h.jpg", "url": "https://t.co/TBLw8rIpeu", "display_url": "pic.twitter.com/TBLw8rIpeu", "expanded_url": "https://twitter.com/moritzheiden/status/1230832920966942720/photo/1", "type": "photo", "sizes": {"thumb": {"w": 150, "h": 150, "resize": "crop"}, "medium": {"w": 1200, "h": 634, "resize": "fit"}, "small": {"w": 680, "h": 359, "resize": "fit"}, "large": {"w": 1440, "h": 761, "resize": "fit"}}}]}, "metadata": {"iso_language_code": "en", "result_type": "recent"}, "source": "<a href=\"http://twitter.com/download/iphone\" rel=\"nofollow\">Twitter for iPhone</a>", "in_reply_to_status_id": null, "in_reply_to_status_id_str": null, "in_reply_to_user_id": null, "in_reply_to_user_id_str": null, "in_reply_to_screen_name": null, "user": {"id": 798816242811346944, "id_str": "798816242811346944", "name": "Moritz Heiden", "screen_name": "moritzheiden", "location": "Munich, Bavaria", "description": "Quant research and trading @MunichRe. Previously @ScalableCapital. One of @TwoQuants", "url": null, "entities": {"description": {"urls": []}}, "protected": false, "followers_count": 207, "friends_count": 258, "listed_count": 5, "created_at": "Wed Nov 16 09:13:28 +0000 2016", "favourites_count": 3759, "utc_offset": null, "time_zone": null, "geo_enabled": false, "verified": false, "statuses_count": 606, "lang": null, "contributors_enabled": false, "is_translator": false, "is_translation_enabled": false, "profile_background_color": "F5F8FA", "profile_background_image_url": null, "profile_background_image_url_https": null, "profile_background_tile": false, "profile_image_url": "http://pbs.twimg.com/profile_images/1149390695532306433/N0uPmY0U_normal.jpg", "profile_image_url_https": "https://pbs.twimg.com/profile_images/1149390695532306433/N0uPmY0U_normal.jpg", "profile_banner_url": "https://pbs.twimg.com/profile_banners/798816242811346944/1553110142", "profile_link_color": "1DA1F2", "profile_sidebar_border_color": "C0DEED", "profile_sidebar_fill_color": "DDEEF6", "profile_text_color": "333333", "profile_use_background_image": true, "has_extended_profile": false, "default_profile": true, "default_profile_image": false, "following": false, "follow_request_sent": false, "notifications": false, "translator_type": "none"}, "geo": null, "coordinates": null, "place": null, "contributors": null, "is_quote_status": true, "quoted_status_id": 1230672787473387520, "quoted_status_id_str": "1230672787473387520", "quoted_status": {"created_at": "Fri Feb 21 01:57:11 +0000 2020", "id": 1230672787473387520, "id_str": "1230672787473387520", "text": "New graphs showing @coronavirus trends: active cases, newly infected vs. newly recovered, recovery rate vs. death r\u2026 https://t.co/6ZGGiE5X98", "truncated": true, "entities": {"hashtags": [], "symbols": [], "user_mentions": [{"screen_name": "coronavirus", "name": "Tung Euro", "id": 30419900, "id_str": "30419900", "indices": [19, 31]}], "urls": [{"url": "https://t.co/6ZGGiE5X98", "expanded_url": "https://twitter.com/i/web/status/1230672787473387520", "display_url": "twitter.com/i/web/status/1\u2026", "indices": [117, 140]}]}, "metadata": {"iso_language_code": "en", "result_type": "recent"}, "source": "<a href=\"https://mobile.twitter.com\" rel=\"nofollow\">Twitter Web App</a>", "in_reply_to_status_id": null, "in_reply_to_status_id_str": null, "in_reply_to_user_id": null, "in_reply_to_user_id_str": null, "in_reply_to_screen_name": null, "user": {"id": 345301111, "id_str": "345301111", "name": "Worldometer", "screen_name": "Worldometers", "location": "", "description": "Real Time World Statistics", "url": "http://t.co/VYnU26PEsM", "entities": {"url": {"urls": [{"url": "http://t.co/VYnU26PEsM", "expanded_url": "http://www.worldometers.info", "display_url": "worldometers.info", "indices": [0, 22]}]}, "description": {"urls": []}}, "protected": false, "followers_count": 18286, "friends_count": 21, "listed_count": 160, "created_at": "Sat Jul 30 10:58:00 +0000 2011", "favourites_count": 40, "utc_offset": null, "time_zone": null, "geo_enabled": false, "verified": false, "statuses_count": 19, "lang": null, "contributors_enabled": false, "is_translator": false, "is_translation_enabled": false, "profile_background_color": "C0DEED", "profile_background_image_url": "http://abs.twimg.com/images/themes/theme1/bg.png", "profile_background_image_url_https": "https://abs.twimg.com/images/themes/theme1/bg.png", "profile_background_tile": false, "profile_image_url": "http://pbs.twimg.com/profile_images/692017015872167940/1fnJPzxM_normal.png", "profile_image_url_https": "https://pbs.twimg.com/profile_images/692017015872167940/1fnJPzxM_normal.png", "profile_banner_url": "https://pbs.twimg.com/profile_banners/345301111/1356931354", "profile_link_color": "1DA1F2", "profile_sidebar_border_color": "C0DEED", "profile_sidebar_fill_color": "DDEEF6", "profile_text_color": "333333", "profile_use_background_image": true, "has_extended_profile": false, "default_profile": true, "default_profile_image": false, "following": false, "follow_request_sent": false, "notifications": false, "translator_type": "regular"}, "geo": null, "coordinates": null, "place": null, "contributors": null, "is_quote_status": false, "retweet_count": 95, "favorite_count": 182, "favorited": false, "retweeted": false, "possibly_sensitive": false, "lang": "en"}, "retweet_count": 0, "favorite_count": 2, "favorited": false, "retweeted": false, "possibly_sensitive": false, "lang": "en"}