{"created_at": "Fri Feb 21 07:58:06 +0000 2020", "id": 1230763612794310656, "id_str": "1230763612794310656", "text": "Aktuell ist das #Coronavirus weltweit das brisanteste Thema \u00fcberhaupt. Doch kaum jemand kennt die Konsequenzen, die\u2026 https://t.co/ogUsH9CY7G", "truncated": true, "entities": {"hashtags": [{"text": "Coronavirus", "indices": [16, 28]}], "symbols": [], "user_mentions": [], "urls": [{"url": "https://t.co/ogUsH9CY7G", "expanded_url": "https://twitter.com/i/web/status/1230763612794310656", "display_url": "twitter.com/i/web/status/1\u2026", "indices": [117, 140]}]}, "metadata": {"iso_language_code": "de", "result_type": "recent"}, "source": "<a href=\"https://www.hootsuite.com\" rel=\"nofollow\">Hootsuite Inc.</a>", "in_reply_to_status_id": null, "in_reply_to_status_id_str": null, "in_reply_to_user_id": null, "in_reply_to_user_id_str": null, "in_reply_to_screen_name": null, "user": {"id": 3394348689, "id_str": "3394348689", "name": "parcelLab", "screen_name": "parcelLab", "location": "M\u00fcnchen, Bayern", "description": "Wir sorgen f\u00fcr die perfekte #CustomerExperience im #Onlinehandel. \ud83d\udce6", "url": "https://t.co/uEkjtpsLxS", "entities": {"url": {"urls": [{"url": "https://t.co/uEkjtpsLxS", "expanded_url": "https://parcellab.com/", "display_url": "parcellab.com", "indices": [0, 23]}]}, "description": {"urls": []}}, "protected": false, "followers_count": 935, "friends_count": 1680, "listed_count": 28, "created_at": "Wed Jul 29 19:46:30 +0000 2015", "favourites_count": 1059, "utc_offset": null, "time_zone": null, "geo_enabled": true, "verified": false, "statuses_count": 1083, "lang": null, "contributors_enabled": false, "is_translator": false, "is_translation_enabled": false, "profile_background_color": "000000", "profile_background_image_url": "http://abs.twimg.com/images/themes/theme1/bg.png", "profile_background_image_url_https": "https://abs.twimg.com/images/themes/theme1/bg.png", "profile_background_tile": false, "profile_image_url": "http://pbs.twimg.com/profile_images/1016589521004134400/mNjOfexc_normal.jpg", "profile_image_url_https": "https://pbs.twimg.com/profile_images/1016589521004134400/mNjOfexc_normal.jpg", "profile_banner_url": "https://pbs.twimg.com/profile_banners/3394348689/1504611475", "profile_link_color": "12204E", "profile_sidebar_border_color": "000000", "profile_sidebar_fill_color": "000000", "profile_text_color": "000000", "profile_use_background_image": false, "has_extended_profile": false, "default_profile": false, "default_profile_image": false, "following": false, "follow_request_sent": false, "notifications": false, "translator_type": "none"}, "geo": null, "coordinates": null, "place": null, "contributors": null, "is_quote_status": false, "retweet_count": 0, "favorite_count": 0, "favorited": false, "retweeted": false, "possibly_sensitive": false, "lang": "de"}