{"created_at": "Tue Feb 18 06:45:55 +0000 2020", "id": 1229658284459610112, "id_str": "1229658284459610112", "text": "RT @mvollmer1: #MondayMotivaton Impact of #DigitalTransformation &amp; #coronavirus / #COVID19 ... \ud83d\ude26 Is this the #FutureofWork?\n\nMT @helene_wpl\u2026", "truncated": false, "entities": {"hashtags": [{"text": "MondayMotivaton", "indices": [15, 31]}, {"text": "DigitalTransformation", "indices": [42, 64]}, {"text": "coronavirus", "indices": [71, 83]}, {"text": "COVID19", "indices": [86, 94]}, {"text": "FutureofWork", "indices": [113, 126]}], "symbols": [], "user_mentions": [{"screen_name": "mvollmer1", "name": "Dr. Marcell Vollmer", "id": 99674560, "id_str": "99674560", "indices": [3, 13]}], "urls": []}, "metadata": {"iso_language_code": "en", "result_type": "recent"}, "source": "<a href=\"http://twitter.com/download/android\" rel=\"nofollow\">Twitter for Android</a>", "in_reply_to_status_id": null, "in_reply_to_status_id_str": null, "in_reply_to_user_id": null, "in_reply_to_user_id_str": null, "in_reply_to_screen_name": null, "user": {"id": 3194071636, "id_str": "3194071636", "name": "\ud83c\uddea\ud83c\uddfa pettet50 \ud83d\ude03\ud83d\ude4f", "screen_name": "pettet50", "location": "Frankrijk", "description": "Cybersecurity, Privacy advocate, Python, GDPR, EU product + liability law, CEN/ISO standards, Maritime engine application, Editor https://t.co/IZMRoSZib5. Vegan. Retired.", "url": null, "entities": {"description": {"urls": [{"url": "https://t.co/IZMRoSZib5", "expanded_url": "http://twmpd.com", "display_url": "twmpd.com", "indices": [130, 153]}]}}, "protected": false, "followers_count": 631, "friends_count": 939, "listed_count": 0, "created_at": "Wed Apr 22 08:30:28 +0000 2015", "favourites_count": 6348, "utc_offset": null, "time_zone": null, "geo_enabled": false, "verified": false, "statuses_count": 4063, "lang": null, "contributors_enabled": false, "is_translator": false, "is_translation_enabled": false, "profile_background_color": "000000", "profile_background_image_url": "http://abs.twimg.com/images/themes/theme1/bg.png", "profile_background_image_url_https": "https://abs.twimg.com/images/themes/theme1/bg.png", "profile_background_tile": false, "profile_image_url": "http://pbs.twimg.com/profile_images/943771103784300544/2XPFteTF_normal.jpg", "profile_image_url_https": "https://pbs.twimg.com/profile_images/943771103784300544/2XPFteTF_normal.jpg", "profile_banner_url": "https://pbs.twimg.com/profile_banners/3194071636/1581855484", "profile_link_color": "91D2FA", "profile_sidebar_border_color": "000000", "profile_sidebar_fill_color": "000000", "profile_text_color": "000000", "profile_use_background_image": false, "has_extended_profile": true, "default_profile": false, "default_profile_image": false, "following": false, "follow_request_sent": false, "notifications": false, "translator_type": "none"}, "geo": null, "coordinates": null, "place": null, "contributors": null, "retweeted_status": {"created_at": "Mon Feb 17 14:53:30 +0000 2020", "id": 1229418600014008324, "id_str": "1229418600014008324", "text": "#MondayMotivaton Impact of #DigitalTransformation &amp; #coronavirus / #COVID19 ... \ud83d\ude26 Is this the #FutureofWork?\n\nMT\u2026 https://t.co/XER3BJX1Mz", "truncated": true, "entities": {"hashtags": [{"text": "MondayMotivaton", "indices": [0, 16]}, {"text": "DigitalTransformation", "indices": [27, 49]}, {"text": "coronavirus", "indices": [56, 68]}, {"text": "COVID19", "indices": [71, 79]}, {"text": "FutureofWork", "indices": [98, 111]}], "symbols": [], "user_mentions": [], "urls": [{"url": "https://t.co/XER3BJX1Mz", "expanded_url": "https://twitter.com/i/web/status/1229418600014008324", "display_url": "twitter.com/i/web/status/1\u2026", "indices": [118, 141]}]}, "metadata": {"iso_language_code": "en", "result_type": "recent"}, "source": "<a href=\"http://twitter.com/#!/download/ipad\" rel=\"nofollow\">Twitter for iPad</a>", "in_reply_to_status_id": null, "in_reply_to_status_id_str": null, "in_reply_to_user_id": null, "in_reply_to_user_id_str": null, "in_reply_to_screen_name": null, "user": {"id": 99674560, "id_str": "99674560", "name": "Dr. Marcell Vollmer", "screen_name": "mvollmer1", "location": "Munich, Bavaria", "description": "Chief Innovation Officer @Celonis. Passionate about life & coffee. PhD & MBA in Economics. Social Media enthusiast and curious to continuously learn & grow", "url": "https://t.co/EsPFMBdrDN", "entities": {"url": {"urls": [{"url": "https://t.co/EsPFMBdrDN", "expanded_url": "https://www.linkedin.com/in/marcellvollmer/", "display_url": "linkedin.com/in/marcellvoll\u2026", "indices": [0, 23]}]}, "description": {"urls": []}}, "protected": false, "followers_count": 49255, "friends_count": 45474, "listed_count": 581, "created_at": "Sun Dec 27 09:07:18 +0000 2009", "favourites_count": 201062, "utc_offset": null, "time_zone": null, "geo_enabled": true, "verified": false, "statuses_count": 80147, "lang": null, "contributors_enabled": false, "is_translator": false, "is_translation_enabled": false, "profile_background_color": "C0DEED", "profile_background_image_url": "http://abs.twimg.com/images/themes/theme1/bg.png", "profile_background_image_url_https": "https://abs.twimg.com/images/themes/theme1/bg.png", "profile_background_tile": false, "profile_image_url": "http://pbs.twimg.com/profile_images/735212931940552704/83zOt4k5_normal.jpg", "profile_image_url_https": "https://pbs.twimg.com/profile_images/735212931940552704/83zOt4k5_normal.jpg", "profile_banner_url": "https://pbs.twimg.com/profile_banners/99674560/1486476950", "profile_link_color": "1DA1F2", "profile_sidebar_border_color": "C0DEED", "profile_sidebar_fill_color": "DDEEF6", "profile_text_color": "333333", "profile_use_background_image": true, "has_extended_profile": true, "default_profile": true, "default_profile_image": false, "following": false, "follow_request_sent": false, "notifications": false, "translator_type": "none"}, "geo": null, "coordinates": null, "place": null, "contributors": null, "is_quote_status": false, "retweet_count": 29, "favorite_count": 69, "favorited": false, "retweeted": false, "possibly_sensitive": false, "lang": "en"}, "is_quote_status": false, "retweet_count": 29, "favorite_count": 0, "favorited": false, "retweeted": false, "lang": "en"}