{"created_at": "Tue Feb 18 06:20:47 +0000 2020", "id": 1229651958165725184, "id_str": "1229651958165725184", "text": "RT @AlexanderKekule: New viruses do not harm only vulnerable or elderly people. WHO and German health officials should stop spreading this\u2026", "truncated": false, "entities": {"hashtags": [], "symbols": [], "user_mentions": [{"screen_name": "AlexanderKekule", "name": "Prof Alexander Kekul\u00e9, MD PhD", "id": 1198373197059678208, "id_str": "1198373197059678208", "indices": [3, 19]}], "urls": []}, "metadata": {"iso_language_code": "en", "result_type": "recent"}, "source": "<a href=\"http://twitter.com/download/iphone\" rel=\"nofollow\">Twitter for iPhone</a>", "in_reply_to_status_id": null, "in_reply_to_status_id_str": null, "in_reply_to_user_id": null, "in_reply_to_user_id_str": null, "in_reply_to_screen_name": null, "user": {"id": 1523493061, "id_str": "1523493061", "name": "\ud83c\uddfa\ud83c\uddf8#LockThemAllUp", "screen_name": "trusokoff", "location": "USA", "description": "\ud83d\ude4a\ud83d\ude49\ud83d\ude48#2A \u2018 I pledge allegiance to the flag of the US of America and to the Republic, for which it stands, 1 nation, under God,indivisible...\u2019 #MAGA #KAG", "url": null, "entities": {"description": {"urls": []}}, "protected": false, "followers_count": 8308, "friends_count": 8996, "listed_count": 0, "created_at": "Sun Jun 16 23:32:11 +0000 2013", "favourites_count": 32184, "utc_offset": null, "time_zone": null, "geo_enabled": true, "verified": false, "statuses_count": 54325, "lang": null, "contributors_enabled": false, "is_translator": false, "is_translation_enabled": false, "profile_background_color": "000000", "profile_background_image_url": "http://abs.twimg.com/images/themes/theme1/bg.png", "profile_background_image_url_https": "https://abs.twimg.com/images/themes/theme1/bg.png", "profile_background_tile": false, "profile_image_url": "http://pbs.twimg.com/profile_images/1175171835618443265/AIUcIySU_normal.jpg", "profile_image_url_https": "https://pbs.twimg.com/profile_images/1175171835618443265/AIUcIySU_normal.jpg", "profile_banner_url": "https://pbs.twimg.com/profile_banners/1523493061/1518149539", "profile_link_color": "F58EA8", "profile_sidebar_border_color": "000000", "profile_sidebar_fill_color": "000000", "profile_text_color": "000000", "profile_use_background_image": false, "has_extended_profile": false, "default_profile": false, "default_profile_image": false, "following": false, "follow_request_sent": false, "notifications": false, "translator_type": "none"}, "geo": null, "coordinates": null, "place": null, "contributors": null, "retweeted_status": {"created_at": "Tue Feb 18 06:09:00 +0000 2020", "id": 1229648993308770304, "id_str": "1229648993308770304", "text": "New viruses do not harm only vulnerable or elderly people. WHO and German health officials should stop spreading th\u2026 https://t.co/9YagpL8XS6", "truncated": true, "entities": {"hashtags": [], "symbols": [], "user_mentions": [], "urls": [{"url": "https://t.co/9YagpL8XS6", "expanded_url": "https://twitter.com/i/web/status/1229648993308770304", "display_url": "twitter.com/i/web/status/1\u2026", "indices": [117, 140]}]}, "metadata": {"iso_language_code": "en", "result_type": "recent"}, "source": "<a href=\"http://twitter.com\" rel=\"nofollow\">Twitter Web Client</a>", "in_reply_to_status_id": null, "in_reply_to_status_id_str": null, "in_reply_to_user_id": null, "in_reply_to_user_id_str": null, "in_reply_to_screen_name": null, "user": {"id": 1198373197059678208, "id_str": "1198373197059678208", "name": "Prof Alexander Kekul\u00e9, MD PhD", "screen_name": "AlexanderKekule", "location": "M\u00fcnchen, Bayern", "description": "Director, Institute for Biosecurity Research. Professor in Virology and Microbiology. Former German Fed Govt adviser on disease control.", "url": "https://t.co/XFOFVrEVc9", "entities": {"url": {"urls": [{"url": "https://t.co/XFOFVrEVc9", "expanded_url": "http://www.kekule.com", "display_url": "kekule.com", "indices": [0, 23]}]}, "description": {"urls": []}}, "protected": false, "followers_count": 2138, "friends_count": 2, "listed_count": 18, "created_at": "Sat Nov 23 22:50:27 +0000 2019", "favourites_count": 2, "utc_offset": null, "time_zone": null, "geo_enabled": false, "verified": false, "statuses_count": 53, "lang": null, "contributors_enabled": false, "is_translator": false, "is_translation_enabled": false, "profile_background_color": "F5F8FA", "profile_background_image_url": null, "profile_background_image_url_https": null, "profile_background_tile": false, "profile_image_url": "http://pbs.twimg.com/profile_images/1223149505073373184/050eywhx_normal.jpg", "profile_image_url_https": "https://pbs.twimg.com/profile_images/1223149505073373184/050eywhx_normal.jpg", "profile_banner_url": "https://pbs.twimg.com/profile_banners/1198373197059678208/1580457063", "profile_link_color": "1DA1F2", "profile_sidebar_border_color": "C0DEED", "profile_sidebar_fill_color": "DDEEF6", "profile_text_color": "333333", "profile_use_background_image": true, "has_extended_profile": false, "default_profile": true, "default_profile_image": false, "following": false, "follow_request_sent": false, "notifications": false, "translator_type": "none"}, "geo": null, "coordinates": null, "place": null, "contributors": null, "is_quote_status": false, "retweet_count": 28, "favorite_count": 39, "favorited": false, "retweeted": false, "possibly_sensitive": false, "lang": "en"}, "is_quote_status": false, "retweet_count": 28, "favorite_count": 0, "favorited": false, "retweeted": false, "lang": "en"}