{"created_at": "Fri Feb 21 10:53:48 +0000 2020", "id": 1230807830048989186, "id_str": "1230807830048989186", "text": "Long live the #coronavirus! I can only hope the price of the PCs will double or triple, so that the public start as\u2026 https://t.co/Fan1ZrI6j9", "truncated": true, "entities": {"hashtags": [{"text": "coronavirus", "indices": [14, 26]}], "symbols": [], "user_mentions": [], "urls": [{"url": "https://t.co/Fan1ZrI6j9", "expanded_url": "https://twitter.com/i/web/status/1230807830048989186", "display_url": "twitter.com/i/web/status/1\u2026", "indices": [117, 140]}]}, "metadata": {"iso_language_code": "en", "result_type": "recent"}, "source": "<a href=\"https://mobile.twitter.com\" rel=\"nofollow\">Twitter Web App</a>", "in_reply_to_status_id": null, "in_reply_to_status_id_str": null, "in_reply_to_user_id": null, "in_reply_to_user_id_str": null, "in_reply_to_screen_name": null, "user": {"id": 71531999, "id_str": "71531999", "name": "Ludditus ex-B\u00e9ranger", "screen_name": "ludditus", "location": "Baden-W\u00fcrttemberg", "description": "Tout homme a deux patries : la sienne et puis la Macronie. \u2014 Benjamin Franklin", "url": "https://t.co/oEdhQ5PB7s", "entities": {"url": {"urls": [{"url": "https://t.co/oEdhQ5PB7s", "expanded_url": "http://ludditus.com", "display_url": "ludditus.com", "indices": [0, 23]}]}, "description": {"urls": []}}, "protected": false, "followers_count": 891, "friends_count": 460, "listed_count": 42, "created_at": "Fri Sep 04 13:18:16 +0000 2009", "favourites_count": 2680, "utc_offset": null, "time_zone": null, "geo_enabled": true, "verified": false, "statuses_count": 94257, "lang": null, "contributors_enabled": false, "is_translator": false, "is_translation_enabled": false, "profile_background_color": "000000", "profile_background_image_url": "http://abs.twimg.com/images/themes/theme14/bg.gif", "profile_background_image_url_https": "https://abs.twimg.com/images/themes/theme14/bg.gif", "profile_background_tile": false, "profile_image_url": "http://pbs.twimg.com/profile_images/861311246834036741/gYNrhBIg_normal.jpg", "profile_image_url_https": "https://pbs.twimg.com/profile_images/861311246834036741/gYNrhBIg_normal.jpg", "profile_banner_url": "https://pbs.twimg.com/profile_banners/71531999/1542125446", "profile_link_color": "1B95E0", "profile_sidebar_border_color": "000000", "profile_sidebar_fill_color": "000000", "profile_text_color": "000000", "profile_use_background_image": false, "has_extended_profile": true, "default_profile": false, "default_profile_image": false, "following": false, "follow_request_sent": false, "notifications": false, "translator_type": "none"}, "geo": null, "coordinates": null, "place": null, "contributors": null, "is_quote_status": true, "quoted_status_id": 1230806237052375046, "quoted_status_id_str": "1230806237052375046", "quoted_status": {"created_at": "Fri Feb 21 10:47:28 +0000 2020", "id": 1230806237052375046, "id_str": "1230806237052375046", "text": "CPU shortages trash Intel's European PC market share while AMD trills about best ever portfolio https://t.co/cpIrfPJQoA", "truncated": false, "entities": {"hashtags": [], "symbols": [], "user_mentions": [], "urls": [{"url": "https://t.co/cpIrfPJQoA", "expanded_url": "https://reg.cx/2YyP", "display_url": "reg.cx/2YyP", "indices": [96, 119]}]}, "metadata": {"iso_language_code": "en", "result_type": "recent"}, "source": "<a href=\"http://theregister.co.uk/\" rel=\"nofollow\">Vulture Central</a>", "in_reply_to_status_id": null, "in_reply_to_status_id_str": null, "in_reply_to_user_id": null, "in_reply_to_user_id_str": null, "in_reply_to_screen_name": null, "user": {"id": 78012548, "id_str": "78012548", "name": "The Register", "screen_name": "TheRegister", "location": "NA-EMEA-APAC", "description": "Biting the hand that feeds IT \u2013 Technology and science news and features for world+dog. Tip-offs to news@theregister.co.uk \u2013 Part of the @SitPub family", "url": "https://t.co/Dt7KIDcKjJ", "entities": {"url": {"urls": [{"url": "https://t.co/Dt7KIDcKjJ", "expanded_url": "https://www.theregister.co.uk/", "display_url": "theregister.co.uk", "indices": [0, 23]}]}, "description": {"urls": []}}, "protected": false, "followers_count": 94462, "friends_count": 75, "listed_count": 3740, "created_at": "Mon Sep 28 13:24:46 +0000 2009", "favourites_count": 4222, "utc_offset": null, "time_zone": null, "geo_enabled": false, "verified": true, "statuses_count": 125652, "lang": null, "contributors_enabled": false, "is_translator": false, "is_translation_enabled": false, "profile_background_color": "292A2B", "profile_background_image_url": "http://abs.twimg.com/images/themes/theme1/bg.png", "profile_background_image_url_https": "https://abs.twimg.com/images/themes/theme1/bg.png", "profile_background_tile": false, "profile_image_url": "http://pbs.twimg.com/profile_images/378800000628331746/5f111cbaa05662491e9e2468a26fd364_normal.png", "profile_image_url_https": "https://pbs.twimg.com/profile_images/378800000628331746/5f111cbaa05662491e9e2468a26fd364_normal.png", "profile_banner_url": "https://pbs.twimg.com/profile_banners/78012548/1454510421", "profile_link_color": "DD2E44", "profile_sidebar_border_color": "000000", "profile_sidebar_fill_color": "DDEEF6", "profile_text_color": "2E2D2E", "profile_use_background_image": true, "has_extended_profile": false, "default_profile": false, "default_profile_image": false, "following": false, "follow_request_sent": false, "notifications": false, "translator_type": "none"}, "geo": null, "coordinates": null, "place": null, "contributors": null, "is_quote_status": false, "retweet_count": 5, "favorite_count": 12, "favorited": false, "retweeted": false, "possibly_sensitive": false, "lang": "en"}, "retweet_count": 0, "favorite_count": 1, "favorited": false, "retweeted": false, "possibly_sensitive": false, "lang": "en"}