{"created_at": "Fri Feb 21 11:09:44 +0000 2020", "id": 1230811837395922950, "id_str": "1230811837395922950", "text": "RT @UyghurCongress: The #coronavirus #COVID19 is spreading rapidly in cruise ships &amp; prisons, where ppl are confined in close quarters.\n\nMi\u2026", "truncated": false, "entities": {"hashtags": [{"text": "coronavirus", "indices": [24, 36]}, {"text": "COVID19", "indices": [37, 45]}], "symbols": [], "user_mentions": [{"screen_name": "UyghurCongress", "name": "WorldUyghurCongress", "id": 274669412, "id_str": "274669412", "indices": [3, 18]}], "urls": []}, "metadata": {"iso_language_code": "en", "result_type": "recent"}, "source": "<a href=\"http://janetter.net/\" rel=\"nofollow\">Janetter for Android</a>", "in_reply_to_status_id": null, "in_reply_to_status_id_str": null, "in_reply_to_user_id": null, "in_reply_to_user_id_str": null, "in_reply_to_screen_name": null, "user": {"id": 2708650710, "id_str": "2708650710", "name": "masayanmasayan", "screen_name": "masayan54xyz", "location": "", "description": "\u30c1\u30e3\u30a4\u30ca\u306b\u3088\u308b\u4fb5\u7565\u884c\u70ba\u30fb\u4eba\u6a29\u4fb5\u5bb3\u306f\u65e5\u672c\u306b\u3068\u3063\u3066\u4ed6\u4eba\u4e8b\u3067\u306f\u3042\u308a\u307e\u305b\u3093\u3002\u5168\u4e16\u754c\u306e\u826f\u5fc3\u3042\u308b\u4eba\u3005\u3088\u3001\u529b\u3092\u5408\u308f\u305b\u3066\u4e2d\u83ef\u5e1d\u56fd\u4e3b\u7fa9\u3092\u6253\u5012\u3057\u3088\u3046\uff01", "url": null, "entities": {"description": {"urls": []}}, "protected": false, "followers_count": 154, "friends_count": 22, "listed_count": 22, "created_at": "Tue Aug 05 07:44:21 +0000 2014", "favourites_count": 3, "utc_offset": null, "time_zone": null, "geo_enabled": false, "verified": false, "statuses_count": 82056, "lang": null, "contributors_enabled": false, "is_translator": false, "is_translation_enabled": false, "profile_background_color": "C0DEED", "profile_background_image_url": "http://abs.twimg.com/images/themes/theme1/bg.png", "profile_background_image_url_https": "https://abs.twimg.com/images/themes/theme1/bg.png", "profile_background_tile": false, "profile_image_url": "http://pbs.twimg.com/profile_images/1008908541673943040/JMb_8K4L_normal.jpg", "profile_image_url_https": "https://pbs.twimg.com/profile_images/1008908541673943040/JMb_8K4L_normal.jpg", "profile_banner_url": "https://pbs.twimg.com/profile_banners/2708650710/1529380690", "profile_link_color": "1DA1F2", "profile_sidebar_border_color": "C0DEED", "profile_sidebar_fill_color": "DDEEF6", "profile_text_color": "333333", "profile_use_background_image": true, "has_extended_profile": false, "default_profile": true, "default_profile_image": false, "following": false, "follow_request_sent": false, "notifications": false, "translator_type": "none"}, "geo": null, "coordinates": null, "place": null, "contributors": null, "retweeted_status": {"created_at": "Fri Feb 21 09:44:48 +0000 2020", "id": 1230790466867748865, "id_str": "1230790466867748865", "text": "The #coronavirus #COVID19 is spreading rapidly in cruise ships &amp; prisons, where ppl are confined in close quarters.\u2026 https://t.co/REFlqSNiWe", "truncated": true, "entities": {"hashtags": [{"text": "coronavirus", "indices": [4, 16]}, {"text": "COVID19", "indices": [17, 25]}], "symbols": [], "user_mentions": [], "urls": [{"url": "https://t.co/REFlqSNiWe", "expanded_url": "https://twitter.com/i/web/status/1230790466867748865", "display_url": "twitter.com/i/web/status/1\u2026", "indices": [121, 144]}]}, "metadata": {"iso_language_code": "en", "result_type": "recent"}, "source": "<a href=\"https://mobile.twitter.com\" rel=\"nofollow\">Twitter Web App</a>", "in_reply_to_status_id": null, "in_reply_to_status_id_str": null, "in_reply_to_user_id": null, "in_reply_to_user_id_str": null, "in_reply_to_screen_name": null, "user": {"id": 274669412, "id_str": "274669412", "name": "WorldUyghurCongress", "screen_name": "UyghurCongress", "location": "Munich, Germany", "description": "International umbrella organization promoting #Uyghur human rights and a peaceful solution to the conflict in East Turkistan.", "url": "https://t.co/70xMUcBmtq", "entities": {"url": {"urls": [{"url": "https://t.co/70xMUcBmtq", "expanded_url": "http://www.uyghurcongress.org", "display_url": "uyghurcongress.org", "indices": [0, 23]}]}, "description": {"urls": []}}, "protected": false, "followers_count": 24127, "friends_count": 1283, "listed_count": 306, "created_at": "Wed Mar 30 20:31:53 +0000 2011", "favourites_count": 4953, "utc_offset": null, "time_zone": null, "geo_enabled": true, "verified": true, "statuses_count": 19178, "lang": null, "contributors_enabled": false, "is_translator": false, "is_translation_enabled": false, "profile_background_color": "6296CB", "profile_background_image_url": "http://abs.twimg.com/images/themes/theme1/bg.png", "profile_background_image_url_https": "https://abs.twimg.com/images/themes/theme1/bg.png", "profile_background_tile": false, "profile_image_url": "http://pbs.twimg.com/profile_images/867676517131845633/CVNkbC9u_normal.jpg", "profile_image_url_https": "https://pbs.twimg.com/profile_images/867676517131845633/CVNkbC9u_normal.jpg", "profile_banner_url": "https://pbs.twimg.com/profile_banners/274669412/1525168141", "profile_link_color": "3E7DBB", "profile_sidebar_border_color": "000000", "profile_sidebar_fill_color": "DDEEF6", "profile_text_color": "333333", "profile_use_background_image": true, "has_extended_profile": false, "default_profile": false, "default_profile_image": false, "following": false, "follow_request_sent": false, "notifications": false, "translator_type": "none"}, "geo": null, "coordinates": null, "place": null, "contributors": null, "is_quote_status": false, "retweet_count": 47, "favorite_count": 49, "favorited": false, "retweeted": false, "possibly_sensitive": false, "lang": "en"}, "is_quote_status": false, "retweet_count": 47, "favorite_count": 0, "favorited": false, "retweeted": false, "lang": "en"}