{"created_at": "Fri Feb 21 18:57:34 +0000 2020", "id": 1230929574046904322, "id_str": "1230929574046904322", "text": "RT @BR24: \ud83e\udda0 W\u00e4hrenddessen suchen Experten weltweit unter Hochdruck nach einem Mittel gegen das #Coronavirus. Forscher der University of Tex\u2026", "truncated": false, "entities": {"hashtags": [{"text": "Coronavirus", "indices": [95, 107]}], "symbols": [], "user_mentions": [{"screen_name": "BR24", "name": "BR24", "id": 90524645, "id_str": "90524645", "indices": [3, 8]}], "urls": []}, "metadata": {"iso_language_code": "de", "result_type": "recent"}, "source": "<a href=\"http://twitter.com/download/android\" rel=\"nofollow\">Twitter for Android</a>", "in_reply_to_status_id": null, "in_reply_to_status_id_str": null, "in_reply_to_user_id": null, "in_reply_to_user_id_str": null, "in_reply_to_screen_name": null, "user": {"id": 2284172952, "id_str": "2284172952", "name": "Daggi", "screen_name": "muc8565", "location": "", "description": "", "url": null, "entities": {"description": {"urls": []}}, "protected": false, "followers_count": 113, "friends_count": 209, "listed_count": 0, "created_at": "Thu Jan 09 22:02:40 +0000 2014", "favourites_count": 107580, "utc_offset": null, "time_zone": null, "geo_enabled": false, "verified": false, "statuses_count": 679, "lang": null, "contributors_enabled": false, "is_translator": false, "is_translation_enabled": false, "profile_background_color": "C0DEED", "profile_background_image_url": "http://abs.twimg.com/images/themes/theme1/bg.png", "profile_background_image_url_https": "https://abs.twimg.com/images/themes/theme1/bg.png", "profile_background_tile": false, "profile_image_url": "http://pbs.twimg.com/profile_images/424631619543375873/FRrEgfc6_normal.jpeg", "profile_image_url_https": "https://pbs.twimg.com/profile_images/424631619543375873/FRrEgfc6_normal.jpeg", "profile_link_color": "1DA1F2", "profile_sidebar_border_color": "C0DEED", "profile_sidebar_fill_color": "DDEEF6", "profile_text_color": "333333", "profile_use_background_image": true, "has_extended_profile": false, "default_profile": true, "default_profile_image": false, "following": false, "follow_request_sent": false, "notifications": false, "translator_type": "none"}, "geo": null, "coordinates": null, "place": null, "contributors": null, "retweeted_status": {"created_at": "Fri Feb 21 15:20:58 +0000 2020", "id": 1230875064159129600, "id_str": "1230875064159129600", "text": "\ud83e\udda0 W\u00e4hrenddessen suchen Experten weltweit unter Hochdruck nach einem Mittel gegen das #Coronavirus. Forscher der Uni\u2026 https://t.co/GYj27ANkKz", "truncated": true, "entities": {"hashtags": [{"text": "Coronavirus", "indices": [85, 97]}], "symbols": [], "user_mentions": [], "urls": [{"url": "https://t.co/GYj27ANkKz", "expanded_url": "https://twitter.com/i/web/status/1230875064159129600", "display_url": "twitter.com/i/web/status/1\u2026", "indices": [117, 140]}]}, "metadata": {"iso_language_code": "de", "result_type": "recent"}, "source": "<a href=\"https://about.twitter.com/products/tweetdeck\" rel=\"nofollow\">TweetDeck</a>", "in_reply_to_status_id": 1230861921542381570, "in_reply_to_status_id_str": "1230861921542381570", "in_reply_to_user_id": 90524645, "in_reply_to_user_id_str": "90524645", "in_reply_to_screen_name": "BR24", "user": {"id": 90524645, "id_str": "90524645", "name": "BR24", "screen_name": "BR24", "location": "M\u00fcnchen, Bayern", "description": "Dar\u00fcber spricht Bayern. An der Tastatur: @rupprich", "url": "https://t.co/reyIDBBGTo", "entities": {"url": {"urls": [{"url": "https://t.co/reyIDBBGTo", "expanded_url": "http://www.br24.de", "display_url": "br24.de", "indices": [0, 23]}]}, "description": {"urls": []}}, "protected": false, "followers_count": 42031, "friends_count": 1304, "listed_count": 953, "created_at": "Tue Nov 17 00:37:00 +0000 2009", "favourites_count": 8162, "utc_offset": null, "time_zone": null, "geo_enabled": true, "verified": true, "statuses_count": 138333, "lang": null, "contributors_enabled": false, "is_translator": false, "is_translation_enabled": false, "profile_background_color": "FFFFFF", "profile_background_image_url": "http://abs.twimg.com/images/themes/theme1/bg.png", "profile_background_image_url_https": "https://abs.twimg.com/images/themes/theme1/bg.png", "profile_background_tile": false, "profile_image_url": "http://pbs.twimg.com/profile_images/875689536306728960/ZjT-XMQ9_normal.jpg", "profile_image_url_https": "https://pbs.twimg.com/profile_images/875689536306728960/ZjT-XMQ9_normal.jpg", "profile_banner_url": "https://pbs.twimg.com/profile_banners/90524645/1547183906", "profile_link_color": "0084B4", "profile_sidebar_border_color": "000000", "profile_sidebar_fill_color": "DDEEF6", "profile_text_color": "333333", "profile_use_background_image": true, "has_extended_profile": false, "default_profile": false, "default_profile_image": false, "following": false, "follow_request_sent": false, "notifications": false, "translator_type": "regular"}, "geo": null, "coordinates": null, "place": null, "contributors": null, "is_quote_status": false, "retweet_count": 2, "favorite_count": 0, "favorited": false, "retweeted": false, "possibly_sensitive": false, "lang": "de"}, "is_quote_status": false, "retweet_count": 2, "favorite_count": 0, "favorited": false, "retweeted": false, "lang": "de"}