{"created_at": "Thu Feb 20 09:03:36 +0000 2020", "id": 1230417707859927041, "id_str": "1230417707859927041", "text": "#Coronavirus als Bew\u00e4hrungsprobe f\u00fcr effektive #Notfallkommunikation https://t.co/rqfCatv3n0 #Covid #NCOV\u2026 https://t.co/xUBTiEd59K", "truncated": true, "entities": {"hashtags": [{"text": "Coronavirus", "indices": [0, 12]}, {"text": "Notfallkommunikation", "indices": [47, 68]}, {"text": "Covid", "indices": [93, 99]}, {"text": "NCOV", "indices": [100, 105]}], "symbols": [], "user_mentions": [], "urls": [{"url": "https://t.co/rqfCatv3n0", "expanded_url": "https://www.healthcare-computing.de/coronavirus-als-bewaehrungsprobe-fuer-effektive-notfallkommunikation-a-906762/", "display_url": "healthcare-computing.de/coronavirus-al\u2026", "indices": [69, 92]}, {"url": "https://t.co/xUBTiEd59K", "expanded_url": "https://twitter.com/i/web/status/1230417707859927041", "display_url": "twitter.com/i/web/status/1\u2026", "indices": [107, 130]}]}, "metadata": {"iso_language_code": "de", "result_type": "recent"}, "source": "<a href=\"http://twitter.com\" rel=\"nofollow\">Twitter Web Client</a>", "in_reply_to_status_id": null, "in_reply_to_status_id_str": null, "in_reply_to_user_id": null, "in_reply_to_user_id_str": null, "in_reply_to_screen_name": null, "user": {"id": 1105830381180383238, "id_str": "1105830381180383238", "name": "Healthcare Computing", "screen_name": "healthcomde", "location": "Augsburg, Deutschland", "description": "Gibt einen zuverl\u00e4ssigen \u00dcberblick \u00fcber aktuelle Technologien, Initiativen, Trends und Vorgaben im Gesundheitswesen und informiert IT-Entscheider.", "url": "https://t.co/wHRYEZZPMR", "entities": {"url": {"urls": [{"url": "https://t.co/wHRYEZZPMR", "expanded_url": "http://www.healthcare-computing.de", "display_url": "healthcare-computing.de", "indices": [0, 23]}]}, "description": {"urls": []}}, "protected": false, "followers_count": 440, "friends_count": 836, "listed_count": 6, "created_at": "Wed Mar 13 13:58:02 +0000 2019", "favourites_count": 23, "utc_offset": null, "time_zone": null, "geo_enabled": false, "verified": false, "statuses_count": 104, "lang": null, "contributors_enabled": false, "is_translator": false, "is_translation_enabled": false, "profile_background_color": "000000", "profile_background_image_url": "http://abs.twimg.com/images/themes/theme1/bg.png", "profile_background_image_url_https": "https://abs.twimg.com/images/themes/theme1/bg.png", "profile_background_tile": false, "profile_image_url": "http://pbs.twimg.com/profile_images/1138747351382843392/ck82f5zm_normal.png", "profile_image_url_https": "https://pbs.twimg.com/profile_images/1138747351382843392/ck82f5zm_normal.png", "profile_banner_url": "https://pbs.twimg.com/profile_banners/1105830381180383238/1559639538", "profile_link_color": "91D2FA", "profile_sidebar_border_color": "000000", "profile_sidebar_fill_color": "000000", "profile_text_color": "000000", "profile_use_background_image": false, "has_extended_profile": false, "default_profile": false, "default_profile_image": false, "following": false, "follow_request_sent": false, "notifications": false, "translator_type": "none"}, "geo": null, "coordinates": null, "place": null, "contributors": null, "is_quote_status": false, "retweet_count": 0, "favorite_count": 0, "favorited": false, "retweeted": false, "possibly_sensitive": false, "lang": "de"}