{"created_at": "Tue Feb 18 05:41:07 +0000 2020", "id": 1229641976804409344, "id_str": "1229641976804409344", "text": "RT @BR24: Der #Ticker zum #Coronavirus:\n\ud83d\udc49Nach Angaben von #China an die #WHO geht die Zahl der Neuinfektionen mit #COVID19 zur\u00fcck \n\ud83d\udc49Passagi\u2026", "truncated": false, "entities": {"hashtags": [{"text": "Ticker", "indices": [14, 21]}, {"text": "Coronavirus", "indices": [26, 38]}, {"text": "China", "indices": [58, 64]}, {"text": "WHO", "indices": [72, 76]}, {"text": "COVID19", "indices": [114, 122]}], "symbols": [], "user_mentions": [{"screen_name": "BR24", "name": "BR24", "id": 90524645, "id_str": "90524645", "indices": [3, 8]}], "urls": []}, "metadata": {"iso_language_code": "de", "result_type": "recent"}, "source": "<a href=\"http://twitter.com/download/iphone\" rel=\"nofollow\">Twitter for iPhone</a>", "in_reply_to_status_id": null, "in_reply_to_status_id_str": null, "in_reply_to_user_id": null, "in_reply_to_user_id_str": null, "in_reply_to_screen_name": null, "user": {"id": 129514240, "id_str": "129514240", "name": "M\u00f3nica K\u00fcpfer", "screen_name": "MonicaKuepfer", "location": "Santiago, Chile", "description": "Amo el deporte, el arte y la tecnolog\u00eda.", "url": null, "entities": {"description": {"urls": []}}, "protected": false, "followers_count": 4629, "friends_count": 4276, "listed_count": 218, "created_at": "Sun Apr 04 15:00:44 +0000 2010", "favourites_count": 181533, "utc_offset": null, "time_zone": null, "geo_enabled": true, "verified": false, "statuses_count": 261067, "lang": null, "contributors_enabled": false, "is_translator": false, "is_translation_enabled": false, "profile_background_color": "89C9FA", "profile_background_image_url": "http://abs.twimg.com/images/themes/theme18/bg.gif", "profile_background_image_url_https": "https://abs.twimg.com/images/themes/theme18/bg.gif", "profile_background_tile": true, "profile_image_url": "http://pbs.twimg.com/profile_images/1207797782507147266/a7LcN_j5_normal.jpg", "profile_image_url_https": "https://pbs.twimg.com/profile_images/1207797782507147266/a7LcN_j5_normal.jpg", "profile_banner_url": "https://pbs.twimg.com/profile_banners/129514240/1576797372", "profile_link_color": "9266CC", "profile_sidebar_border_color": "FFFFFF", "profile_sidebar_fill_color": "99CC33", "profile_text_color": "3E4415", "profile_use_background_image": true, "has_extended_profile": false, "default_profile": false, "default_profile_image": false, "following": false, "follow_request_sent": false, "notifications": false, "translator_type": "none"}, "geo": null, "coordinates": null, "place": null, "contributors": null, "retweeted_status": {"created_at": "Tue Feb 18 05:33:41 +0000 2020", "id": 1229640107336044545, "id_str": "1229640107336044545", "text": "Der #Ticker zum #Coronavirus:\n\ud83d\udc49Nach Angaben von #China an die #WHO geht die Zahl der Neuinfektionen mit #COVID19 zu\u2026 https://t.co/I835G3f8R8", "truncated": true, "entities": {"hashtags": [{"text": "Ticker", "indices": [4, 11]}, {"text": "Coronavirus", "indices": [16, 28]}, {"text": "China", "indices": [48, 54]}, {"text": "WHO", "indices": [62, 66]}, {"text": "COVID19", "indices": [104, 112]}], "symbols": [], "user_mentions": [], "urls": [{"url": "https://t.co/I835G3f8R8", "expanded_url": "https://twitter.com/i/web/status/1229640107336044545", "display_url": "twitter.com/i/web/status/1\u2026", "indices": [117, 140]}]}, "metadata": {"iso_language_code": "de", "result_type": "recent"}, "source": "<a href=\"https://mobile.twitter.com\" rel=\"nofollow\">Twitter Web App</a>", "in_reply_to_status_id": null, "in_reply_to_status_id_str": null, "in_reply_to_user_id": null, "in_reply_to_user_id_str": null, "in_reply_to_screen_name": null, "user": {"id": 90524645, "id_str": "90524645", "name": "BR24", "screen_name": "BR24", "location": "M\u00fcnchen, Bayern", "description": "Dar\u00fcber spricht Bayern. An der Tastatur: @rupprich", "url": "https://t.co/reyIDBBGTo", "entities": {"url": {"urls": [{"url": "https://t.co/reyIDBBGTo", "expanded_url": "http://www.br24.de", "display_url": "br24.de", "indices": [0, 23]}]}, "description": {"urls": []}}, "protected": false, "followers_count": 42031, "friends_count": 1304, "listed_count": 953, "created_at": "Tue Nov 17 00:37:00 +0000 2009", "favourites_count": 8162, "utc_offset": null, "time_zone": null, "geo_enabled": true, "verified": true, "statuses_count": 138333, "lang": null, "contributors_enabled": false, "is_translator": false, "is_translation_enabled": false, "profile_background_color": "FFFFFF", "profile_background_image_url": "http://abs.twimg.com/images/themes/theme1/bg.png", "profile_background_image_url_https": "https://abs.twimg.com/images/themes/theme1/bg.png", "profile_background_tile": false, "profile_image_url": "http://pbs.twimg.com/profile_images/875689536306728960/ZjT-XMQ9_normal.jpg", "profile_image_url_https": "https://pbs.twimg.com/profile_images/875689536306728960/ZjT-XMQ9_normal.jpg", "profile_banner_url": "https://pbs.twimg.com/profile_banners/90524645/1547183906", "profile_link_color": "0084B4", "profile_sidebar_border_color": "000000", "profile_sidebar_fill_color": "DDEEF6", "profile_text_color": "333333", "profile_use_background_image": true, "has_extended_profile": false, "default_profile": false, "default_profile_image": false, "following": false, "follow_request_sent": false, "notifications": false, "translator_type": "regular"}, "geo": null, "coordinates": null, "place": null, "contributors": null, "is_quote_status": false, "retweet_count": 4, "favorite_count": 4, "favorited": false, "retweeted": false, "possibly_sensitive": false, "lang": "de"}, "is_quote_status": false, "retweet_count": 4, "favorite_count": 0, "favorited": false, "retweeted": false, "lang": "de"}