{"created_at": "Fri Feb 21 12:00:21 +0000 2020", "id": 1230824577980391424, "id_str": "1230824577980391424", "text": "RT @diekmann_t: Landung von China-R\u00fcckkehrern in #Stuttgart vrsl. gegen 13:20 Uhr. Dann sollen die 15 Personen in einem Hotel in #Kirchheim\u2026", "truncated": false, "entities": {"hashtags": [{"text": "Stuttgart", "indices": [49, 59]}, {"text": "Kirchheim", "indices": [129, 139]}], "symbols": [], "user_mentions": [{"screen_name": "diekmann_t", "name": "Tim Diekmann", "id": 2728393181, "id_str": "2728393181", "indices": [3, 14]}], "urls": []}, "metadata": {"iso_language_code": "de", "result_type": "recent"}, "source": "<a href=\"http://twitter.com/download/android\" rel=\"nofollow\">Twitter for Android</a>", "in_reply_to_status_id": null, "in_reply_to_status_id_str": null, "in_reply_to_user_id": null, "in_reply_to_user_id_str": null, "in_reply_to_screen_name": null, "user": {"id": 473725876, "id_str": "473725876", "name": "Marie Laveau \ud83e\udd87", "screen_name": "Marie_Laveau_", "location": "", "description": "Nomadin.  Handlungsreisende. Heute hier, morgen dort. \u2600\ufe0f \u263d\u274d\u263e \u2606\u2605\u2606\n\nhttps://t.co/ELR4keIW8m\nhttps://t.co/CwDv4RhahN", "url": "https://t.co/i3MyGwequL", "entities": {"url": {"urls": [{"url": "https://t.co/i3MyGwequL", "expanded_url": "https://www.parkschuetzer.de", "display_url": "parkschuetzer.de", "indices": [0, 23]}]}, "description": {"urls": [{"url": "https://t.co/ELR4keIW8m", "expanded_url": "http://www.cams21.de", "display_url": "cams21.de", "indices": [66, 89]}, {"url": "https://t.co/CwDv4RhahN", "expanded_url": "http://www.parkschuetzer.de", "display_url": "parkschuetzer.de", "indices": [90, 113]}]}}, "protected": false, "followers_count": 1500, "friends_count": 1626, "listed_count": 184, "created_at": "Wed Jan 25 08:24:00 +0000 2012", "favourites_count": 19350, "utc_offset": null, "time_zone": null, "geo_enabled": false, "verified": false, "statuses_count": 218762, "lang": null, "contributors_enabled": false, "is_translator": false, "is_translation_enabled": false, "profile_background_color": "1A1B1F", "profile_background_image_url": "http://abs.twimg.com/images/themes/theme9/bg.gif", "profile_background_image_url_https": "https://abs.twimg.com/images/themes/theme9/bg.gif", "profile_background_tile": true, "profile_image_url": "http://pbs.twimg.com/profile_images/1232702895860088836/2Nyl5Qd6_normal.jpg", "profile_image_url_https": "https://pbs.twimg.com/profile_images/1232702895860088836/2Nyl5Qd6_normal.jpg", "profile_banner_url": "https://pbs.twimg.com/profile_banners/473725876/1407835923", "profile_link_color": "A6420B", "profile_sidebar_border_color": "FFFFFF", "profile_sidebar_fill_color": "252429", "profile_text_color": "666666", "profile_use_background_image": true, "has_extended_profile": false, "default_profile": false, "default_profile_image": false, "following": false, "follow_request_sent": false, "notifications": false, "translator_type": "none"}, "geo": null, "coordinates": null, "place": null, "contributors": null, "retweeted_status": {"created_at": "Fri Feb 21 11:54:30 +0000 2020", "id": 1230823105104314368, "id_str": "1230823105104314368", "text": "Landung von China-R\u00fcckkehrern in #Stuttgart vrsl. gegen 13:20 Uhr. Dann sollen die 15 Personen in einem Hotel in\u2026 https://t.co/pZMG6fh3aI", "truncated": true, "entities": {"hashtags": [{"text": "Stuttgart", "indices": [33, 43]}], "symbols": [], "user_mentions": [], "urls": [{"url": "https://t.co/pZMG6fh3aI", "expanded_url": "https://twitter.com/i/web/status/1230823105104314368", "display_url": "twitter.com/i/web/status/1\u2026", "indices": [114, 137]}]}, "metadata": {"iso_language_code": "de", "result_type": "recent"}, "source": "<a href=\"https://mobile.twitter.com\" rel=\"nofollow\">Twitter Web App</a>", "in_reply_to_status_id": null, "in_reply_to_status_id_str": null, "in_reply_to_user_id": null, "in_reply_to_user_id_str": null, "in_reply_to_screen_name": null, "user": {"id": 2728393181, "id_str": "2728393181", "name": "Tim Diekmann", "screen_name": "diekmann_t", "location": "Stuttgart, Deutschland", "description": "Reporter bei ARD/SWR in Stuttgart. @tagesschau @tagesthemen @mittagsmagazin Zuvor: @SWRaktuellBW. Hier privat.", "url": null, "entities": {"description": {"urls": []}}, "protected": false, "followers_count": 75, "friends_count": 184, "listed_count": 2, "created_at": "Tue Jul 29 18:43:39 +0000 2014", "favourites_count": 247, "utc_offset": null, "time_zone": null, "geo_enabled": true, "verified": false, "statuses_count": 396, "lang": null, "contributors_enabled": false, "is_translator": false, "is_translation_enabled": false, "profile_background_color": "000000", "profile_background_image_url": "http://abs.twimg.com/images/themes/theme1/bg.png", "profile_background_image_url_https": "https://abs.twimg.com/images/themes/theme1/bg.png", "profile_background_tile": false, "profile_image_url": "http://pbs.twimg.com/profile_images/1181858103865806848/rUmjM_SP_normal.jpg", "profile_image_url_https": "https://pbs.twimg.com/profile_images/1181858103865806848/rUmjM_SP_normal.jpg", "profile_link_color": "1B95E0", "profile_sidebar_border_color": "000000", "profile_sidebar_fill_color": "000000", "profile_text_color": "000000", "profile_use_background_image": false, "has_extended_profile": false, "default_profile": false, "default_profile_image": false, "following": false, "follow_request_sent": false, "notifications": false, "translator_type": "none"}, "geo": null, "coordinates": null, "place": null, "contributors": null, "is_quote_status": false, "retweet_count": 6, "favorite_count": 3, "favorited": false, "retweeted": false, "lang": "de"}, "is_quote_status": false, "retweet_count": 6, "favorite_count": 0, "favorited": false, "retweeted": false, "lang": "de"}