{"created_at": "Thu Feb 20 09:38:13 +0000 2020", "id": 1230426420322717696, "id_str": "1230426420322717696", "text": "Wegen #coronavirus: W\u00fcrth Elektronik eiSos pr\u00fcft die Verlagerung der Produktion einzelner Produkte von China nach M\u2026 https://t.co/936uWmpMlb", "truncated": true, "entities": {"hashtags": [{"text": "coronavirus", "indices": [6, 18]}], "symbols": [], "user_mentions": [], "urls": [{"url": "https://t.co/936uWmpMlb", "expanded_url": "https://twitter.com/i/web/status/1230426420322717696", "display_url": "twitter.com/i/web/status/1\u2026", "indices": [117, 140]}]}, "metadata": {"iso_language_code": "de", "result_type": "recent"}, "source": "<a href=\"http://twitter.com/download/iphone\" rel=\"nofollow\">Twitter for iPhone</a>", "in_reply_to_status_id": null, "in_reply_to_status_id_str": null, "in_reply_to_user_id": null, "in_reply_to_user_id_str": null, "in_reply_to_screen_name": null, "user": {"id": 790648417835941888, "id_str": "790648417835941888", "name": "Markt&Technik", "screen_name": "MarktTechTweets", "location": "Haar bei M\u00fcnchen", "description": "Hier twittert die Redaktion von Markt&Technik, Europas gr\u00f6\u00dfter Fachzeitschrift f\u00fcr Elektronik.\nImpressum:  https://t.co/wvHryu41Mv", "url": null, "entities": {"description": {"urls": [{"url": "https://t.co/wvHryu41Mv", "expanded_url": "https://www.elektroniknet.de/impressum", "display_url": "elektroniknet.de/impressum", "indices": [107, 130]}]}}, "protected": false, "followers_count": 968, "friends_count": 304, "listed_count": 62, "created_at": "Mon Oct 24 20:17:27 +0000 2016", "favourites_count": 1957, "utc_offset": null, "time_zone": null, "geo_enabled": true, "verified": false, "statuses_count": 2417, "lang": null, "contributors_enabled": false, "is_translator": false, "is_translation_enabled": false, "profile_background_color": "000000", "profile_background_image_url": "http://abs.twimg.com/images/themes/theme1/bg.png", "profile_background_image_url_https": "https://abs.twimg.com/images/themes/theme1/bg.png", "profile_background_tile": false, "profile_image_url": "http://pbs.twimg.com/profile_images/1167372781102800896/44E6qKSt_normal.jpg", "profile_image_url_https": "https://pbs.twimg.com/profile_images/1167372781102800896/44E6qKSt_normal.jpg", "profile_banner_url": "https://pbs.twimg.com/profile_banners/790648417835941888/1550742672", "profile_link_color": "ABB8C2", "profile_sidebar_border_color": "000000", "profile_sidebar_fill_color": "000000", "profile_text_color": "000000", "profile_use_background_image": false, "has_extended_profile": false, "default_profile": false, "default_profile_image": false, "following": false, "follow_request_sent": false, "notifications": false, "translator_type": "none"}, "geo": null, "coordinates": null, "place": null, "contributors": null, "is_quote_status": false, "retweet_count": 2, "favorite_count": 3, "favorited": false, "retweeted": false, "possibly_sensitive": false, "lang": "de"}