{"created_at": "Tue Feb 18 19:29:34 +0000 2020", "id": 1229850461009784832, "id_str": "1229850461009784832", "text": "#Grippe und #Coronavirus - beides wird im aktuellen Kontext gerne in einem Atemzug genannt. @BergmannThilo und\u2026 https://t.co/xEbmYFzsGO", "truncated": true, "entities": {"hashtags": [{"text": "Grippe", "indices": [0, 7]}, {"text": "Coronavirus", "indices": [12, 24]}], "symbols": [], "user_mentions": [{"screen_name": "BergmannThilo", "name": "Thilo Bergmann", "id": 1022729538516791296, "id_str": "1022729538516791296", "indices": [92, 106]}], "urls": [{"url": "https://t.co/xEbmYFzsGO", "expanded_url": "https://twitter.com/i/web/status/1229850461009784832", "display_url": "twitter.com/i/web/status/1\u2026", "indices": [112, 135]}]}, "metadata": {"iso_language_code": "de", "result_type": "recent"}, "source": "<a href=\"http://twitter.com/download/android\" rel=\"nofollow\">Twitter for Android</a>", "in_reply_to_status_id": null, "in_reply_to_status_id_str": null, "in_reply_to_user_id": null, "in_reply_to_user_id_str": null, "in_reply_to_screen_name": null, "user": {"id": 2562959317, "id_str": "2562959317", "name": "Michael Wollny", "screen_name": "MichaWollny", "location": "Ravensburg, Deutschland", "description": "Chef vom Dienst Online / stellv. Leiter Digitalredaktion  https://t.co/xCkwkFKaPw / Schw\u00e4bische Zeitung \ud83c\uddea\ud83c\uddfa\nEhemals Eurosport, Sport1, GMX", "url": "https://t.co/80LY6flF25", "entities": {"url": {"urls": [{"url": "https://t.co/80LY6flF25", "expanded_url": "https://michaelwollny.wordpress.com/", "display_url": "michaelwollny.wordpress.com", "indices": [0, 23]}]}, "description": {"urls": [{"url": "https://t.co/xCkwkFKaPw", "expanded_url": "http://xn--schwbische-t5a.de", "display_url": "schw\u00e4bische.de", "indices": [58, 81]}]}}, "protected": false, "followers_count": 752, "friends_count": 1018, "listed_count": 27, "created_at": "Thu Jun 12 07:55:04 +0000 2014", "favourites_count": 3575, "utc_offset": null, "time_zone": null, "geo_enabled": true, "verified": false, "statuses_count": 4383, "lang": null, "contributors_enabled": false, "is_translator": false, "is_translation_enabled": false, "profile_background_color": "232A2E", "profile_background_image_url": "http://abs.twimg.com/images/themes/theme1/bg.png", "profile_background_image_url_https": "https://abs.twimg.com/images/themes/theme1/bg.png", "profile_background_tile": false, "profile_image_url": "http://pbs.twimg.com/profile_images/1163188735133007872/U4lrCVs7_normal.jpg", "profile_image_url_https": "https://pbs.twimg.com/profile_images/1163188735133007872/U4lrCVs7_normal.jpg", "profile_banner_url": "https://pbs.twimg.com/profile_banners/2562959317/1570112546", "profile_link_color": "0D0C0C", "profile_sidebar_border_color": "000000", "profile_sidebar_fill_color": "DDEEF6", "profile_text_color": "333333", "profile_use_background_image": false, "has_extended_profile": false, "default_profile": false, "default_profile_image": false, "following": false, "follow_request_sent": false, "notifications": false, "translator_type": "none"}, "geo": null, "coordinates": null, "place": null, "contributors": null, "is_quote_status": false, "retweet_count": 2, "favorite_count": 2, "favorited": false, "retweeted": false, "possibly_sensitive": false, "lang": "de"}