{"created_at": "Fri Feb 21 18:37:32 +0000 2020", "id": 1230924529985130498, "id_str": "1230924529985130498", "text": "RT @WorldPentathlon: \u26a0\ufe0f#BREAKING\n\nThe UIPM 2020 Pentathlon World Championships has been moved to Cancun \ud83c\uddf2\ud83c\uddfd \n\nXiamen \ud83c\udde8\ud83c\uddf3 will now host our fl\u2026", "truncated": false, "entities": {"hashtags": [{"text": "BREAKING", "indices": [23, 32]}], "symbols": [], "user_mentions": [{"screen_name": "WorldPentathlon", "name": "UIPM - World Pentathlon", "id": 109214716, "id_str": "109214716", "indices": [3, 19]}], "urls": []}, "metadata": {"iso_language_code": "en", "result_type": "recent"}, "source": "<a href=\"http://twitter.com/download/iphone\" rel=\"nofollow\">Twitter for iPhone</a>", "in_reply_to_status_id": null, "in_reply_to_status_id_str": null, "in_reply_to_user_id": null, "in_reply_to_user_id_str": null, "in_reply_to_screen_name": null, "user": {"id": 108090268, "id_str": "108090268", "name": "Jocelin Flores", "screen_name": "Jocelinflores", "location": "Mexico, City", "description": "Orgullosamente mexicana \ud83d\udc4a\ud83c\udffb\ud83c\uddf2\ud83c\uddfd\ud83d\udc4a\ud83c\udffbMam\u00e1\ud83e\udd31\ud83c\udffc Periodista\ud83d\udc69\ud83c\udffc\u200d\ud83d\udcbbReportera \ud83c\udf99 Coordinadora de informaci\u00f3n de Deportes @record_mexico \ud83e\udd47\ud83c\udfc6IG\ud83d\udc49\ud83c\udffbjocelinflores", "url": "https://t.co/nzY3Git4kc", "entities": {"url": {"urls": [{"url": "https://t.co/nzY3Git4kc", "expanded_url": "http://www.record.com", "display_url": "record.com", "indices": [0, 23]}]}, "description": {"urls": []}}, "protected": false, "followers_count": 11166, "friends_count": 863, "listed_count": 141, "created_at": "Sun Jan 24 20:29:33 +0000 2010", "favourites_count": 6986, "utc_offset": null, "time_zone": null, "geo_enabled": true, "verified": true, "statuses_count": 14549, "lang": null, "contributors_enabled": false, "is_translator": false, "is_translation_enabled": false, "profile_background_color": "642D8B", "profile_background_image_url": "http://abs.twimg.com/images/themes/theme10/bg.gif", "profile_background_image_url_https": "https://abs.twimg.com/images/themes/theme10/bg.gif", "profile_background_tile": true, "profile_image_url": "http://pbs.twimg.com/profile_images/1220352832605261824/TO7k0LGZ_normal.jpg", "profile_image_url_https": "https://pbs.twimg.com/profile_images/1220352832605261824/TO7k0LGZ_normal.jpg", "profile_banner_url": "https://pbs.twimg.com/profile_banners/108090268/1541698434", "profile_link_color": "FF0000", "profile_sidebar_border_color": "65B0DA", "profile_sidebar_fill_color": "7AC3EE", "profile_text_color": "3D1957", "profile_use_background_image": true, "has_extended_profile": true, "default_profile": false, "default_profile_image": false, "following": false, "follow_request_sent": false, "notifications": false, "translator_type": "none"}, "geo": null, "coordinates": null, "place": null, "contributors": null, "retweeted_status": {"created_at": "Fri Feb 21 17:31:54 +0000 2020", "id": 1230908015546634240, "id_str": "1230908015546634240", "text": "\u26a0\ufe0f#BREAKING\n\nThe UIPM 2020 Pentathlon World Championships has been moved to Cancun \ud83c\uddf2\ud83c\uddfd \n\nXiamen \ud83c\udde8\ud83c\uddf3 will now host our\u2026 https://t.co/PyJ4SbcpgW", "truncated": true, "entities": {"hashtags": [{"text": "BREAKING", "indices": [2, 11]}], "symbols": [], "user_mentions": [], "urls": [{"url": "https://t.co/PyJ4SbcpgW", "expanded_url": "https://twitter.com/i/web/status/1230908015546634240", "display_url": "twitter.com/i/web/status/1\u2026", "indices": [117, 140]}]}, "metadata": {"iso_language_code": "en", "result_type": "recent"}, "source": "<a href=\"https://mobile.twitter.com\" rel=\"nofollow\">Twitter Web App</a>", "in_reply_to_status_id": null, "in_reply_to_status_id_str": null, "in_reply_to_user_id": null, "in_reply_to_user_id_str": null, "in_reply_to_screen_name": null, "user": {"id": 109214716, "id_str": "109214716", "name": "UIPM - World Pentathlon", "screen_name": "WorldPentathlon", "location": "Monaco", "description": "Global governing body for Modern Pentathlon.", "url": "https://t.co/iRbRaXz7dv", "entities": {"url": {"urls": [{"url": "https://t.co/iRbRaXz7dv", "expanded_url": "http://UIPMworld.org", "display_url": "UIPMworld.org", "indices": [0, 23]}]}, "description": {"urls": []}}, "protected": false, "followers_count": 4537, "friends_count": 840, "listed_count": 158, "created_at": "Thu Jan 28 09:46:22 +0000 2010", "favourites_count": 2599, "utc_offset": null, "time_zone": null, "geo_enabled": true, "verified": false, "statuses_count": 7759, "lang": null, "contributors_enabled": false, "is_translator": false, "is_translation_enabled": false, "profile_background_color": "3B94D9", "profile_background_image_url": "http://abs.twimg.com/images/themes/theme1/bg.png", "profile_background_image_url_https": "https://abs.twimg.com/images/themes/theme1/bg.png", "profile_background_tile": false, "profile_image_url": "http://pbs.twimg.com/profile_images/976790808266444802/Vghg8wbY_normal.jpg", "profile_image_url_https": "https://pbs.twimg.com/profile_images/976790808266444802/Vghg8wbY_normal.jpg", "profile_banner_url": "https://pbs.twimg.com/profile_banners/109214716/1582015681", "profile_link_color": "3B94D9", "profile_sidebar_border_color": "FFFFFF", "profile_sidebar_fill_color": "EEF218", "profile_text_color": "333333", "profile_use_background_image": false, "has_extended_profile": false, "default_profile": false, "default_profile_image": false, "following": false, "follow_request_sent": false, "notifications": false, "translator_type": "none"}, "geo": null, "coordinates": null, "place": null, "contributors": null, "is_quote_status": false, "retweet_count": 41, "favorite_count": 77, "favorited": false, "retweeted": false, "possibly_sensitive": false, "lang": "en"}, "is_quote_status": false, "retweet_count": 41, "favorite_count": 0, "favorited": false, "retweeted": false, "lang": "en"}