{"created_at": "Fri Feb 21 06:38:43 +0000 2020", "id": 1230743637547311112, "id_str": "1230743637547311112", "text": "Wie die Gesellschaft f\u00fcr Konsumforschung herausgefunden hat, hat sich das #Coronavirus noch nicht auf den Konsumkli\u2026 https://t.co/0lMJ6y5VvV", "truncated": true, "entities": {"hashtags": [{"text": "Coronavirus", "indices": [74, 86]}], "symbols": [], "user_mentions": [], "urls": [{"url": "https://t.co/0lMJ6y5VvV", "expanded_url": "https://twitter.com/i/web/status/1230743637547311112", "display_url": "twitter.com/i/web/status/1\u2026", "indices": [117, 140]}]}, "metadata": {"iso_language_code": "de", "result_type": "recent"}, "source": "<a href=\"https://mobile.twitter.com\" rel=\"nofollow\">Twitter Web App</a>", "in_reply_to_status_id": null, "in_reply_to_status_id_str": null, "in_reply_to_user_id": null, "in_reply_to_user_id_str": null, "in_reply_to_screen_name": null, "user": {"id": 17893238, "id_str": "17893238", "name": "Klaus Schrage", "screen_name": "hirnduebel", "location": "N\u00fcrnberg", "description": "1958 geboren, Reporter und Betriebsrat in N\u00fcrnberg. Oft am\u00fcsiert, manchmal erschrocken \u00fcber das Weltgeschehen.", "url": "http://t.co/ES3P1HYtip", "entities": {"url": {"urls": [{"url": "http://t.co/ES3P1HYtip", "expanded_url": "http://blog.nn-online.de/hirnduebel", "display_url": "blog.nn-online.de/hirnduebel", "indices": [0, 22]}]}, "description": {"urls": []}}, "protected": false, "followers_count": 2749, "friends_count": 1348, "listed_count": 250, "created_at": "Fri Dec 05 08:13:10 +0000 2008", "favourites_count": 3337, "utc_offset": null, "time_zone": null, "geo_enabled": true, "verified": false, "statuses_count": 38104, "lang": null, "contributors_enabled": false, "is_translator": false, "is_translation_enabled": false, "profile_background_color": "9AE4E8", "profile_background_image_url": "http://abs.twimg.com/images/themes/theme1/bg.png", "profile_background_image_url_https": "https://abs.twimg.com/images/themes/theme1/bg.png", "profile_background_tile": false, "profile_image_url": "http://pbs.twimg.com/profile_images/66429744/hirn_normal.jpg", "profile_image_url_https": "https://pbs.twimg.com/profile_images/66429744/hirn_normal.jpg", "profile_link_color": "0084B4", "profile_sidebar_border_color": "BDDCAD", "profile_sidebar_fill_color": "DDFFCC", "profile_text_color": "DD5F5F", "profile_use_background_image": true, "has_extended_profile": false, "default_profile": false, "default_profile_image": false, "following": false, "follow_request_sent": false, "notifications": false, "translator_type": "none"}, "geo": null, "coordinates": null, "place": null, "contributors": null, "is_quote_status": false, "retweet_count": 0, "favorite_count": 1, "favorited": false, "retweeted": false, "lang": "de"}