{"created_at": "Wed Feb 19 04:36:48 +0000 2020", "id": 1229988177097547777, "id_str": "1229988177097547777", "text": "RT @PrettyAwesomeDa: If you need a spark hope than watch the video. But please DON'T CLICK the link!!! #Coronavirus https://t.co/dnC9VMRoWn\u2026", "truncated": false, "entities": {"hashtags": [{"text": "Coronavirus", "indices": [103, 115]}], "symbols": [], "user_mentions": [{"screen_name": "PrettyAwesomeDa", "name": "Pretty Awesome Data", "id": 3367084329, "id_str": "3367084329", "indices": [3, 19]}], "urls": [{"url": "https://t.co/dnC9VMRoWn", "expanded_url": "https://youtu.be/uFd0w7H-jlo", "display_url": "youtu.be/uFd0w7H-jlo", "indices": [116, 139]}]}, "metadata": {"iso_language_code": "en", "result_type": "recent"}, "source": "<a href=\"https://mobile.twitter.com\" rel=\"nofollow\">Twitter Web App</a>", "in_reply_to_status_id": null, "in_reply_to_status_id_str": null, "in_reply_to_user_id": null, "in_reply_to_user_id_str": null, "in_reply_to_screen_name": null, "user": {"id": 723134282, "id_str": "723134282", "name": "\ufffd", "screen_name": "LackOfToast", "location": "K\u0101piti Coast", "description": "Information is a virus", "url": null, "entities": {"description": {"urls": []}}, "protected": false, "followers_count": 176, "friends_count": 282, "listed_count": 4, "created_at": "Sun Jul 29 01:23:27 +0000 2012", "favourites_count": 9651, "utc_offset": null, "time_zone": null, "geo_enabled": true, "verified": false, "statuses_count": 19885, "lang": null, "contributors_enabled": false, "is_translator": false, "is_translation_enabled": false, "profile_background_color": "1A1B1F", "profile_background_image_url": "http://abs.twimg.com/images/themes/theme9/bg.gif", "profile_background_image_url_https": "https://abs.twimg.com/images/themes/theme9/bg.gif", "profile_background_tile": false, "profile_image_url": "http://pbs.twimg.com/profile_images/877764581044518912/3e2cOMCa_normal.jpg", "profile_image_url_https": "https://pbs.twimg.com/profile_images/877764581044518912/3e2cOMCa_normal.jpg", "profile_banner_url": "https://pbs.twimg.com/profile_banners/723134282/1356014629", "profile_link_color": "004A34", "profile_sidebar_border_color": "181A1E", "profile_sidebar_fill_color": "252429", "profile_text_color": "666666", "profile_use_background_image": true, "has_extended_profile": false, "default_profile": false, "default_profile_image": false, "following": false, "follow_request_sent": false, "notifications": false, "translator_type": "none"}, "geo": null, "coordinates": null, "place": null, "contributors": null, "retweeted_status": {"created_at": "Tue Feb 18 19:11:37 +0000 2020", "id": 1229845945464041474, "id_str": "1229845945464041474", "text": "If you need a spark hope than watch the video. But please DON'T CLICK the link!!! #Coronavirus\u2026 https://t.co/UfU6Yk8xtF", "truncated": true, "entities": {"hashtags": [{"text": "Coronavirus", "indices": [82, 94]}], "symbols": [], "user_mentions": [], "urls": [{"url": "https://t.co/UfU6Yk8xtF", "expanded_url": "https://twitter.com/i/web/status/1229845945464041474", "display_url": "twitter.com/i/web/status/1\u2026", "indices": [96, 119]}]}, "metadata": {"iso_language_code": "en", "result_type": "recent"}, "source": "<a href=\"https://mobile.twitter.com\" rel=\"nofollow\">Twitter Web App</a>", "in_reply_to_status_id": null, "in_reply_to_status_id_str": null, "in_reply_to_user_id": null, "in_reply_to_user_id_str": null, "in_reply_to_screen_name": null, "user": {"id": 3367084329, "id_str": "3367084329", "name": "Pretty Awesome Data", "screen_name": "PrettyAwesomeDa", "location": "N\u00fcrnberg", "description": "I am a Financial Controller and I love Data. So I will provide every day a new Video to trends and actual topics. Let's meet at my Youtube Channel.", "url": "https://t.co/F7tetAHHoe", "entities": {"url": {"urls": [{"url": "https://t.co/F7tetAHHoe", "expanded_url": "https://www.youtube.com/channel/UCpR8o0qEyZ-gMIB5AH5Xsnw", "display_url": "youtube.com/channel/UCpR8o\u2026", "indices": [0, 23]}]}, "description": {"urls": []}}, "protected": false, "followers_count": 65, "friends_count": 8, "listed_count": 1, "created_at": "Thu Jul 09 05:19:24 +0000 2015", "favourites_count": 88, "utc_offset": null, "time_zone": null, "geo_enabled": false, "verified": false, "statuses_count": 70, "lang": null, "contributors_enabled": false, "is_translator": false, "is_translation_enabled": false, "profile_background_color": "C0DEED", "profile_background_image_url": "http://abs.twimg.com/images/themes/theme1/bg.png", "profile_background_image_url_https": "https://abs.twimg.com/images/themes/theme1/bg.png", "profile_background_tile": false, "profile_image_url": "http://pbs.twimg.com/profile_images/1227579887680139265/mr_HPTuk_normal.jpg", "profile_image_url_https": "https://pbs.twimg.com/profile_images/1227579887680139265/mr_HPTuk_normal.jpg", "profile_banner_url": "https://pbs.twimg.com/profile_banners/3367084329/1581512828", "profile_link_color": "1DA1F2", "profile_sidebar_border_color": "C0DEED", "profile_sidebar_fill_color": "DDEEF6", "profile_text_color": "333333", "profile_use_background_image": true, "has_extended_profile": true, "default_profile": true, "default_profile_image": false, "following": false, "follow_request_sent": false, "notifications": false, "translator_type": "none"}, "geo": null, "coordinates": null, "place": null, "contributors": null, "is_quote_status": false, "retweet_count": 2, "favorite_count": 4, "favorited": false, "retweeted": false, "possibly_sensitive": false, "lang": "en"}, "is_quote_status": false, "retweet_count": 2, "favorite_count": 0, "favorited": false, "retweeted": false, "possibly_sensitive": false, "lang": "en"}