{"created_at": "Tue Feb 18 12:57:36 +0000 2020", "id": 1229751819355774976, "id_str": "1229751819355774976", "text": "Como cuando vives con otros tres tipos en un piso y lo \u00fanico que queda para limpiarte el culo son tus l\u00e1grimas....\u2026 https://t.co/9uQTGj0UC4", "truncated": true, "entities": {"hashtags": [], "symbols": [], "user_mentions": [], "urls": [{"url": "https://t.co/9uQTGj0UC4", "expanded_url": "https://twitter.com/i/web/status/1229751819355774976", "display_url": "twitter.com/i/web/status/1\u2026", "indices": [116, 139]}]}, "metadata": {"iso_language_code": "es", "result_type": "recent"}, "source": "<a href=\"http://twitter.com/download/iphone\" rel=\"nofollow\">Twitter for iPhone</a>", "in_reply_to_status_id": null, "in_reply_to_status_id_str": null, "in_reply_to_user_id": null, "in_reply_to_user_id_str": null, "in_reply_to_screen_name": null, "user": {"id": 844909423948632064, "id_str": "844909423948632064", "name": "Ricardo Castro", "screen_name": "Capt_Castro", "location": "Baden-W\u00fcrttemberg, Deutschland", "description": "Cachicamo dici\u00e9ndole al Morrocoy conchuo...", "url": null, "entities": {"description": {"urls": []}}, "protected": false, "followers_count": 17, "friends_count": 99, "listed_count": 0, "created_at": "Thu Mar 23 13:51:19 +0000 2017", "favourites_count": 10, "utc_offset": null, "time_zone": null, "geo_enabled": false, "verified": false, "statuses_count": 34, "lang": null, "contributors_enabled": false, "is_translator": false, "is_translation_enabled": false, "profile_background_color": "F5F8FA", "profile_background_image_url": null, "profile_background_image_url_https": null, "profile_background_tile": false, "profile_image_url": "http://pbs.twimg.com/profile_images/1168287105455480832/5tJ_7xOp_normal.jpg", "profile_image_url_https": "https://pbs.twimg.com/profile_images/1168287105455480832/5tJ_7xOp_normal.jpg", "profile_banner_url": "https://pbs.twimg.com/profile_banners/844909423948632064/1581903156", "profile_link_color": "1DA1F2", "profile_sidebar_border_color": "C0DEED", "profile_sidebar_fill_color": "DDEEF6", "profile_text_color": "333333", "profile_use_background_image": true, "has_extended_profile": true, "default_profile": true, "default_profile_image": false, "following": false, "follow_request_sent": false, "notifications": false, "translator_type": "none"}, "geo": null, "coordinates": null, "place": null, "contributors": null, "is_quote_status": false, "retweet_count": 0, "favorite_count": 3, "favorited": false, "retweeted": false, "possibly_sensitive": true, "lang": "es"}