{"created_at": "Fri Feb 21 17:48:44 +0000 2020", "id": 1230912250870931457, "id_str": "1230912250870931457", "text": "RT @WorldPentathlon: \u26a0\ufe0f#BREAKING\n\nThe UIPM 2020 Pentathlon World Championships has been moved to Cancun \ud83c\uddf2\ud83c\uddfd \n\nXiamen \ud83c\udde8\ud83c\uddf3 will now host our fl\u2026", "truncated": false, "entities": {"hashtags": [{"text": "BREAKING", "indices": [23, 32]}], "symbols": [], "user_mentions": [{"screen_name": "WorldPentathlon", "name": "UIPM - World Pentathlon", "id": 109214716, "id_str": "109214716", "indices": [3, 19]}], "urls": []}, "metadata": {"iso_language_code": "en", "result_type": "recent"}, "source": "<a href=\"https://mobile.twitter.com\" rel=\"nofollow\">Twitter Web App</a>", "in_reply_to_status_id": null, "in_reply_to_status_id_str": null, "in_reply_to_user_id": null, "in_reply_to_user_id_str": null, "in_reply_to_screen_name": null, "user": {"id": 43218906, "id_str": "43218906", "name": "\ud83d\udcfbRadio F\u00f3rmula QR \ud83d\udcfb", "screen_name": "RFQR", "location": "Canc\u00fan, Quintana Roo", "description": "Noticias de #Canc\u00fan, #QuintanaRoo y #M\u00e9xico. | An\u00e1lisis de los mejores comentaristas #AbriendoLaConversaci\u00f3n.  \ud83c\udf99\ud83c\udf89  #sosRFQR", "url": "https://t.co/spuqjJEE69", "entities": {"url": {"urls": [{"url": "https://t.co/spuqjJEE69", "expanded_url": "http://www.radioformulaqr.com", "display_url": "radioformulaqr.com", "indices": [0, 23]}]}, "description": {"urls": []}}, "protected": false, "followers_count": 25858, "friends_count": 1550, "listed_count": 205, "created_at": "Thu May 28 22:59:12 +0000 2009", "favourites_count": 3525, "utc_offset": null, "time_zone": null, "geo_enabled": true, "verified": false, "statuses_count": 90123, "lang": null, "contributors_enabled": false, "is_translator": false, "is_translation_enabled": false, "profile_background_color": "FFFFFF", "profile_background_image_url": "http://abs.twimg.com/images/themes/theme1/bg.png", "profile_background_image_url_https": "https://abs.twimg.com/images/themes/theme1/bg.png", "profile_background_tile": false, "profile_image_url": "http://pbs.twimg.com/profile_images/1191367750817648640/SGqbQwvd_normal.jpg", "profile_image_url_https": "https://pbs.twimg.com/profile_images/1191367750817648640/SGqbQwvd_normal.jpg", "profile_banner_url": "https://pbs.twimg.com/profile_banners/43218906/1581968304", "profile_link_color": "005ABB", "profile_sidebar_border_color": "FFFFFF", "profile_sidebar_fill_color": "DDEEF6", "profile_text_color": "333333", "profile_use_background_image": true, "has_extended_profile": true, "default_profile": false, "default_profile_image": false, "following": false, "follow_request_sent": false, "notifications": false, "translator_type": "none"}, "geo": null, "coordinates": null, "place": null, "contributors": null, "retweeted_status": {"created_at": "Fri Feb 21 17:31:54 +0000 2020", "id": 1230908015546634240, "id_str": "1230908015546634240", "text": "\u26a0\ufe0f#BREAKING\n\nThe UIPM 2020 Pentathlon World Championships has been moved to Cancun \ud83c\uddf2\ud83c\uddfd \n\nXiamen \ud83c\udde8\ud83c\uddf3 will now host our\u2026 https://t.co/PyJ4SbcpgW", "truncated": true, "entities": {"hashtags": [{"text": "BREAKING", "indices": [2, 11]}], "symbols": [], "user_mentions": [], "urls": [{"url": "https://t.co/PyJ4SbcpgW", "expanded_url": "https://twitter.com/i/web/status/1230908015546634240", "display_url": "twitter.com/i/web/status/1\u2026", "indices": [117, 140]}]}, "metadata": {"iso_language_code": "en", "result_type": "recent"}, "source": "<a href=\"https://mobile.twitter.com\" rel=\"nofollow\">Twitter Web App</a>", "in_reply_to_status_id": null, "in_reply_to_status_id_str": null, "in_reply_to_user_id": null, "in_reply_to_user_id_str": null, "in_reply_to_screen_name": null, "user": {"id": 109214716, "id_str": "109214716", "name": "UIPM - World Pentathlon", "screen_name": "WorldPentathlon", "location": "Monaco", "description": "Global governing body for Modern Pentathlon.", "url": "https://t.co/iRbRaXz7dv", "entities": {"url": {"urls": [{"url": "https://t.co/iRbRaXz7dv", "expanded_url": "http://UIPMworld.org", "display_url": "UIPMworld.org", "indices": [0, 23]}]}, "description": {"urls": []}}, "protected": false, "followers_count": 4537, "friends_count": 840, "listed_count": 158, "created_at": "Thu Jan 28 09:46:22 +0000 2010", "favourites_count": 2599, "utc_offset": null, "time_zone": null, "geo_enabled": true, "verified": false, "statuses_count": 7759, "lang": null, "contributors_enabled": false, "is_translator": false, "is_translation_enabled": false, "profile_background_color": "3B94D9", "profile_background_image_url": "http://abs.twimg.com/images/themes/theme1/bg.png", "profile_background_image_url_https": "https://abs.twimg.com/images/themes/theme1/bg.png", "profile_background_tile": false, "profile_image_url": "http://pbs.twimg.com/profile_images/976790808266444802/Vghg8wbY_normal.jpg", "profile_image_url_https": "https://pbs.twimg.com/profile_images/976790808266444802/Vghg8wbY_normal.jpg", "profile_banner_url": "https://pbs.twimg.com/profile_banners/109214716/1582015681", "profile_link_color": "3B94D9", "profile_sidebar_border_color": "FFFFFF", "profile_sidebar_fill_color": "EEF218", "profile_text_color": "333333", "profile_use_background_image": false, "has_extended_profile": false, "default_profile": false, "default_profile_image": false, "following": false, "follow_request_sent": false, "notifications": false, "translator_type": "none"}, "geo": null, "coordinates": null, "place": null, "contributors": null, "is_quote_status": false, "retweet_count": 41, "favorite_count": 77, "favorited": false, "retweeted": false, "possibly_sensitive": false, "lang": "en"}, "is_quote_status": false, "retweet_count": 41, "favorite_count": 0, "favorited": false, "retweeted": false, "lang": "en"}