{"created_at": "Wed Feb 19 12:46:54 +0000 2020", "id": 1230111514427785216, "id_str": "1230111514427785216", "text": "Auch wenn das #Coronavirus die Medien dominiert, sollte die Impfung gegen #Keuchhusten nicht vergessen werden. Beso\u2026 https://t.co/17S8wunaGQ", "truncated": true, "entities": {"hashtags": [{"text": "Coronavirus", "indices": [14, 26]}, {"text": "Keuchhusten", "indices": [74, 86]}], "symbols": [], "user_mentions": [], "urls": [{"url": "https://t.co/17S8wunaGQ", "expanded_url": "https://twitter.com/i/web/status/1230111514427785216", "display_url": "twitter.com/i/web/status/1\u2026", "indices": [117, 140]}]}, "metadata": {"iso_language_code": "de", "result_type": "recent"}, "source": "<a href=\"http://twitter.com\" rel=\"nofollow\">Twitter Web Client</a>", "in_reply_to_status_id": null, "in_reply_to_status_id_str": null, "in_reply_to_user_id": null, "in_reply_to_user_id_str": null, "in_reply_to_screen_name": null, "user": {"id": 3343774227, "id_str": "3343774227", "name": "BARMER BW", "screen_name": "BARMER_BW", "location": "Stuttgart, Baden-W\u00fcrttemberg", "description": "Hier twittert die Pressestelle der BARMER Baden-W\u00fcrttemberg Neues aus den Bereichen Gesundheit und Lebensqualit\u00e4t.", "url": "https://t.co/XLzBCqC5OC", "entities": {"url": {"urls": [{"url": "https://t.co/XLzBCqC5OC", "expanded_url": "https://www.barmer.de/presse/bundeslaender-aktuell/baden-wuerttemberg", "display_url": "barmer.de/presse/bundesl\u2026", "indices": [0, 23]}]}, "description": {"urls": []}}, "protected": false, "followers_count": 405, "friends_count": 297, "listed_count": 17, "created_at": "Wed Jun 24 09:34:41 +0000 2015", "favourites_count": 759, "utc_offset": null, "time_zone": null, "geo_enabled": true, "verified": false, "statuses_count": 1145, "lang": null, "contributors_enabled": false, "is_translator": false, "is_translation_enabled": false, "profile_background_color": "1E9ECB", "profile_background_image_url": "http://abs.twimg.com/images/themes/theme1/bg.png", "profile_background_image_url_https": "https://abs.twimg.com/images/themes/theme1/bg.png", "profile_background_tile": false, "profile_image_url": "http://pbs.twimg.com/profile_images/810750860326223872/J3l0UZsx_normal.jpg", "profile_image_url_https": "https://pbs.twimg.com/profile_images/810750860326223872/J3l0UZsx_normal.jpg", "profile_banner_url": "https://pbs.twimg.com/profile_banners/3343774227/1435145306", "profile_link_color": "84BD00", "profile_sidebar_border_color": "000000", "profile_sidebar_fill_color": "000000", "profile_text_color": "000000", "profile_use_background_image": false, "has_extended_profile": false, "default_profile": false, "default_profile_image": false, "following": false, "follow_request_sent": false, "notifications": false, "translator_type": "none"}, "geo": null, "coordinates": null, "place": null, "contributors": null, "is_quote_status": false, "retweet_count": 0, "favorite_count": 1, "favorited": false, "retweeted": false, "possibly_sensitive": false, "lang": "de"}