{"created_at": "Tue Feb 18 12:08:49 +0000 2020", "id": 1229739543059927040, "id_str": "1229739543059927040", "text": "RT @SPORT1: #Coronavirus: #VietnamGP nicht abgesagt. #F1 #Formel1 https://t.co/L0nExcA2ex", "truncated": false, "entities": {"hashtags": [{"text": "Coronavirus", "indices": [12, 24]}, {"text": "VietnamGP", "indices": [26, 36]}, {"text": "F1", "indices": [53, 56]}, {"text": "Formel1", "indices": [57, 65]}], "symbols": [], "user_mentions": [{"screen_name": "SPORT1", "name": "SPORT1", "id": 106053, "id_str": "106053", "indices": [3, 10]}], "urls": [{"url": "https://t.co/L0nExcA2ex", "expanded_url": "https://www.sport1.de/motorsport/formel1/2020/02/formel-1-grosser-preis-von-vietnam-findet-trotz-coronavirus-statt?utm_medium=Social&utm_source=Twitter#Echobox=1582026933", "display_url": "sport1.de/motorsport/for\u2026", "indices": [66, 89]}]}, "metadata": {"iso_language_code": "de", "result_type": "recent"}, "source": "<a href=\"http://www.placeholderidontknow.com/\" rel=\"nofollow\">Sugarappz</a>", "in_reply_to_status_id": null, "in_reply_to_status_id_str": null, "in_reply_to_user_id": null, "in_reply_to_user_id_str": null, "in_reply_to_screen_name": null, "user": {"id": 985471159427887105, "id_str": "985471159427887105", "name": "Sugarhelmet", "screen_name": "Sugarhelchen", "location": "", "description": "Sugar, Sugar  \ud83c\udfb5\ud83c\udfb6\ud83c\udfb5", "url": null, "entities": {"description": {"urls": []}}, "protected": false, "followers_count": 37, "friends_count": 48, "listed_count": 4, "created_at": "Sun Apr 15 10:53:28 +0000 2018", "favourites_count": 0, "utc_offset": null, "time_zone": null, "geo_enabled": false, "verified": false, "statuses_count": 12742, "lang": null, "contributors_enabled": false, "is_translator": false, "is_translation_enabled": false, "profile_background_color": "F5F8FA", "profile_background_image_url": null, "profile_background_image_url_https": null, "profile_background_tile": false, "profile_image_url": "http://pbs.twimg.com/profile_images/985473056255684609/7qQrbyMT_normal.jpg", "profile_image_url_https": "https://pbs.twimg.com/profile_images/985473056255684609/7qQrbyMT_normal.jpg", "profile_banner_url": "https://pbs.twimg.com/profile_banners/985471159427887105/1523789968", "profile_link_color": "1DA1F2", "profile_sidebar_border_color": "C0DEED", "profile_sidebar_fill_color": "DDEEF6", "profile_text_color": "333333", "profile_use_background_image": true, "has_extended_profile": false, "default_profile": true, "default_profile_image": false, "following": false, "follow_request_sent": false, "notifications": false, "translator_type": "none"}, "geo": null, "coordinates": null, "place": null, "contributors": null, "retweeted_status": {"created_at": "Tue Feb 18 12:05:23 +0000 2020", "id": 1229738681650552832, "id_str": "1229738681650552832", "text": "#Coronavirus: #VietnamGP nicht abgesagt. #F1 #Formel1 https://t.co/L0nExcA2ex", "truncated": false, "entities": {"hashtags": [{"text": "Coronavirus", "indices": [0, 12]}, {"text": "VietnamGP", "indices": [14, 24]}, {"text": "F1", "indices": [41, 44]}, {"text": "Formel1", "indices": [45, 53]}], "symbols": [], "user_mentions": [], "urls": [{"url": "https://t.co/L0nExcA2ex", "expanded_url": "https://www.sport1.de/motorsport/formel1/2020/02/formel-1-grosser-preis-von-vietnam-findet-trotz-coronavirus-statt?utm_medium=Social&utm_source=Twitter#Echobox=1582026933", "display_url": "sport1.de/motorsport/for\u2026", "indices": [54, 77]}]}, "metadata": {"iso_language_code": "de", "result_type": "recent"}, "source": "<a href=\"https://www.echobox.com\" rel=\"nofollow\">Echobox Social</a>", "in_reply_to_status_id": null, "in_reply_to_status_id_str": null, "in_reply_to_user_id": null, "in_reply_to_user_id_str": null, "in_reply_to_screen_name": null, "user": {"id": 106053, "id_str": "106053", "name": "SPORT1", "screen_name": "SPORT1", "location": "M\u00fcnchen", "description": "Offizieller Twitter-Account von SPORT1  Datenschutz: https://t.co/6rhWXilkxA\nImpressum:\nhttps://t.co/ee9PEl7FGu", "url": "https://t.co/OgiAwsbXUa", "entities": {"url": {"urls": [{"url": "https://t.co/OgiAwsbXUa", "expanded_url": "http://www.sport1.de", "display_url": "sport1.de", "indices": [0, 23]}]}, "description": {"urls": [{"url": "https://t.co/6rhWXilkxA", "expanded_url": "https://on.sport1.de/datenschutz", "display_url": "on.sport1.de/datenschutz", "indices": [53, 76]}, {"url": "https://t.co/ee9PEl7FGu", "expanded_url": "https://on.sport1.de/impressum", "display_url": "on.sport1.de/impressum", "indices": [88, 111]}]}}, "protected": false, "followers_count": 588258, "friends_count": 1881, "listed_count": 1729, "created_at": "Thu Dec 21 11:14:55 +0000 2006", "favourites_count": 8385, "utc_offset": null, "time_zone": null, "geo_enabled": true, "verified": true, "statuses_count": 171823, "lang": null, "contributors_enabled": false, "is_translator": false, "is_translation_enabled": false, "profile_background_color": "424242", "profile_background_image_url": "http://abs.twimg.com/images/themes/theme1/bg.png", "profile_background_image_url_https": "https://abs.twimg.com/images/themes/theme1/bg.png", "profile_background_tile": true, "profile_image_url": "http://pbs.twimg.com/profile_images/951815177334292480/JFq_wxld_normal.jpg", "profile_image_url_https": "https://pbs.twimg.com/profile_images/951815177334292480/JFq_wxld_normal.jpg", "profile_banner_url": "https://pbs.twimg.com/profile_banners/106053/1515765441", "profile_link_color": "424242", "profile_sidebar_border_color": "FFFFFF", "profile_sidebar_fill_color": "FFFFFF", "profile_text_color": "000000", "profile_use_background_image": true, "has_extended_profile": false, "default_profile": false, "default_profile_image": false, "following": false, "follow_request_sent": false, "notifications": false, "translator_type": "none"}, "geo": null, "coordinates": null, "place": null, "contributors": null, "is_quote_status": false, "retweet_count": 1, "favorite_count": 1, "favorited": false, "retweeted": false, "possibly_sensitive": false, "lang": "de"}, "is_quote_status": false, "retweet_count": 1, "favorite_count": 0, "favorited": false, "retweeted": false, "possibly_sensitive": false, "lang": "de"}