{"created_at": "Wed Feb 19 16:07:16 +0000 2020", "id": 1230161940376358912, "id_str": "1230161940376358912", "text": "RT @AlexRuebben: Was already confirmed in journal Nature: Remdesivir and chloroquine effectively inhibit the recently emerged novel coronav\u2026", "truncated": false, "entities": {"hashtags": [], "symbols": [], "user_mentions": [{"screen_name": "AlexRuebben", "name": "Alexander Ruebben", "id": 37893536, "id_str": "37893536", "indices": [3, 15]}], "urls": []}, "metadata": {"iso_language_code": "en", "result_type": "recent"}, "source": "<a href=\"https://mobile.twitter.com\" rel=\"nofollow\">Twitter Web App</a>", "in_reply_to_status_id": null, "in_reply_to_status_id_str": null, "in_reply_to_user_id": null, "in_reply_to_user_id_str": null, "in_reply_to_screen_name": null, "user": {"id": 948174042720342016, "id_str": "948174042720342016", "name": "Jo\u00ebl Mossong", "screen_name": "joel_mossong", "location": "Luxembourg", "description": "Head of Epidemiology and Microbial Genomics at National Health Laboratory. Interest in infectious disease epidemiology, microbiology, sequencing and modelling.", "url": "https://t.co/5dSflK4tqe", "entities": {"url": {"urls": [{"url": "https://t.co/5dSflK4tqe", "expanded_url": "https://lns.lu/departement/microbiologie/epidemiologie-genomique-microbienne/", "display_url": "lns.lu/departement/mi\u2026", "indices": [0, 23]}]}, "description": {"urls": []}}, "protected": false, "followers_count": 527, "friends_count": 552, "listed_count": 37, "created_at": "Tue Jan 02 12:48:02 +0000 2018", "favourites_count": 2591, "utc_offset": null, "time_zone": null, "geo_enabled": false, "verified": false, "statuses_count": 956, "lang": null, "contributors_enabled": false, "is_translator": false, "is_translation_enabled": false, "profile_background_color": "F5F8FA", "profile_background_image_url": null, "profile_background_image_url_https": null, "profile_background_tile": false, "profile_image_url": "http://pbs.twimg.com/profile_images/1225702341279649792/xPLU9nNR_normal.jpg", "profile_image_url_https": "https://pbs.twimg.com/profile_images/1225702341279649792/xPLU9nNR_normal.jpg", "profile_banner_url": "https://pbs.twimg.com/profile_banners/948174042720342016/1581065670", "profile_link_color": "1DA1F2", "profile_sidebar_border_color": "C0DEED", "profile_sidebar_fill_color": "DDEEF6", "profile_text_color": "333333", "profile_use_background_image": true, "has_extended_profile": false, "default_profile": true, "default_profile_image": false, "following": false, "follow_request_sent": false, "notifications": false, "translator_type": "none"}, "geo": null, "coordinates": null, "place": null, "contributors": null, "retweeted_status": {"created_at": "Mon Feb 17 12:36:35 +0000 2020", "id": 1229384142279843840, "id_str": "1229384142279843840", "text": "Was already confirmed in journal Nature: Remdesivir and chloroquine effectively inhibit the recently emerged novel\u2026 https://t.co/IxOxIrWDfz", "truncated": true, "entities": {"hashtags": [], "symbols": [], "user_mentions": [], "urls": [{"url": "https://t.co/IxOxIrWDfz", "expanded_url": "https://twitter.com/i/web/status/1229384142279843840", "display_url": "twitter.com/i/web/status/1\u2026", "indices": [116, 139]}]}, "metadata": {"iso_language_code": "en", "result_type": "recent"}, "source": "<a href=\"https://mobile.twitter.com\" rel=\"nofollow\">Twitter Web App</a>", "in_reply_to_status_id": null, "in_reply_to_status_id_str": null, "in_reply_to_user_id": null, "in_reply_to_user_id_str": null, "in_reply_to_screen_name": null, "user": {"id": 37893536, "id_str": "37893536", "name": "Alexander Ruebben", "screen_name": "AlexRuebben", "location": "Monaco", "description": "CEO and Founder of AR Baltic Medical, Interventional Radiologist, Researcher", "url": "https://t.co/tARegyGMoU", "entities": {"url": {"urls": [{"url": "https://t.co/tARegyGMoU", "expanded_url": "http://www.arbalticmedical.com", "display_url": "arbalticmedical.com", "indices": [0, 23]}]}, "description": {"urls": []}}, "protected": false, "followers_count": 51, "friends_count": 136, "listed_count": 0, "created_at": "Tue May 05 09:51:28 +0000 2009", "favourites_count": 485, "utc_offset": null, "time_zone": null, "geo_enabled": false, "verified": false, "statuses_count": 506, "lang": null, "contributors_enabled": false, "is_translator": false, "is_translation_enabled": false, "profile_background_color": "4062ED", "profile_background_image_url": "http://abs.twimg.com/images/themes/theme1/bg.png", "profile_background_image_url_https": "https://abs.twimg.com/images/themes/theme1/bg.png", "profile_background_tile": false, "profile_image_url": "http://pbs.twimg.com/profile_images/808300356677595136/a6ZiYPwL_normal.jpg", "profile_image_url_https": "https://pbs.twimg.com/profile_images/808300356677595136/a6ZiYPwL_normal.jpg", "profile_banner_url": "https://pbs.twimg.com/profile_banners/37893536/1554683220", "profile_link_color": "91D2FA", "profile_sidebar_border_color": "BDDCAD", "profile_sidebar_fill_color": "DDFFCC", "profile_text_color": "333333", "profile_use_background_image": true, "has_extended_profile": true, "default_profile": false, "default_profile_image": false, "following": false, "follow_request_sent": false, "notifications": false, "translator_type": "none"}, "geo": null, "coordinates": null, "place": null, "contributors": null, "is_quote_status": true, "quoted_status_id": 1229312385757827072, "quoted_status_id_str": "1229312385757827072", "quoted_status": {"created_at": "Mon Feb 17 07:51:26 +0000 2020", "id": 1229312385757827072, "id_str": "1229312385757827072", "text": "Chloroquine phosphate, a medicine that has been in the market for many years, has proven effective in treating\u2026 https://t.co/uCQqQ7pwXe", "truncated": true, "entities": {"hashtags": [], "symbols": [], "user_mentions": [], "urls": [{"url": "https://t.co/uCQqQ7pwXe", "expanded_url": "https://twitter.com/i/web/status/1229312385757827072", "display_url": "twitter.com/i/web/status/1\u2026", "indices": [112, 135]}]}, "metadata": {"iso_language_code": "en", "result_type": "recent"}, "source": "<a href=\"https://mobile.twitter.com\" rel=\"nofollow\">Twitter Web App</a>", "in_reply_to_status_id": null, "in_reply_to_status_id_str": null, "in_reply_to_user_id": null, "in_reply_to_user_id_str": null, "in_reply_to_screen_name": null, "user": {"id": 49616273, "id_str": "49616273", "name": "Global Times", "screen_name": "globaltimesnews", "location": "Beijing, China", "description": "China's national English language newspaper, under the People's Daily. Apps: https://t.co/pKmPtcE99D", "url": "https://t.co/5BbncctIPQ", "entities": {"url": {"urls": [{"url": "https://t.co/5BbncctIPQ", "expanded_url": "https://www.globaltimes.cn/", "display_url": "globaltimes.cn", "indices": [0, 23]}]}, "description": {"urls": [{"url": "https://t.co/pKmPtcE99D", "expanded_url": "http://bit.ly/1UEg2hp", "display_url": "bit.ly/1UEg2hp", "indices": [77, 100]}]}}, "protected": false, "followers_count": 1633647, "friends_count": 498, "listed_count": 3785, "created_at": "Mon Jun 22 12:41:39 +0000 2009", "favourites_count": 280, "utc_offset": null, "time_zone": null, "geo_enabled": false, "verified": true, "statuses_count": 138660, "lang": null, "contributors_enabled": false, "is_translator": false, "is_translation_enabled": false, "profile_background_color": "E2F2F5", "profile_background_image_url": "http://abs.twimg.com/images/themes/theme13/bg.gif", "profile_background_image_url_https": "https://abs.twimg.com/images/themes/theme13/bg.gif", "profile_background_tile": false, "profile_image_url": "http://pbs.twimg.com/profile_images/928529100360183808/srD3SI1x_normal.jpg", "profile_image_url_https": "https://pbs.twimg.com/profile_images/928529100360183808/srD3SI1x_normal.jpg", "profile_banner_url": "https://pbs.twimg.com/profile_banners/49616273/1575544245", "profile_link_color": "91D2FA", "profile_sidebar_border_color": "FFFFFF", "profile_sidebar_fill_color": "CFEBFC", "profile_text_color": "242326", "profile_use_background_image": true, "has_extended_profile": false, "default_profile": false, "default_profile_image": false, "following": false, "follow_request_sent": false, "notifications": false, "translator_type": "none"}, "geo": null, "coordinates": null, "place": null, "contributors": null, "is_quote_status": false, "retweet_count": 694, "favorite_count": 925, "favorited": false, "retweeted": false, "possibly_sensitive": false, "lang": "en"}, "retweet_count": 2, "favorite_count": 3, "favorited": false, "retweeted": false, "possibly_sensitive": false, "lang": "en"}, "is_quote_status": true, "quoted_status_id": 1229312385757827072, "quoted_status_id_str": "1229312385757827072", "retweet_count": 2, "favorite_count": 0, "favorited": false, "retweeted": false, "lang": "en"}