{"created_at": "Fri Feb 21 13:41:18 +0000 2020", "id": 1230849980795179011, "id_str": "1230849980795179011", "text": "@JensonFly #influenza: 80000 Infizierte, 130 Tote.\n\n#coronavirus: 75000 Infizierte, 2200 Tote.\n\nIch w\u00fcrde sagen, we\u2026 https://t.co/if7urBgwgt", "truncated": true, "entities": {"hashtags": [{"text": "influenza", "indices": [11, 21]}, {"text": "coronavirus", "indices": [52, 64]}], "symbols": [], "user_mentions": [{"screen_name": "JensonFly", "name": "Jenson", "id": 993945183766175750, "id_str": "993945183766175750", "indices": [0, 10]}], "urls": [{"url": "https://t.co/if7urBgwgt", "expanded_url": "https://twitter.com/i/web/status/1230849980795179011", "display_url": "twitter.com/i/web/status/1\u2026", "indices": [117, 140]}]}, "metadata": {"iso_language_code": "de", "result_type": "recent"}, "source": "<a href=\"https://about.twitter.com/products/tweetdeck\" rel=\"nofollow\">TweetDeck</a>", "in_reply_to_status_id": 1230844846702764033, "in_reply_to_status_id_str": "1230844846702764033", "in_reply_to_user_id": 993945183766175750, "in_reply_to_user_id_str": "993945183766175750", "in_reply_to_screen_name": "JensonFly", "user": {"id": 977959859068002304, "id_str": "977959859068002304", "name": "Quentin Quencher", "screen_name": "QQuencher", "location": "Wolfschlugen, Deutschland", "description": "Blogger/Autor/Freigeist", "url": "https://t.co/0NZL0NFSpk", "entities": {"url": {"urls": [{"url": "https://t.co/0NZL0NFSpk", "expanded_url": "http://glitzerwasser.blogspot.com/", "display_url": "glitzerwasser.blogspot.com", "indices": [0, 23]}]}, "description": {"urls": []}}, "protected": false, "followers_count": 931, "friends_count": 624, "listed_count": 5, "created_at": "Sun Mar 25 17:26:14 +0000 2018", "favourites_count": 17311, "utc_offset": null, "time_zone": null, "geo_enabled": false, "verified": false, "statuses_count": 9341, "lang": null, "contributors_enabled": false, "is_translator": false, "is_translation_enabled": false, "profile_background_color": "000000", "profile_background_image_url": "http://abs.twimg.com/images/themes/theme1/bg.png", "profile_background_image_url_https": "https://abs.twimg.com/images/themes/theme1/bg.png", "profile_background_tile": false, "profile_image_url": "http://pbs.twimg.com/profile_images/1192774957249552384/epqPMXbs_normal.jpg", "profile_image_url_https": "https://pbs.twimg.com/profile_images/1192774957249552384/epqPMXbs_normal.jpg", "profile_banner_url": "https://pbs.twimg.com/profile_banners/977959859068002304/1573654984", "profile_link_color": "FAB81E", "profile_sidebar_border_color": "000000", "profile_sidebar_fill_color": "000000", "profile_text_color": "000000", "profile_use_background_image": false, "has_extended_profile": true, "default_profile": false, "default_profile_image": false, "following": false, "follow_request_sent": false, "notifications": false, "translator_type": "none"}, "geo": null, "coordinates": null, "place": null, "contributors": null, "is_quote_status": false, "retweet_count": 0, "favorite_count": 1, "favorited": false, "retweeted": false, "lang": "de"}