{"created_at": "Fri Feb 21 06:45:04 +0000 2020", "id": 1230745232855031808, "id_str": "1230745232855031808", "text": "Berufliche #Reisen nach #Asien, Update zu #Coronavirus, #Dengue und #Malaria oder medizinische Implikationen beim\u2026 https://t.co/DPzgSYEr0c", "truncated": true, "entities": {"hashtags": [{"text": "Reisen", "indices": [11, 18]}, {"text": "Asien", "indices": [24, 30]}, {"text": "Coronavirus", "indices": [42, 54]}, {"text": "Dengue", "indices": [56, 63]}, {"text": "Malaria", "indices": [68, 76]}], "symbols": [], "user_mentions": [], "urls": [{"url": "https://t.co/DPzgSYEr0c", "expanded_url": "https://twitter.com/i/web/status/1230745232855031808", "display_url": "twitter.com/i/web/status/1\u2026", "indices": [115, 138]}]}, "metadata": {"iso_language_code": "de", "result_type": "recent"}, "source": "<a href=\"https://www.hootsuite.com\" rel=\"nofollow\">Hootsuite Inc.</a>", "in_reply_to_status_id": null, "in_reply_to_status_id_str": null, "in_reply_to_user_id": null, "in_reply_to_user_id_str": null, "in_reply_to_screen_name": null, "user": {"id": 4068487588, "id_str": "4068487588", "name": "ThiemeMedNews", "screen_name": "ThiemeMed", "location": "Stuttgart", "description": "Thieme Gruppe: Aktuelles aus Medizin, Wissenschaft und Gesundheitswesen. Impressum: https://t.co/pzFItlp4sK Datenschutz: https://t.co/TfruChQVJB", "url": "https://t.co/82Afe6f0Sk", "entities": {"url": {"urls": [{"url": "https://t.co/82Afe6f0Sk", "expanded_url": "http://www.thieme.de", "display_url": "thieme.de", "indices": [0, 23]}]}, "description": {"urls": [{"url": "https://t.co/pzFItlp4sK", "expanded_url": "https://bit.ly/2s400Df", "display_url": "bit.ly/2s400Df", "indices": [84, 107]}, {"url": "https://t.co/TfruChQVJB", "expanded_url": "https://bit.ly/2IF3x6c", "display_url": "bit.ly/2IF3x6c", "indices": [121, 144]}]}}, "protected": false, "followers_count": 1366, "friends_count": 371, "listed_count": 47, "created_at": "Thu Oct 29 14:46:10 +0000 2015", "favourites_count": 676, "utc_offset": null, "time_zone": null, "geo_enabled": false, "verified": false, "statuses_count": 4099, "lang": null, "contributors_enabled": false, "is_translator": false, "is_translation_enabled": false, "profile_background_color": "000000", "profile_background_image_url": "http://abs.twimg.com/images/themes/theme1/bg.png", "profile_background_image_url_https": "https://abs.twimg.com/images/themes/theme1/bg.png", "profile_background_tile": false, "profile_image_url": "http://pbs.twimg.com/profile_images/664755048698781696/BVaS9rct_normal.jpg", "profile_image_url_https": "https://pbs.twimg.com/profile_images/664755048698781696/BVaS9rct_normal.jpg", "profile_banner_url": "https://pbs.twimg.com/profile_banners/4068487588/1466432600", "profile_link_color": "013476", "profile_sidebar_border_color": "000000", "profile_sidebar_fill_color": "000000", "profile_text_color": "000000", "profile_use_background_image": false, "has_extended_profile": false, "default_profile": false, "default_profile_image": false, "following": false, "follow_request_sent": false, "notifications": false, "translator_type": "none"}, "geo": null, "coordinates": null, "place": null, "contributors": null, "is_quote_status": false, "retweet_count": 2, "favorite_count": 2, "favorited": false, "retweeted": false, "possibly_sensitive": false, "lang": "de"}