{"created_at": "Tue Feb 18 17:57:58 +0000 2020", "id": 1229827409924456449, "id_str": "1229827409924456449", "text": "RT @mvollmer1: #MondayMotivaton Impact of #DigitalTransformation &amp; #coronavirus / #COVID19 ... \ud83d\ude26 Is this the #FutureofWork?\n\nMT @helene_wpl\u2026", "truncated": false, "entities": {"hashtags": [{"text": "MondayMotivaton", "indices": [15, 31]}, {"text": "DigitalTransformation", "indices": [42, 64]}, {"text": "coronavirus", "indices": [71, 83]}, {"text": "COVID19", "indices": [86, 94]}, {"text": "FutureofWork", "indices": [113, 126]}], "symbols": [], "user_mentions": [{"screen_name": "mvollmer1", "name": "Dr. Marcell Vollmer", "id": 99674560, "id_str": "99674560", "indices": [3, 13]}], "urls": []}, "metadata": {"iso_language_code": "en", "result_type": "recent"}, "source": "<a href=\"https://mobile.twitter.com\" rel=\"nofollow\">Twitter Web App</a>", "in_reply_to_status_id": null, "in_reply_to_status_id_str": null, "in_reply_to_user_id": null, "in_reply_to_user_id_str": null, "in_reply_to_screen_name": null, "user": {"id": 952148228673343488, "id_str": "952148228673343488", "name": "Supply Chain", "screen_name": "SupplyChain2030", "location": "", "description": "Interested in future trends and how this impacts #SupplyChain", "url": null, "entities": {"description": {"urls": []}}, "protected": false, "followers_count": 4543, "friends_count": 4945, "listed_count": 75, "created_at": "Sat Jan 13 12:00:02 +0000 2018", "favourites_count": 75105, "utc_offset": null, "time_zone": null, "geo_enabled": false, "verified": false, "statuses_count": 61831, "lang": null, "contributors_enabled": false, "is_translator": false, "is_translation_enabled": false, "profile_background_color": "F5F8FA", "profile_background_image_url": null, "profile_background_image_url_https": null, "profile_background_tile": false, "profile_image_url": "http://pbs.twimg.com/profile_images/952150122628046848/-blk38HE_normal.jpg", "profile_image_url_https": "https://pbs.twimg.com/profile_images/952150122628046848/-blk38HE_normal.jpg", "profile_banner_url": "https://pbs.twimg.com/profile_banners/952148228673343488/1515845255", "profile_link_color": "1DA1F2", "profile_sidebar_border_color": "C0DEED", "profile_sidebar_fill_color": "DDEEF6", "profile_text_color": "333333", "profile_use_background_image": true, "has_extended_profile": false, "default_profile": true, "default_profile_image": false, "following": false, "follow_request_sent": false, "notifications": false, "translator_type": "none"}, "geo": null, "coordinates": null, "place": null, "contributors": null, "retweeted_status": {"created_at": "Mon Feb 17 19:14:48 +0000 2020", "id": 1229484357640957952, "id_str": "1229484357640957952", "text": "#MondayMotivaton Impact of #DigitalTransformation &amp; #coronavirus / #COVID19 ... \ud83d\ude26 Is this the #FutureofWork?\n\nMT\u2026 https://t.co/Livz8jFtj3", "truncated": true, "entities": {"hashtags": [{"text": "MondayMotivaton", "indices": [0, 16]}, {"text": "DigitalTransformation", "indices": [27, 49]}, {"text": "coronavirus", "indices": [56, 68]}, {"text": "COVID19", "indices": [71, 79]}, {"text": "FutureofWork", "indices": [98, 111]}], "symbols": [], "user_mentions": [], "urls": [{"url": "https://t.co/Livz8jFtj3", "expanded_url": "https://twitter.com/i/web/status/1229484357640957952", "display_url": "twitter.com/i/web/status/1\u2026", "indices": [118, 141]}]}, "metadata": {"iso_language_code": "en", "result_type": "recent"}, "source": "<a href=\"http://twitter.com/#!/download/ipad\" rel=\"nofollow\">Twitter for iPad</a>", "in_reply_to_status_id": null, "in_reply_to_status_id_str": null, "in_reply_to_user_id": null, "in_reply_to_user_id_str": null, "in_reply_to_screen_name": null, "user": {"id": 99674560, "id_str": "99674560", "name": "Dr. Marcell Vollmer", "screen_name": "mvollmer1", "location": "Munich, Bavaria", "description": "Chief Innovation Officer @Celonis. Passionate about life & coffee. PhD & MBA in Economics. Social Media enthusiast and curious to continuously learn & grow", "url": "https://t.co/EsPFMBdrDN", "entities": {"url": {"urls": [{"url": "https://t.co/EsPFMBdrDN", "expanded_url": "https://www.linkedin.com/in/marcellvollmer/", "display_url": "linkedin.com/in/marcellvoll\u2026", "indices": [0, 23]}]}, "description": {"urls": []}}, "protected": false, "followers_count": 49255, "friends_count": 45474, "listed_count": 581, "created_at": "Sun Dec 27 09:07:18 +0000 2009", "favourites_count": 201062, "utc_offset": null, "time_zone": null, "geo_enabled": true, "verified": false, "statuses_count": 80147, "lang": null, "contributors_enabled": false, "is_translator": false, "is_translation_enabled": false, "profile_background_color": "C0DEED", "profile_background_image_url": "http://abs.twimg.com/images/themes/theme1/bg.png", "profile_background_image_url_https": "https://abs.twimg.com/images/themes/theme1/bg.png", "profile_background_tile": false, "profile_image_url": "http://pbs.twimg.com/profile_images/735212931940552704/83zOt4k5_normal.jpg", "profile_image_url_https": "https://pbs.twimg.com/profile_images/735212931940552704/83zOt4k5_normal.jpg", "profile_banner_url": "https://pbs.twimg.com/profile_banners/99674560/1486476950", "profile_link_color": "1DA1F2", "profile_sidebar_border_color": "C0DEED", "profile_sidebar_fill_color": "DDEEF6", "profile_text_color": "333333", "profile_use_background_image": true, "has_extended_profile": true, "default_profile": true, "default_profile_image": false, "following": false, "follow_request_sent": false, "notifications": false, "translator_type": "none"}, "geo": null, "coordinates": null, "place": null, "contributors": null, "is_quote_status": false, "retweet_count": 16, "favorite_count": 40, "favorited": false, "retweeted": false, "possibly_sensitive": false, "lang": "en"}, "is_quote_status": false, "retweet_count": 16, "favorite_count": 0, "favorited": false, "retweeted": false, "lang": "en"}