{"created_at": "Wed Feb 19 09:49:14 +0000 2020", "id": 1230066804422332416, "id_str": "1230066804422332416", "text": "RT @LBBW: #LBBW_MorgenInfo: #Coronavirus belastet ZEW-Indikator f\u00fcr Deutschland. US-Fr\u00fchindikator \u00fcberrascht dagegen positiv. #EZB kauft ge\u2026", "truncated": false, "entities": {"hashtags": [{"text": "LBBW_MorgenInfo", "indices": [10, 26]}, {"text": "Coronavirus", "indices": [28, 40]}, {"text": "EZB", "indices": [126, 130]}], "symbols": [], "user_mentions": [{"screen_name": "LBBW", "name": "LBBW", "id": 844091927062568960, "id_str": "844091927062568960", "indices": [3, 8]}], "urls": []}, "metadata": {"iso_language_code": "de", "result_type": "recent"}, "source": "<a href=\"https://mobile.twitter.com\" rel=\"nofollow\">Twitter Web App</a>", "in_reply_to_status_id": null, "in_reply_to_status_id_str": null, "in_reply_to_user_id": null, "in_reply_to_user_id_str": null, "in_reply_to_screen_name": null, "user": {"id": 158675345, "id_str": "158675345", "name": "\u00d6ffentliche Banken", "screen_name": "voeb_banken", "location": "Berlin", "description": "Der Bundesverband \u00d6ffentlicher Banken Deutschlands, V\u00d6B, vertritt u.a die Landesbanken&F\u00f6rderbanken.\nAssociation of German Public Banks", "url": "http://t.co/gWLx0FOpBT", "entities": {"url": {"urls": [{"url": "http://t.co/gWLx0FOpBT", "expanded_url": "http://www.voeb.de/de/impressum.html", "display_url": "voeb.de/de/impressum.h\u2026", "indices": [0, 22]}]}, "description": {"urls": []}}, "protected": false, "followers_count": 1841, "friends_count": 493, "listed_count": 81, "created_at": "Wed Jun 23 09:02:36 +0000 2010", "favourites_count": 549, "utc_offset": null, "time_zone": null, "geo_enabled": true, "verified": false, "statuses_count": 5390, "lang": null, "contributors_enabled": false, "is_translator": false, "is_translation_enabled": false, "profile_background_color": "121114", "profile_background_image_url": "http://abs.twimg.com/images/themes/theme14/bg.gif", "profile_background_image_url_https": "https://abs.twimg.com/images/themes/theme14/bg.gif", "profile_background_tile": true, "profile_image_url": "http://pbs.twimg.com/profile_images/985099378007461888/c4vvofCu_normal.jpg", "profile_image_url_https": "https://pbs.twimg.com/profile_images/985099378007461888/c4vvofCu_normal.jpg", "profile_banner_url": "https://pbs.twimg.com/profile_banners/158675345/1523694715", "profile_link_color": "235198", "profile_sidebar_border_color": "FFFFFF", "profile_sidebar_fill_color": "EFEFEF", "profile_text_color": "333333", "profile_use_background_image": false, "has_extended_profile": false, "default_profile": false, "default_profile_image": false, "following": false, "follow_request_sent": false, "notifications": false, "translator_type": "none"}, "geo": null, "coordinates": null, "place": null, "contributors": null, "retweeted_status": {"created_at": "Wed Feb 19 07:34:28 +0000 2020", "id": 1230032891767377923, "id_str": "1230032891767377923", "text": "#LBBW_MorgenInfo: #Coronavirus belastet ZEW-Indikator f\u00fcr Deutschland. US-Fr\u00fchindikator \u00fcberrascht dagegen positiv.\u2026 https://t.co/BRqeQjqcxx", "truncated": true, "entities": {"hashtags": [{"text": "LBBW_MorgenInfo", "indices": [0, 16]}, {"text": "Coronavirus", "indices": [18, 30]}], "symbols": [], "user_mentions": [], "urls": [{"url": "https://t.co/BRqeQjqcxx", "expanded_url": "https://twitter.com/i/web/status/1230032891767377923", "display_url": "twitter.com/i/web/status/1\u2026", "indices": [117, 140]}]}, "metadata": {"iso_language_code": "de", "result_type": "recent"}, "source": "<a href=\"http://www.falcon.io\" rel=\"nofollow\">Falcon Social Media Management </a>", "in_reply_to_status_id": null, "in_reply_to_status_id_str": null, "in_reply_to_user_id": null, "in_reply_to_user_id_str": null, "in_reply_to_screen_name": null, "user": {"id": 844091927062568960, "id_str": "844091927062568960", "name": "LBBW", "screen_name": "LBBW", "location": "Stuttgart, Deutschland", "description": "Willkommen auf dem Twitterkanal der LBBW. \nUnsere Datenschutzhinweise: https://t.co/IPZ979flMI", "url": "https://t.co/6WmCSwL8N0", "entities": {"url": {"urls": [{"url": "https://t.co/6WmCSwL8N0", "expanded_url": "http://www.lbbw.de", "display_url": "lbbw.de", "indices": [0, 23]}]}, "description": {"urls": [{"url": "https://t.co/IPZ979flMI", "expanded_url": "https://www.lbbw.de/x/7wo5vqtvd_d?origin=/datenschutz", "display_url": "lbbw.de/x/7wo5vqtvd_d?\u2026", "indices": [71, 94]}]}}, "protected": false, "followers_count": 3016, "friends_count": 77, "listed_count": 21, "created_at": "Tue Mar 21 07:42:52 +0000 2017", "favourites_count": 68, "utc_offset": null, "time_zone": null, "geo_enabled": false, "verified": false, "statuses_count": 1676, "lang": null, "contributors_enabled": false, "is_translator": false, "is_translation_enabled": false, "profile_background_color": "000000", "profile_background_image_url": "http://abs.twimg.com/images/themes/theme1/bg.png", "profile_background_image_url_https": "https://abs.twimg.com/images/themes/theme1/bg.png", "profile_background_tile": false, "profile_image_url": "http://pbs.twimg.com/profile_images/994276875865411584/k8r3mFsF_normal.jpg", "profile_image_url_https": "https://pbs.twimg.com/profile_images/994276875865411584/k8r3mFsF_normal.jpg", "profile_banner_url": "https://pbs.twimg.com/profile_banners/844091927062568960/1532094801", "profile_link_color": "91D2FA", "profile_sidebar_border_color": "000000", "profile_sidebar_fill_color": "000000", "profile_text_color": "000000", "profile_use_background_image": false, "has_extended_profile": false, "default_profile": false, "default_profile_image": false, "following": false, "follow_request_sent": false, "notifications": false, "translator_type": "none"}, "geo": null, "coordinates": null, "place": null, "contributors": null, "is_quote_status": false, "retweet_count": 1, "favorite_count": 1, "favorited": false, "retweeted": false, "possibly_sensitive": false, "lang": "de"}, "is_quote_status": false, "retweet_count": 1, "favorite_count": 0, "favorited": false, "retweeted": false, "lang": "de"}