{"created_at": "Fri Feb 21 15:29:00 +0000 2020", "id": 1230877084572114946, "id_str": "1230877084572114946", "text": "RT @BR24: In Bayern werden nur noch zwei von urspr\u00fcnglich 14 mit dem #Coronavirus Infizierten behandelt. Ein weiterer Patient sei mittlerwe\u2026", "truncated": false, "entities": {"hashtags": [{"text": "Coronavirus", "indices": [69, 81]}], "symbols": [], "user_mentions": [{"screen_name": "BR24", "name": "BR24", "id": 90524645, "id_str": "90524645", "indices": [3, 8]}], "urls": []}, "metadata": {"iso_language_code": "de", "result_type": "recent"}, "source": "<a href=\"http://twitter.com\" rel=\"nofollow\">Twitter Web Client</a>", "in_reply_to_status_id": null, "in_reply_to_status_id_str": null, "in_reply_to_user_id": null, "in_reply_to_user_id_str": null, "in_reply_to_screen_name": null, "user": {"id": 125570941, "id_str": "125570941", "name": "Muschelschloss \ud83d\udc88", "screen_name": "Muschelschloss", "location": "Pocking, Deutschland", "description": "Investigative Bloggerin. Mostly a step faster than #Reuters. M\u00fcnchner Kindl. Sehr gut vernetzt. Jetzt in Niederbayern DM open. Interview https://t.co/ZaHtBMZdnl", "url": "https://t.co/jArvCBfMPJ", "entities": {"url": {"urls": [{"url": "https://t.co/jArvCBfMPJ", "expanded_url": "https://taz.de/Der-Hausbesuch/!5619327/", "display_url": "taz.de/Der-Hausbesuch\u2026", "indices": [0, 23]}]}, "description": {"urls": [{"url": "https://t.co/ZaHtBMZdnl", "expanded_url": "https://lmy.de/onpB0", "display_url": "lmy.de/onpB0", "indices": [137, 160]}]}}, "protected": false, "followers_count": 7386, "friends_count": 2473, "listed_count": 114, "created_at": "Tue Mar 23 06:05:54 +0000 2010", "favourites_count": 101586, "utc_offset": null, "time_zone": null, "geo_enabled": true, "verified": false, "statuses_count": 444867, "lang": null, "contributors_enabled": false, "is_translator": false, "is_translation_enabled": false, "profile_background_color": "076D87", "profile_background_image_url": "http://abs.twimg.com/images/themes/theme1/bg.png", "profile_background_image_url_https": "https://abs.twimg.com/images/themes/theme1/bg.png", "profile_background_tile": true, "profile_image_url": "http://pbs.twimg.com/profile_images/1047360479314817026/dYsI8ggS_normal.jpg", "profile_image_url_https": "https://pbs.twimg.com/profile_images/1047360479314817026/dYsI8ggS_normal.jpg", "profile_banner_url": "https://pbs.twimg.com/profile_banners/125570941/1575149476", "profile_link_color": "1B95E0", "profile_sidebar_border_color": "FFFFFF", "profile_sidebar_fill_color": "FFFF42", "profile_text_color": "525451", "profile_use_background_image": true, "has_extended_profile": true, "default_profile": false, "default_profile_image": false, "following": false, "follow_request_sent": false, "notifications": false, "translator_type": "regular"}, "geo": null, "coordinates": null, "place": null, "contributors": null, "retweeted_status": {"created_at": "Fri Feb 21 14:28:45 +0000 2020", "id": 1230861921542381570, "id_str": "1230861921542381570", "text": "In Bayern werden nur noch zwei von urspr\u00fcnglich 14 mit dem #Coronavirus Infizierten behandelt. Ein weiterer Patient\u2026 https://t.co/WV5Y94NJfG", "truncated": true, "entities": {"hashtags": [{"text": "Coronavirus", "indices": [59, 71]}], "symbols": [], "user_mentions": [], "urls": [{"url": "https://t.co/WV5Y94NJfG", "expanded_url": "https://twitter.com/i/web/status/1230861921542381570", "display_url": "twitter.com/i/web/status/1\u2026", "indices": [117, 140]}]}, "metadata": {"iso_language_code": "de", "result_type": "recent"}, "source": "<a href=\"https://about.twitter.com/products/tweetdeck\" rel=\"nofollow\">TweetDeck</a>", "in_reply_to_status_id": null, "in_reply_to_status_id_str": null, "in_reply_to_user_id": null, "in_reply_to_user_id_str": null, "in_reply_to_screen_name": null, "user": {"id": 90524645, "id_str": "90524645", "name": "BR24", "screen_name": "BR24", "location": "M\u00fcnchen, Bayern", "description": "Dar\u00fcber spricht Bayern. An der Tastatur: @rupprich", "url": "https://t.co/reyIDBBGTo", "entities": {"url": {"urls": [{"url": "https://t.co/reyIDBBGTo", "expanded_url": "http://www.br24.de", "display_url": "br24.de", "indices": [0, 23]}]}, "description": {"urls": []}}, "protected": false, "followers_count": 42031, "friends_count": 1304, "listed_count": 953, "created_at": "Tue Nov 17 00:37:00 +0000 2009", "favourites_count": 8162, "utc_offset": null, "time_zone": null, "geo_enabled": true, "verified": true, "statuses_count": 138333, "lang": null, "contributors_enabled": false, "is_translator": false, "is_translation_enabled": false, "profile_background_color": "FFFFFF", "profile_background_image_url": "http://abs.twimg.com/images/themes/theme1/bg.png", "profile_background_image_url_https": "https://abs.twimg.com/images/themes/theme1/bg.png", "profile_background_tile": false, "profile_image_url": "http://pbs.twimg.com/profile_images/875689536306728960/ZjT-XMQ9_normal.jpg", "profile_image_url_https": "https://pbs.twimg.com/profile_images/875689536306728960/ZjT-XMQ9_normal.jpg", "profile_banner_url": "https://pbs.twimg.com/profile_banners/90524645/1547183906", "profile_link_color": "0084B4", "profile_sidebar_border_color": "000000", "profile_sidebar_fill_color": "DDEEF6", "profile_text_color": "333333", "profile_use_background_image": true, "has_extended_profile": false, "default_profile": false, "default_profile_image": false, "following": false, "follow_request_sent": false, "notifications": false, "translator_type": "regular"}, "geo": null, "coordinates": null, "place": null, "contributors": null, "is_quote_status": false, "retweet_count": 3, "favorite_count": 8, "favorited": false, "retweeted": false, "possibly_sensitive": false, "lang": "de"}, "is_quote_status": false, "retweet_count": 3, "favorite_count": 0, "favorited": false, "retweeted": false, "lang": "de"}