{"created_at": "Thu Feb 20 09:41:17 +0000 2020", "id": 1230427192577929217, "id_str": "1230427192577929217", "text": "Die Spielemesse PAX East Ende Februar w\u00e4re eine gute \ud83d\ude32 M\u00f6glichkeit f\u00fcr Sony gewesen, die #PS5 n\u00e4her vorzustellen.\u2026 https://t.co/rJWs4WGACl", "truncated": true, "entities": {"hashtags": [{"text": "PS5", "indices": [89, 93]}], "symbols": [], "user_mentions": [], "urls": [{"url": "https://t.co/rJWs4WGACl", "expanded_url": "https://twitter.com/i/web/status/1230427192577929217", "display_url": "twitter.com/i/web/status/1\u2026", "indices": [115, 138]}]}, "metadata": {"iso_language_code": "de", "result_type": "recent"}, "source": "<a href=\"https://www.echobox.com\" rel=\"nofollow\">Echobox Social</a>", "in_reply_to_status_id": null, "in_reply_to_status_id_str": null, "in_reply_to_user_id": null, "in_reply_to_user_id_str": null, "in_reply_to_screen_name": null, "user": {"id": 205282665, "id_str": "205282665", "name": "PC Games Hardware", "screen_name": "PCGH_Redaktion", "location": "F\u00fcrth", "description": "Offizielle Tweets von PCGH. \nPCGH_Youtube: https://t.co/6BKSmGHuhc\nPCGH_Instagram: https://t.co/9NWFbIULgI\nImpressum: https://t.co/A7S5v2bM3c", "url": "http://t.co/uST5KsIBCG", "entities": {"url": {"urls": [{"url": "http://t.co/uST5KsIBCG", "expanded_url": "http://www.pcgameshardware.de", "display_url": "pcgameshardware.de", "indices": [0, 22]}]}, "description": {"urls": [{"url": "https://t.co/6BKSmGHuhc", "expanded_url": "http://bit.ly/YouTubePCGH", "display_url": "bit.ly/YouTubePCGH", "indices": [43, 66]}, {"url": "https://t.co/9NWFbIULgI", "expanded_url": "https://www.instagram.com/pcgh.de/", "display_url": "instagram.com/pcgh.de/", "indices": [83, 106]}, {"url": "https://t.co/A7S5v2bM3c", "expanded_url": "http://www.pcgh.de/impressum", "display_url": "pcgh.de/impressum", "indices": [118, 141]}]}}, "protected": false, "followers_count": 15088, "friends_count": 225, "listed_count": 150, "created_at": "Wed Oct 20 14:33:26 +0000 2010", "favourites_count": 3587, "utc_offset": null, "time_zone": null, "geo_enabled": false, "verified": true, "statuses_count": 28859, "lang": null, "contributors_enabled": false, "is_translator": false, "is_translation_enabled": false, "profile_background_color": "004B8A", "profile_background_image_url": "http://abs.twimg.com/images/themes/theme1/bg.png", "profile_background_image_url_https": "https://abs.twimg.com/images/themes/theme1/bg.png", "profile_background_tile": false, "profile_image_url": "http://pbs.twimg.com/profile_images/593402278536617984/lYtG5a8V_normal.jpg", "profile_image_url_https": "https://pbs.twimg.com/profile_images/593402278536617984/lYtG5a8V_normal.jpg", "profile_banner_url": "https://pbs.twimg.com/profile_banners/205282665/1580900438", "profile_link_color": "004B8A", "profile_sidebar_border_color": "000000", "profile_sidebar_fill_color": "DDEEF6", "profile_text_color": "333333", "profile_use_background_image": false, "has_extended_profile": true, "default_profile": false, "default_profile_image": false, "following": false, "follow_request_sent": false, "notifications": false, "translator_type": "none"}, "geo": null, "coordinates": null, "place": null, "contributors": null, "is_quote_status": false, "retweet_count": 0, "favorite_count": 1, "favorited": false, "retweeted": false, "possibly_sensitive": false, "lang": "de"}