{"created_at": "Wed Feb 19 15:03:20 +0000 2020", "id": 1230145852523474950, "id_str": "1230145852523474950", "text": "RT @prowildlife: #ProWildlife co-founder among the   200+ #International experts calling for #Global ban on live animal markets and #wildli\u2026", "truncated": false, "entities": {"hashtags": [{"text": "ProWildlife", "indices": [17, 29]}, {"text": "International", "indices": [58, 72]}, {"text": "Global", "indices": [93, 100]}], "symbols": [], "user_mentions": [{"screen_name": "prowildlife", "name": "Pro Wildlife", "id": 85651556, "id_str": "85651556", "indices": [3, 15]}], "urls": []}, "metadata": {"iso_language_code": "en", "result_type": "recent"}, "source": "<a href=\"https://mobile.twitter.com\" rel=\"nofollow\">Twitter Web App</a>", "in_reply_to_status_id": null, "in_reply_to_status_id_str": null, "in_reply_to_user_id": null, "in_reply_to_user_id_str": null, "in_reply_to_screen_name": null, "user": {"id": 1228039433464664064, "id_str": "1228039433464664064", "name": "Truthaboutwcorornavirus", "screen_name": "Truthaboutwcor1", "location": "", "description": "", "url": null, "entities": {"description": {"urls": []}}, "protected": false, "followers_count": 5, "friends_count": 1, "listed_count": 0, "created_at": "Thu Feb 13 19:33:24 +0000 2020", "favourites_count": 193, "utc_offset": null, "time_zone": null, "geo_enabled": false, "verified": false, "statuses_count": 316, "lang": null, "contributors_enabled": false, "is_translator": false, "is_translation_enabled": false, "profile_background_color": "F5F8FA", "profile_background_image_url": null, "profile_background_image_url_https": null, "profile_background_tile": false, "profile_image_url": "http://abs.twimg.com/sticky/default_profile_images/default_profile_normal.png", "profile_image_url_https": "https://abs.twimg.com/sticky/default_profile_images/default_profile_normal.png", "profile_link_color": "1DA1F2", "profile_sidebar_border_color": "C0DEED", "profile_sidebar_fill_color": "DDEEF6", "profile_text_color": "333333", "profile_use_background_image": true, "has_extended_profile": false, "default_profile": true, "default_profile_image": true, "following": false, "follow_request_sent": false, "notifications": false, "translator_type": "none"}, "geo": null, "coordinates": null, "place": null, "contributors": null, "retweeted_status": {"created_at": "Wed Feb 19 14:56:27 +0000 2020", "id": 1230144117897859072, "id_str": "1230144117897859072", "text": "#ProWildlife co-founder among the   200+ #International experts calling for #Global ban on live animal markets and\u2026 https://t.co/5PTvkUyQXE", "truncated": true, "entities": {"hashtags": [{"text": "ProWildlife", "indices": [0, 12]}, {"text": "International", "indices": [41, 55]}, {"text": "Global", "indices": [76, 83]}], "symbols": [], "user_mentions": [], "urls": [{"url": "https://t.co/5PTvkUyQXE", "expanded_url": "https://twitter.com/i/web/status/1230144117897859072", "display_url": "twitter.com/i/web/status/1\u2026", "indices": [116, 139]}]}, "metadata": {"iso_language_code": "en", "result_type": "recent"}, "source": "<a href=\"https://mobile.twitter.com\" rel=\"nofollow\">Twitter Web App</a>", "in_reply_to_status_id": null, "in_reply_to_status_id_str": null, "in_reply_to_user_id": null, "in_reply_to_user_id_str": null, "in_reply_to_screen_name": null, "user": {"id": 85651556, "id_str": "85651556", "name": "Pro Wildlife", "screen_name": "prowildlife", "location": "M\u00fcnchen", "description": "We protect wildlife\nWir sch\u00fctzen Wildtiere", "url": "http://t.co/zHHm48uNhl", "entities": {"url": {"urls": [{"url": "http://t.co/zHHm48uNhl", "expanded_url": "http://www.prowildlife.de", "display_url": "prowildlife.de", "indices": [0, 22]}]}, "description": {"urls": []}}, "protected": false, "followers_count": 1269, "friends_count": 949, "listed_count": 41, "created_at": "Tue Oct 27 20:15:48 +0000 2009", "favourites_count": 2908, "utc_offset": null, "time_zone": null, "geo_enabled": true, "verified": false, "statuses_count": 5656, "lang": null, "contributors_enabled": false, "is_translator": false, "is_translation_enabled": false, "profile_background_color": "E9DAAA", "profile_background_image_url": "http://abs.twimg.com/images/themes/theme1/bg.png", "profile_background_image_url_https": "https://abs.twimg.com/images/themes/theme1/bg.png", "profile_background_tile": false, "profile_image_url": "http://pbs.twimg.com/profile_images/762573706099093504/lJ8pEkR5_normal.jpg", "profile_image_url_https": "https://pbs.twimg.com/profile_images/762573706099093504/lJ8pEkR5_normal.jpg", "profile_banner_url": "https://pbs.twimg.com/profile_banners/85651556/1561370223", "profile_link_color": "4A913C", "profile_sidebar_border_color": "FFFFFF", "profile_sidebar_fill_color": "DDEEF6", "profile_text_color": "333333", "profile_use_background_image": false, "has_extended_profile": false, "default_profile": false, "default_profile_image": false, "following": false, "follow_request_sent": false, "notifications": false, "translator_type": "none"}, "geo": null, "coordinates": null, "place": null, "contributors": null, "is_quote_status": false, "retweet_count": 1, "favorite_count": 2, "favorited": false, "retweeted": false, "possibly_sensitive": false, "lang": "en"}, "is_quote_status": false, "retweet_count": 1, "favorite_count": 0, "favorited": false, "retweeted": false, "lang": "en"}