{"created_at": "Fri Feb 21 10:36:51 +0000 2020", "id": 1230803565234487296, "id_str": "1230803565234487296", "text": "Either #CoronaVirus isn\u2019t that serious or Europeans (Officials and people) are stupid. I passed through 3 airports\u2026 https://t.co/q9YEFfJaB7", "truncated": true, "entities": {"hashtags": [{"text": "CoronaVirus", "indices": [7, 19]}], "symbols": [], "user_mentions": [], "urls": [{"url": "https://t.co/q9YEFfJaB7", "expanded_url": "https://twitter.com/i/web/status/1230803565234487296", "display_url": "twitter.com/i/web/status/1\u2026", "indices": [116, 139]}]}, "metadata": {"iso_language_code": "en", "result_type": "recent"}, "source": "<a href=\"http://twitter.com/download/iphone\" rel=\"nofollow\">Twitter for iPhone</a>", "in_reply_to_status_id": null, "in_reply_to_status_id_str": null, "in_reply_to_user_id": null, "in_reply_to_user_id_str": null, "in_reply_to_screen_name": null, "user": {"id": 108715973, "id_str": "108715973", "name": "Joe", "screen_name": "ikerista", "location": "Winterfell", "description": "My world revolves around Ziad Rahbani and Real Madrid. \ud83c\uddf1\ud83c\udde7 in \ud83c\uddea\ud83c\uddf8 #RM", "url": "https://t.co/gIFGUixVrM", "entities": {"url": {"urls": [{"url": "https://t.co/gIFGUixVrM", "expanded_url": "http://Instagram.com/jomaalouf", "display_url": "Instagram.com/jomaalouf", "indices": [0, 23]}]}, "description": {"urls": []}}, "protected": false, "followers_count": 1174, "friends_count": 1834, "listed_count": 31, "created_at": "Tue Jan 26 21:00:45 +0000 2010", "favourites_count": 18359, "utc_offset": null, "time_zone": null, "geo_enabled": true, "verified": false, "statuses_count": 73892, "lang": null, "contributors_enabled": false, "is_translator": false, "is_translation_enabled": false, "profile_background_color": "FFFFFF", "profile_background_image_url": "http://abs.twimg.com/images/themes/theme1/bg.png", "profile_background_image_url_https": "https://abs.twimg.com/images/themes/theme1/bg.png", "profile_background_tile": true, "profile_image_url": "http://pbs.twimg.com/profile_images/1219188297194336257/fimdc2gF_normal.jpg", "profile_image_url_https": "https://pbs.twimg.com/profile_images/1219188297194336257/fimdc2gF_normal.jpg", "profile_banner_url": "https://pbs.twimg.com/profile_banners/108715973/1527601406", "profile_link_color": "ABB8C2", "profile_sidebar_border_color": "FFFFFF", "profile_sidebar_fill_color": "DDEEF6", "profile_text_color": "333333", "profile_use_background_image": true, "has_extended_profile": true, "default_profile": false, "default_profile_image": false, "following": false, "follow_request_sent": false, "notifications": false, "translator_type": "none"}, "geo": null, "coordinates": null, "place": {"id": "ad2f50942562790b", "url": "https://api.twitter.com/1.1/geo/id/ad2f50942562790b.json", "place_type": "city", "name": "Oberding", "full_name": "Oberding, Deutschland", "country_code": "DE", "country": "Germany", "contained_within": [], "bounding_box": {"type": "Polygon", "coordinates": [[[11.764119, 48.289745], [11.893304, 48.289745], [11.893304, 48.385797], [11.764119, 48.385797]]]}, "attributes": {}}, "contributors": null, "is_quote_status": false, "retweet_count": 1, "favorite_count": 1, "favorited": false, "retweeted": false, "lang": "en"}