{"created_at": "Fri Feb 21 11:07:51 +0000 2020", "id": 1230811363636805633, "id_str": "1230811363636805633", "text": "Der Veranstalter der @CHINAPLAS hat nun auch den neuen Termin f\u00fcr die Fachmesse bekannt gegeben \ud83d\udc49\u2026 https://t.co/7H8JgJ2VhU", "truncated": true, "entities": {"hashtags": [], "symbols": [], "user_mentions": [{"screen_name": "CHINAPLAS", "name": "CHINAPLAS 2020", "id": 109575025, "id_str": "109575025", "indices": [21, 31]}], "urls": [{"url": "https://t.co/7H8JgJ2VhU", "expanded_url": "https://twitter.com/i/web/status/1230811363636805633", "display_url": "twitter.com/i/web/status/1\u2026", "indices": [99, 122]}]}, "metadata": {"iso_language_code": "de", "result_type": "recent"}, "source": "<a href=\"http://twitter.com\" rel=\"nofollow\">Twitter Web Client</a>", "in_reply_to_status_id": null, "in_reply_to_status_id_str": null, "in_reply_to_user_id": null, "in_reply_to_user_id_str": null, "in_reply_to_screen_name": null, "user": {"id": 2829596064, "id_str": "2829596064", "name": "KunststoffeDE", "screen_name": "KunststoffeDE", "location": "M\u00fcnchen", "description": "Kunststoffe.de, das Portal f\u00fcr die Kunststoffindustrie. Zum Impressum: http://t.co/T6T69SdtZp", "url": "http://t.co/WbPCAAQng1", "entities": {"url": {"urls": [{"url": "http://t.co/WbPCAAQng1", "expanded_url": "http://www.kunststoffe.de", "display_url": "kunststoffe.de", "indices": [0, 22]}]}, "description": {"urls": [{"url": "http://t.co/T6T69SdtZp", "expanded_url": "http://www.kunststoffe.de/impressum", "display_url": "kunststoffe.de/impressum", "indices": [71, 93]}]}}, "protected": false, "followers_count": 889, "friends_count": 412, "listed_count": 46, "created_at": "Wed Sep 24 10:13:46 +0000 2014", "favourites_count": 1087, "utc_offset": null, "time_zone": null, "geo_enabled": false, "verified": false, "statuses_count": 751, "lang": null, "contributors_enabled": false, "is_translator": false, "is_translation_enabled": false, "profile_background_color": "000000", "profile_background_image_url": "http://abs.twimg.com/images/themes/theme1/bg.png", "profile_background_image_url_https": "https://abs.twimg.com/images/themes/theme1/bg.png", "profile_background_tile": false, "profile_image_url": "http://pbs.twimg.com/profile_images/514743427217371136/l2tByK9G_normal.jpeg", "profile_image_url_https": "https://pbs.twimg.com/profile_images/514743427217371136/l2tByK9G_normal.jpeg", "profile_banner_url": "https://pbs.twimg.com/profile_banners/2829596064/1508845770", "profile_link_color": "ED1C24", "profile_sidebar_border_color": "000000", "profile_sidebar_fill_color": "000000", "profile_text_color": "000000", "profile_use_background_image": false, "has_extended_profile": false, "default_profile": false, "default_profile_image": false, "following": false, "follow_request_sent": false, "notifications": false, "translator_type": "none"}, "geo": null, "coordinates": null, "place": null, "contributors": null, "is_quote_status": false, "retweet_count": 1, "favorite_count": 2, "favorited": false, "retweeted": false, "possibly_sensitive": false, "lang": "de"}