{"created_at": "Thu Feb 20 18:45:34 +0000 2020", "id": 1230564165992861696, "id_str": "1230564165992861696", "text": "Mit @Lea_Deuber was \u00fcber das abgeschottete #Wuhan gebastelt. https://t.co/Dbgv5Xn6Wq #coronavirus #storytelling", "truncated": false, "entities": {"hashtags": [{"text": "Wuhan", "indices": [43, 49]}, {"text": "coronavirus", "indices": [85, 97]}, {"text": "storytelling", "indices": [98, 111]}], "symbols": [], "user_mentions": [{"screen_name": "Lea_Deuber", "name": "Lea Deuber", "id": 394247490, "id_str": "394247490", "indices": [4, 15]}], "urls": [{"url": "https://t.co/Dbgv5Xn6Wq", "expanded_url": "https://projekte.sueddeutsche.de/artikel/politik/wuhan-china-coronavirus-e608751/", "display_url": "projekte.sueddeutsche.de/artikel/politi\u2026", "indices": [61, 84]}]}, "metadata": {"iso_language_code": "de", "result_type": "recent"}, "source": "<a href=\"http://twitter.com/download/android\" rel=\"nofollow\">Twitter for Android</a>", "in_reply_to_status_id": null, "in_reply_to_status_id_str": null, "in_reply_to_user_id": null, "in_reply_to_user_id_str": null, "in_reply_to_screen_name": null, "user": {"id": 23656660, "id_str": "23656660", "name": "Christian Helten", "screen_name": "Christiansn", "location": "Munich", "description": "Wellenfreund, M\u00fcnchenm\u00f6ger, Journalist / Digital Storytelling bei @SZ", "url": null, "entities": {"description": {"urls": []}}, "protected": false, "followers_count": 1029, "friends_count": 624, "listed_count": 50, "created_at": "Tue Mar 10 21:03:54 +0000 2009", "favourites_count": 280, "utc_offset": null, "time_zone": null, "geo_enabled": false, "verified": false, "statuses_count": 1034, "lang": null, "contributors_enabled": false, "is_translator": false, "is_translation_enabled": false, "profile_background_color": "C0DEED", "profile_background_image_url": "http://abs.twimg.com/images/themes/theme1/bg.png", "profile_background_image_url_https": "https://abs.twimg.com/images/themes/theme1/bg.png", "profile_background_tile": false, "profile_image_url": "http://pbs.twimg.com/profile_images/295405088/ich_normal.jpg", "profile_image_url_https": "https://pbs.twimg.com/profile_images/295405088/ich_normal.jpg", "profile_banner_url": "https://pbs.twimg.com/profile_banners/23656660/1400057930", "profile_link_color": "1DA1F2", "profile_sidebar_border_color": "C0DEED", "profile_sidebar_fill_color": "DDEEF6", "profile_text_color": "333333", "profile_use_background_image": true, "has_extended_profile": false, "default_profile": true, "default_profile_image": false, "following": false, "follow_request_sent": false, "notifications": false, "translator_type": "none"}, "geo": null, "coordinates": null, "place": null, "contributors": null, "is_quote_status": false, "retweet_count": 0, "favorite_count": 2, "favorited": false, "retweeted": false, "possibly_sensitive": false, "lang": "de"}