{"created_at": "Fri Feb 21 14:38:45 +0000 2020", "id": 1230864441111121925, "id_str": "1230864441111121925", "text": "RT @SZ_Gesundheit: In S\u00fcdkorea hat eine Frau wahrscheinlich Dutzende andere Menschen mit dem #Coronavirus angesteckt. Was das bedeutet. Die\u2026", "truncated": false, "entities": {"hashtags": [{"text": "Coronavirus", "indices": [93, 105]}], "symbols": [], "user_mentions": [{"screen_name": "SZ_Gesundheit", "name": "SZ Gesundheit", "id": 19767546, "id_str": "19767546", "indices": [3, 17]}], "urls": []}, "metadata": {"iso_language_code": "de", "result_type": "recent"}, "source": "<a href=\"http://twitter.com/download/iphone\" rel=\"nofollow\">Twitter for iPhone</a>", "in_reply_to_status_id": null, "in_reply_to_status_id_str": null, "in_reply_to_user_id": null, "in_reply_to_user_id_str": null, "in_reply_to_screen_name": null, "user": {"id": 55916990, "id_str": "55916990", "name": "ynnoc", "screen_name": "ynnoc82", "location": "Germany", "description": "", "url": null, "entities": {"description": {"urls": []}}, "protected": false, "followers_count": 227, "friends_count": 625, "listed_count": 7, "created_at": "Sat Jul 11 20:06:18 +0000 2009", "favourites_count": 51327, "utc_offset": null, "time_zone": null, "geo_enabled": true, "verified": false, "statuses_count": 13052, "lang": null, "contributors_enabled": false, "is_translator": false, "is_translation_enabled": false, "profile_background_color": "642D8B", "profile_background_image_url": "http://abs.twimg.com/images/themes/theme10/bg.gif", "profile_background_image_url_https": "https://abs.twimg.com/images/themes/theme10/bg.gif", "profile_background_tile": true, "profile_image_url": "http://pbs.twimg.com/profile_images/479516947647057920/uVcJblxS_normal.jpeg", "profile_image_url_https": "https://pbs.twimg.com/profile_images/479516947647057920/uVcJblxS_normal.jpeg", "profile_banner_url": "https://pbs.twimg.com/profile_banners/55916990/1395446450", "profile_link_color": "FF0000", "profile_sidebar_border_color": "65B0DA", "profile_sidebar_fill_color": "7AC3EE", "profile_text_color": "3D1957", "profile_use_background_image": true, "has_extended_profile": false, "default_profile": false, "default_profile_image": false, "following": false, "follow_request_sent": false, "notifications": false, "translator_type": "none"}, "geo": null, "coordinates": null, "place": null, "contributors": null, "retweeted_status": {"created_at": "Fri Feb 21 14:35:27 +0000 2020", "id": 1230863611125473284, "id_str": "1230863611125473284", "text": "In S\u00fcdkorea hat eine Frau wahrscheinlich Dutzende andere Menschen mit dem #Coronavirus angesteckt. Was das bedeutet\u2026 https://t.co/aX0ScpHLWL", "truncated": true, "entities": {"hashtags": [{"text": "Coronavirus", "indices": [74, 86]}], "symbols": [], "user_mentions": [], "urls": [{"url": "https://t.co/aX0ScpHLWL", "expanded_url": "https://twitter.com/i/web/status/1230863611125473284", "display_url": "twitter.com/i/web/status/1\u2026", "indices": [117, 140]}]}, "metadata": {"iso_language_code": "de", "result_type": "recent"}, "source": "<a href=\"http://www.sueddeutsche.de/gesundheit\" rel=\"nofollow\">SZ.de Twitterbot - Gesundheit</a>", "in_reply_to_status_id": null, "in_reply_to_status_id_str": null, "in_reply_to_user_id": null, "in_reply_to_user_id_str": null, "in_reply_to_screen_name": null, "user": {"id": 19767546, "id_str": "19767546", "name": "SZ Gesundheit", "screen_name": "SZ_Gesundheit", "location": "M\u00fcnchen", "description": "Impressum: http://t.co/2ZZkSAIdCg", "url": "http://t.co/LdXUxLH4Hl", "entities": {"url": {"urls": [{"url": "http://t.co/LdXUxLH4Hl", "expanded_url": "http://www.sz.de/gesundheit/", "display_url": "sz.de/gesundheit/", "indices": [0, 22]}]}, "description": {"urls": [{"url": "http://t.co/2ZZkSAIdCg", "expanded_url": "http://sz.de/impressum", "display_url": "sz.de/impressum", "indices": [11, 33]}]}}, "protected": false, "followers_count": 16107, "friends_count": 15, "listed_count": 397, "created_at": "Fri Jan 30 13:44:57 +0000 2009", "favourites_count": 0, "utc_offset": null, "time_zone": null, "geo_enabled": false, "verified": false, "statuses_count": 4422, "lang": null, "contributors_enabled": false, "is_translator": false, "is_translation_enabled": false, "profile_background_color": "F2F2F2", "profile_background_image_url": "http://abs.twimg.com/images/themes/theme1/bg.png", "profile_background_image_url_https": "https://abs.twimg.com/images/themes/theme1/bg.png", "profile_background_tile": false, "profile_image_url": "http://pbs.twimg.com/profile_images/654956783300136960/wiLAmu2T_normal.png", "profile_image_url_https": "https://pbs.twimg.com/profile_images/654956783300136960/wiLAmu2T_normal.png", "profile_link_color": "009999", "profile_sidebar_border_color": "000000", "profile_sidebar_fill_color": "F2F2F2", "profile_text_color": "333333", "profile_use_background_image": false, "has_extended_profile": false, "default_profile": false, "default_profile_image": false, "following": false, "follow_request_sent": false, "notifications": false, "translator_type": "none"}, "geo": null, "coordinates": null, "place": null, "contributors": null, "is_quote_status": false, "retweet_count": 2, "favorite_count": 1, "favorited": false, "retweeted": false, "possibly_sensitive": false, "lang": "de"}, "is_quote_status": false, "retweet_count": 2, "favorite_count": 0, "favorited": false, "retweeted": false, "lang": "de"}