{"created_at": "Tue Feb 18 16:49:00 +0000 2020", "id": 1229810056910327810, "id_str": "1229810056910327810", "text": "RT @ExasolAG: Are #drones and #robots the future of epidemics? If it can stop human-to-human transmission of the #Coronavirus and help get\u2026", "truncated": false, "entities": {"hashtags": [{"text": "drones", "indices": [18, 25]}, {"text": "robots", "indices": [30, 37]}, {"text": "Coronavirus", "indices": [113, 125]}], "symbols": [], "user_mentions": [{"screen_name": "ExasolAG", "name": "Exasol", "id": 195760172, "id_str": "195760172", "indices": [3, 12]}], "urls": []}, "metadata": {"iso_language_code": "en", "result_type": "recent"}, "source": "<a href=\"https://buffer.com\" rel=\"nofollow\">Buffer</a>", "in_reply_to_status_id": null, "in_reply_to_status_id_str": null, "in_reply_to_user_id": null, "in_reply_to_user_id_str": null, "in_reply_to_screen_name": null, "user": {"id": 268986118, "id_str": "268986118", "name": "Aaron Auld", "screen_name": "AaronAuldDE", "location": "Germany", "description": "CEO at #Exasol \u2013 working with the very best in the #database business. #bigdata #analytics #datascience #machinelearning #ai #inmemory #futureready", "url": "https://t.co/Yrf5QtQIvQ", "entities": {"url": {"urls": [{"url": "https://t.co/Yrf5QtQIvQ", "expanded_url": "http://www.exasol.com/en/", "display_url": "exasol.com/en/", "indices": [0, 23]}]}, "description": {"urls": []}}, "protected": false, "followers_count": 5577, "friends_count": 788, "listed_count": 539, "created_at": "Sat Mar 19 21:51:17 +0000 2011", "favourites_count": 2330, "utc_offset": null, "time_zone": null, "geo_enabled": false, "verified": false, "statuses_count": 9617, "lang": null, "contributors_enabled": false, "is_translator": false, "is_translation_enabled": false, "profile_background_color": "ABB8C2", "profile_background_image_url": "http://abs.twimg.com/images/themes/theme1/bg.png", "profile_background_image_url_https": "https://abs.twimg.com/images/themes/theme1/bg.png", "profile_background_tile": false, "profile_image_url": "http://pbs.twimg.com/profile_images/479400498500730880/mOSEWLE-_normal.jpeg", "profile_image_url_https": "https://pbs.twimg.com/profile_images/479400498500730880/mOSEWLE-_normal.jpeg", "profile_banner_url": "https://pbs.twimg.com/profile_banners/268986118/1536912794", "profile_link_color": "57AB26", "profile_sidebar_border_color": "FFFFFF", "profile_sidebar_fill_color": "DDEEF6", "profile_text_color": "333333", "profile_use_background_image": false, "has_extended_profile": false, "default_profile": false, "default_profile_image": false, "following": false, "follow_request_sent": false, "notifications": false, "translator_type": "none"}, "geo": null, "coordinates": null, "place": null, "contributors": null, "retweeted_status": {"created_at": "Mon Feb 10 17:55:59 +0000 2020", "id": 1226927809878265856, "id_str": "1226927809878265856", "text": "Are #drones and #robots the future of epidemics? If it can stop human-to-human transmission of the #Coronavirus and\u2026 https://t.co/VRUuItdTd4", "truncated": true, "entities": {"hashtags": [{"text": "drones", "indices": [4, 11]}, {"text": "robots", "indices": [16, 23]}, {"text": "Coronavirus", "indices": [99, 111]}], "symbols": [], "user_mentions": [], "urls": [{"url": "https://t.co/VRUuItdTd4", "expanded_url": "https://twitter.com/i/web/status/1226927809878265856", "display_url": "twitter.com/i/web/status/1\u2026", "indices": [117, 140]}]}, "metadata": {"iso_language_code": "en", "result_type": "recent"}, "source": "<a href=\"http://www.hubspot.com/\" rel=\"nofollow\">HubSpot</a>", "in_reply_to_status_id": null, "in_reply_to_status_id_str": null, "in_reply_to_user_id": null, "in_reply_to_user_id_str": null, "in_reply_to_screen_name": null, "user": {"id": 195760172, "id_str": "195760172", "name": "Exasol", "screen_name": "ExasolAG", "location": "Nuremberg, Germany", "description": "Our superfast data analytics platform gives you the power, flexibility and scalability to meet the demands of your long-term data strategy.", "url": "https://t.co/osaXvF2uSO", "entities": {"url": {"urls": [{"url": "https://t.co/osaXvF2uSO", "expanded_url": "https://www.exasol.com/", "display_url": "exasol.com", "indices": [0, 23]}]}, "description": {"urls": []}}, "protected": false, "followers_count": 20918, "friends_count": 12626, "listed_count": 1059, "created_at": "Mon Sep 27 14:26:28 +0000 2010", "favourites_count": 4131, "utc_offset": null, "time_zone": null, "geo_enabled": true, "verified": false, "statuses_count": 22553, "lang": null, "contributors_enabled": false, "is_translator": false, "is_translation_enabled": false, "profile_background_color": "EEEEEE", "profile_background_image_url": "http://abs.twimg.com/images/themes/theme1/bg.png", "profile_background_image_url_https": "https://abs.twimg.com/images/themes/theme1/bg.png", "profile_background_tile": false, "profile_image_url": "http://pbs.twimg.com/profile_images/930351769699409920/qb2QJkgP_normal.jpg", "profile_image_url_https": "https://pbs.twimg.com/profile_images/930351769699409920/qb2QJkgP_normal.jpg", "profile_banner_url": "https://pbs.twimg.com/profile_banners/195760172/1561462994", "profile_link_color": "76BC1D", "profile_sidebar_border_color": "FFFFFF", "profile_sidebar_fill_color": "F4F4F4", "profile_text_color": "333333", "profile_use_background_image": false, "has_extended_profile": false, "default_profile": false, "default_profile_image": false, "following": false, "follow_request_sent": false, "notifications": false, "translator_type": "none"}, "geo": null, "coordinates": null, "place": null, "contributors": null, "is_quote_status": false, "retweet_count": 2, "favorite_count": 3, "favorited": false, "retweeted": false, "possibly_sensitive": false, "lang": "en"}, "is_quote_status": false, "retweet_count": 2, "favorite_count": 0, "favorited": false, "retweeted": false, "lang": "en"}