{"created_at": "Tue Feb 18 09:56:23 +0000 2020", "id": 1229706216626098177, "id_str": "1229706216626098177", "text": "Furcht vor #Coronavirus: #Telekom bleibt auch Retail-Messe #Euroshop fern https://t.co/pU6Z6A2QZm", "truncated": false, "entities": {"hashtags": [{"text": "Coronavirus", "indices": [11, 23]}, {"text": "Telekom", "indices": [25, 33]}, {"text": "Euroshop", "indices": [59, 68]}], "symbols": [], "user_mentions": [], "urls": [{"url": "https://t.co/pU6Z6A2QZm", "expanded_url": "https://www.channelpartner.de/a/telekom-bleibt-auch-retail-messe-euroshop-fern,3337264?utm_source=Nach-Artikeltyp_1,30,119,124&utm_medium=RSS&utm_campaign=RSS-Feeds", "display_url": "channelpartner.de/a/telekom-blei\u2026", "indices": [74, 97]}]}, "metadata": {"iso_language_code": "de", "result_type": "recent"}, "source": "<a href=\"https://panel.socialpilot.co/\" rel=\"nofollow\">SocialPilot.co</a>", "in_reply_to_status_id": null, "in_reply_to_status_id_str": null, "in_reply_to_user_id": null, "in_reply_to_user_id_str": null, "in_reply_to_screen_name": null, "user": {"id": 66958647, "id_str": "66958647", "name": "ChannelPartner", "screen_name": "CP_Redaktion", "location": "M\u00fcnchen", "description": "Keiner ist n\u00e4her am Channel als ChannelPartner von IDG! Tweets zu #Distribution, #Fachhandel, #eCommerce und #Systemh\u00e4usern von @RWiltscheck und @marwanowitsch", "url": "http://t.co/Bd08xrD7z9", "entities": {"url": {"urls": [{"url": "http://t.co/Bd08xrD7z9", "expanded_url": "http://www.channelpartner.de", "display_url": "channelpartner.de", "indices": [0, 22]}]}, "description": {"urls": []}}, "protected": false, "followers_count": 6041, "friends_count": 649, "listed_count": 264, "created_at": "Wed Aug 19 09:38:40 +0000 2009", "favourites_count": 5190, "utc_offset": null, "time_zone": null, "geo_enabled": true, "verified": false, "statuses_count": 30248, "lang": null, "contributors_enabled": false, "is_translator": false, "is_translation_enabled": false, "profile_background_color": "9AE4E8", "profile_background_image_url": "http://abs.twimg.com/images/themes/theme1/bg.png", "profile_background_image_url_https": "https://abs.twimg.com/images/themes/theme1/bg.png", "profile_background_tile": false, "profile_image_url": "http://pbs.twimg.com/profile_images/747397533786378240/az2hpLc4_normal.jpg", "profile_image_url_https": "https://pbs.twimg.com/profile_images/747397533786378240/az2hpLc4_normal.jpg", "profile_banner_url": "https://pbs.twimg.com/profile_banners/66958647/1569824452", "profile_link_color": "1B95E0", "profile_sidebar_border_color": "FFFFFF", "profile_sidebar_fill_color": "FAFAFA", "profile_text_color": "333333", "profile_use_background_image": true, "has_extended_profile": true, "default_profile": false, "default_profile_image": false, "following": false, "follow_request_sent": false, "notifications": false, "translator_type": "none"}, "geo": null, "coordinates": null, "place": null, "contributors": null, "is_quote_status": false, "retweet_count": 0, "favorite_count": 0, "favorited": false, "retweeted": false, "possibly_sensitive": false, "lang": "de"}