{"created_at": "Wed Feb 19 17:38:43 +0000 2020", "id": 1230184953368936448, "id_str": "1230184953368936448", "text": "RT @prowildlife: If you want to prevent epidemics that begin in animals, halt the global trade in wildlife #Coronavirus https://t.co/wLMRxc\u2026", "truncated": false, "entities": {"hashtags": [{"text": "Coronavirus", "indices": [107, 119]}], "symbols": [], "user_mentions": [{"screen_name": "prowildlife", "name": "Pro Wildlife", "id": 85651556, "id_str": "85651556", "indices": [3, 15]}], "urls": []}, "metadata": {"iso_language_code": "en", "result_type": "recent"}, "source": "<a href=\"http://twitter.com/download/iphone\" rel=\"nofollow\">Twitter for iPhone</a>", "in_reply_to_status_id": null, "in_reply_to_status_id_str": null, "in_reply_to_user_id": null, "in_reply_to_user_id_str": null, "in_reply_to_screen_name": null, "user": {"id": 549164622, "id_str": "549164622", "name": "Dr Jo Swabe \ud83c\udf31", "screen_name": "joswabe", "location": "European Union", "description": "Senior Director of Public Affairs at Humane Society International/Europe; animal advocate, erstwhile sociologist & anthrozoologist. Ex-Brit. All opinions my own", "url": "https://t.co/ICrrM5tgWK", "entities": {"url": {"urls": [{"url": "https://t.co/ICrrM5tgWK", "expanded_url": "http://www.hsieurope.org", "display_url": "hsieurope.org", "indices": [0, 23]}]}, "description": {"urls": []}}, "protected": false, "followers_count": 1874, "friends_count": 367, "listed_count": 77, "created_at": "Mon Apr 09 09:20:35 +0000 2012", "favourites_count": 2123, "utc_offset": null, "time_zone": null, "geo_enabled": false, "verified": false, "statuses_count": 21286, "lang": null, "contributors_enabled": false, "is_translator": false, "is_translation_enabled": false, "profile_background_color": "131516", "profile_background_image_url": "http://abs.twimg.com/images/themes/theme14/bg.gif", "profile_background_image_url_https": "https://abs.twimg.com/images/themes/theme14/bg.gif", "profile_background_tile": true, "profile_image_url": "http://pbs.twimg.com/profile_images/432848460166201344/gde-9g4j_normal.jpeg", "profile_image_url_https": "https://pbs.twimg.com/profile_images/432848460166201344/gde-9g4j_normal.jpeg", "profile_banner_url": "https://pbs.twimg.com/profile_banners/549164622/1560446521", "profile_link_color": "4A913C", "profile_sidebar_border_color": "000000", "profile_sidebar_fill_color": "000000", "profile_text_color": "000000", "profile_use_background_image": true, "has_extended_profile": true, "default_profile": false, "default_profile_image": false, "following": false, "follow_request_sent": false, "notifications": false, "translator_type": "none"}, "geo": null, "coordinates": null, "place": null, "contributors": null, "retweeted_status": {"created_at": "Wed Feb 19 17:29:59 +0000 2020", "id": 1230182754459017225, "id_str": "1230182754459017225", "text": "If you want to prevent epidemics that begin in animals, halt the global trade in wildlife #Coronavirus https://t.co/wLMRxcaxGH", "truncated": false, "entities": {"hashtags": [{"text": "Coronavirus", "indices": [90, 102]}], "symbols": [], "user_mentions": [], "urls": [{"url": "https://t.co/wLMRxcaxGH", "expanded_url": "https://nyti.ms/38KCTBC", "display_url": "nyti.ms/38KCTBC", "indices": [103, 126]}]}, "metadata": {"iso_language_code": "en", "result_type": "recent"}, "source": "<a href=\"http://twitter.com\" rel=\"nofollow\">Twitter Web Client</a>", "in_reply_to_status_id": null, "in_reply_to_status_id_str": null, "in_reply_to_user_id": null, "in_reply_to_user_id_str": null, "in_reply_to_screen_name": null, "user": {"id": 85651556, "id_str": "85651556", "name": "Pro Wildlife", "screen_name": "prowildlife", "location": "M\u00fcnchen", "description": "We protect wildlife\nWir sch\u00fctzen Wildtiere", "url": "http://t.co/zHHm48uNhl", "entities": {"url": {"urls": [{"url": "http://t.co/zHHm48uNhl", "expanded_url": "http://www.prowildlife.de", "display_url": "prowildlife.de", "indices": [0, 22]}]}, "description": {"urls": []}}, "protected": false, "followers_count": 1269, "friends_count": 949, "listed_count": 41, "created_at": "Tue Oct 27 20:15:48 +0000 2009", "favourites_count": 2908, "utc_offset": null, "time_zone": null, "geo_enabled": true, "verified": false, "statuses_count": 5656, "lang": null, "contributors_enabled": false, "is_translator": false, "is_translation_enabled": false, "profile_background_color": "E9DAAA", "profile_background_image_url": "http://abs.twimg.com/images/themes/theme1/bg.png", "profile_background_image_url_https": "https://abs.twimg.com/images/themes/theme1/bg.png", "profile_background_tile": false, "profile_image_url": "http://pbs.twimg.com/profile_images/762573706099093504/lJ8pEkR5_normal.jpg", "profile_image_url_https": "https://pbs.twimg.com/profile_images/762573706099093504/lJ8pEkR5_normal.jpg", "profile_banner_url": "https://pbs.twimg.com/profile_banners/85651556/1561370223", "profile_link_color": "4A913C", "profile_sidebar_border_color": "FFFFFF", "profile_sidebar_fill_color": "DDEEF6", "profile_text_color": "333333", "profile_use_background_image": false, "has_extended_profile": false, "default_profile": false, "default_profile_image": false, "following": false, "follow_request_sent": false, "notifications": false, "translator_type": "none"}, "geo": null, "coordinates": null, "place": null, "contributors": null, "is_quote_status": false, "retweet_count": 2, "favorite_count": 4, "favorited": false, "retweeted": false, "possibly_sensitive": false, "lang": "en"}, "is_quote_status": false, "retweet_count": 2, "favorite_count": 0, "favorited": false, "retweeted": false, "lang": "en"}