{"created_at": "Fri Feb 21 09:44:33 +0000 2020", "id": 1230790402371969027, "id_str": "1230790402371969027", "text": "Das #Coronavirus trifft \u201eBig Tech\u201c sp\u00fcrbar https://t.co/MKC3FqadI0 via @voxdotcom", "truncated": false, "entities": {"hashtags": [{"text": "Coronavirus", "indices": [4, 16]}], "symbols": [], "user_mentions": [{"screen_name": "voxdotcom", "name": "Vox", "id": 2347049341, "id_str": "2347049341", "indices": [71, 81]}], "urls": [{"url": "https://t.co/MKC3FqadI0", "expanded_url": "https://www.vox.com/recode/2020/2/20/21145803/coronavirus-impacting-big-tech-business-apple-amazon-facebook-big-tech-impacted?utm_campaign=vox&utm_content=entry&utm_medium=social&utm_source=twitter", "display_url": "vox.com/recode/2020/2/\u2026", "indices": [43, 66]}]}, "metadata": {"iso_language_code": "de", "result_type": "recent"}, "source": "<a href=\"http://twitter.com\" rel=\"nofollow\">Twitter Web Client</a>", "in_reply_to_status_id": null, "in_reply_to_status_id_str": null, "in_reply_to_user_id": null, "in_reply_to_user_id_str": null, "in_reply_to_screen_name": null, "user": {"id": 636603, "id_str": "636603", "name": "Thomas Cloer \ud83c\uddea\ud83c\uddfa", "screen_name": "teezeh", "location": "M\u00fcnchen, Deutschland", "description": "A man of wealth (negligible) and taste (considerable). War fr\u00fcher\u2122 Journalist. Kommuniziert jetzt f\u00fcr @retarus. Spricht f\u00fcr sich. #NoAFD", "url": "https://t.co/soGI6M1VI3", "entities": {"url": {"urls": [{"url": "https://t.co/soGI6M1VI3", "expanded_url": "https://teezeh.de", "display_url": "teezeh.de", "indices": [0, 23]}]}, "description": {"urls": []}}, "protected": false, "followers_count": 2316, "friends_count": 666, "listed_count": 278, "created_at": "Mon Jan 15 17:37:40 +0000 2007", "favourites_count": 5543, "utc_offset": null, "time_zone": null, "geo_enabled": true, "verified": false, "statuses_count": 67132, "lang": null, "contributors_enabled": false, "is_translator": false, "is_translation_enabled": false, "profile_background_color": "8B1A1A", "profile_background_image_url": "http://abs.twimg.com/images/themes/theme19/bg.gif", "profile_background_image_url_https": "https://abs.twimg.com/images/themes/theme19/bg.gif", "profile_background_tile": true, "profile_image_url": "http://pbs.twimg.com/profile_images/1128265526743130112/ff9vW7pC_normal.jpg", "profile_image_url_https": "https://pbs.twimg.com/profile_images/1128265526743130112/ff9vW7pC_normal.jpg", "profile_banner_url": "https://pbs.twimg.com/profile_banners/636603/1567793233", "profile_link_color": "E81C4F", "profile_sidebar_border_color": "000000", "profile_sidebar_fill_color": "F6FFD1", "profile_text_color": "333333", "profile_use_background_image": true, "has_extended_profile": true, "default_profile": false, "default_profile_image": false, "following": false, "follow_request_sent": false, "notifications": false, "translator_type": "regular"}, "geo": null, "coordinates": null, "place": null, "contributors": null, "is_quote_status": false, "retweet_count": 0, "favorite_count": 0, "favorited": false, "retweeted": false, "possibly_sensitive": false, "lang": "de"}