{"created_at": "Tue Feb 18 10:54:02 +0000 2020", "id": 1229720724518133760, "id_str": "1229720724518133760", "text": "#Coronavirus: Legende #Bj\u00f6rndalen hatte Riesengl\u00fcck.\n#Wintersport #Biathlon\nhttps://t.co/RwPTd5L4Iy", "truncated": false, "entities": {"hashtags": [{"text": "Coronavirus", "indices": [0, 12]}, {"text": "Bj\u00f6rndalen", "indices": [22, 33]}, {"text": "Wintersport", "indices": [53, 65]}, {"text": "Biathlon", "indices": [66, 75]}], "symbols": [], "user_mentions": [], "urls": [{"url": "https://t.co/RwPTd5L4Iy", "expanded_url": "https://www.sport1.de/wintersport/biathlon/2020/02/biathlon-wm-ole-einer-bjoerndalen-ueber-coronavirus-und-zustaende-in-china?utm_medium=Social&utm_source=Twitter#Echobox=1582023242", "display_url": "sport1.de/wintersport/bi\u2026", "indices": [76, 99]}]}, "metadata": {"iso_language_code": "de", "result_type": "recent"}, "source": "<a href=\"https://www.echobox.com\" rel=\"nofollow\">Echobox Social</a>", "in_reply_to_status_id": null, "in_reply_to_status_id_str": null, "in_reply_to_user_id": null, "in_reply_to_user_id_str": null, "in_reply_to_screen_name": null, "user": {"id": 106053, "id_str": "106053", "name": "SPORT1", "screen_name": "SPORT1", "location": "M\u00fcnchen", "description": "Offizieller Twitter-Account von SPORT1  Datenschutz: https://t.co/6rhWXilkxA\nImpressum:\nhttps://t.co/ee9PEl7FGu", "url": "https://t.co/OgiAwsbXUa", "entities": {"url": {"urls": [{"url": "https://t.co/OgiAwsbXUa", "expanded_url": "http://www.sport1.de", "display_url": "sport1.de", "indices": [0, 23]}]}, "description": {"urls": [{"url": "https://t.co/6rhWXilkxA", "expanded_url": "https://on.sport1.de/datenschutz", "display_url": "on.sport1.de/datenschutz", "indices": [53, 76]}, {"url": "https://t.co/ee9PEl7FGu", "expanded_url": "https://on.sport1.de/impressum", "display_url": "on.sport1.de/impressum", "indices": [88, 111]}]}}, "protected": false, "followers_count": 588258, "friends_count": 1881, "listed_count": 1729, "created_at": "Thu Dec 21 11:14:55 +0000 2006", "favourites_count": 8385, "utc_offset": null, "time_zone": null, "geo_enabled": true, "verified": true, "statuses_count": 171823, "lang": null, "contributors_enabled": false, "is_translator": false, "is_translation_enabled": false, "profile_background_color": "424242", "profile_background_image_url": "http://abs.twimg.com/images/themes/theme1/bg.png", "profile_background_image_url_https": "https://abs.twimg.com/images/themes/theme1/bg.png", "profile_background_tile": true, "profile_image_url": "http://pbs.twimg.com/profile_images/951815177334292480/JFq_wxld_normal.jpg", "profile_image_url_https": "https://pbs.twimg.com/profile_images/951815177334292480/JFq_wxld_normal.jpg", "profile_banner_url": "https://pbs.twimg.com/profile_banners/106053/1515765441", "profile_link_color": "424242", "profile_sidebar_border_color": "FFFFFF", "profile_sidebar_fill_color": "FFFFFF", "profile_text_color": "000000", "profile_use_background_image": true, "has_extended_profile": false, "default_profile": false, "default_profile_image": false, "following": false, "follow_request_sent": false, "notifications": false, "translator_type": "none"}, "geo": null, "coordinates": null, "place": null, "contributors": null, "is_quote_status": false, "retweet_count": 0, "favorite_count": 1, "favorited": false, "retweeted": false, "possibly_sensitive": false, "lang": "de"}