{"created_at": "Wed Feb 19 06:55:10 +0000 2020", "id": 1230022999119683584, "id_str": "1230022999119683584", "text": "#diamondprinces zeigt: #Coronavirus und #COVID19 er\u00f6ffnen neue Gesch\u00e4ftsfelder.... https://t.co/mGskpdEHMw", "truncated": false, "entities": {"hashtags": [{"text": "diamondprinces", "indices": [0, 15]}, {"text": "Coronavirus", "indices": [23, 35]}, {"text": "COVID19", "indices": [40, 48]}], "symbols": [], "user_mentions": [], "urls": [], "media": [{"id": 1230022992786345985, "id_str": "1230022992786345985", "indices": [83, 106], "media_url": "http://pbs.twimg.com/media/ERHrZR6X0AEp1wd.png", "media_url_https": "https://pbs.twimg.com/media/ERHrZR6X0AEp1wd.png", "url": "https://t.co/mGskpdEHMw", "display_url": "pic.twitter.com/mGskpdEHMw", "expanded_url": "https://twitter.com/mride80336/status/1230022999119683584/photo/1", "type": "photo", "sizes": {"medium": {"w": 817, "h": 455, "resize": "fit"}, "small": {"w": 680, "h": 379, "resize": "fit"}, "large": {"w": 817, "h": 455, "resize": "fit"}, "thumb": {"w": 150, "h": 150, "resize": "crop"}}}]}, "extended_entities": {"media": [{"id": 1230022992786345985, "id_str": "1230022992786345985", "indices": [83, 106], "media_url": "http://pbs.twimg.com/media/ERHrZR6X0AEp1wd.png", "media_url_https": "https://pbs.twimg.com/media/ERHrZR6X0AEp1wd.png", "url": "https://t.co/mGskpdEHMw", "display_url": "pic.twitter.com/mGskpdEHMw", "expanded_url": "https://twitter.com/mride80336/status/1230022999119683584/photo/1", "type": "photo", "sizes": {"medium": {"w": 817, "h": 455, "resize": "fit"}, "small": {"w": 680, "h": 379, "resize": "fit"}, "large": {"w": 817, "h": 455, "resize": "fit"}, "thumb": {"w": 150, "h": 150, "resize": "crop"}}}]}, "metadata": {"iso_language_code": "de", "result_type": "recent"}, "source": "<a href=\"https://mobile.twitter.com\" rel=\"nofollow\">Twitter Web App</a>", "in_reply_to_status_id": null, "in_reply_to_status_id_str": null, "in_reply_to_user_id": null, "in_reply_to_user_id_str": null, "in_reply_to_screen_name": null, "user": {"id": 357072283, "id_str": "357072283", "name": "Martin Richter", "screen_name": "mride80336", "location": "M\u00fcnchen, Bayern", "description": "Interessiert an Forschung | Medien | Deutschland, Europa, Welt | Politik, Sozial- und Umweltfragen | Selbst: Informatiker und Projektplaner", "url": null, "entities": {"description": {"urls": []}}, "protected": false, "followers_count": 63, "friends_count": 60, "listed_count": 0, "created_at": "Wed Aug 17 20:11:43 +0000 2011", "favourites_count": 55, "utc_offset": null, "time_zone": null, "geo_enabled": true, "verified": false, "statuses_count": 257, "lang": null, "contributors_enabled": false, "is_translator": false, "is_translation_enabled": false, "profile_background_color": "C0DEED", "profile_background_image_url": "http://abs.twimg.com/images/themes/theme1/bg.png", "profile_background_image_url_https": "https://abs.twimg.com/images/themes/theme1/bg.png", "profile_background_tile": false, "profile_image_url": "http://pbs.twimg.com/profile_images/1223850047168819200/JPLX4UnS_normal.jpg", "profile_image_url_https": "https://pbs.twimg.com/profile_images/1223850047168819200/JPLX4UnS_normal.jpg", "profile_banner_url": "https://pbs.twimg.com/profile_banners/357072283/1582111833", "profile_link_color": "1DA1F2", "profile_sidebar_border_color": "C0DEED", "profile_sidebar_fill_color": "DDEEF6", "profile_text_color": "333333", "profile_use_background_image": true, "has_extended_profile": true, "default_profile": true, "default_profile_image": false, "following": false, "follow_request_sent": false, "notifications": false, "translator_type": "none"}, "geo": null, "coordinates": null, "place": null, "contributors": null, "is_quote_status": false, "retweet_count": 0, "favorite_count": 5, "favorited": false, "retweeted": false, "possibly_sensitive": false, "lang": "de"}