{"created_at": "Wed Feb 19 18:00:00 +0000 2020", "id": 1230190311986647041, "id_str": "1230190311986647041", "text": "Bei der Entwicklung eines Impfstoffs gegen das #CoronaVirus gibt es bereits  zahlreiche vielversprechende Ans\u00e4tze,\u2026 https://t.co/U0wGajZLpa", "truncated": true, "entities": {"hashtags": [{"text": "CoronaVirus", "indices": [47, 59]}], "symbols": [], "user_mentions": [], "urls": [{"url": "https://t.co/U0wGajZLpa", "expanded_url": "https://twitter.com/i/web/status/1230190311986647041", "display_url": "twitter.com/i/web/status/1\u2026", "indices": [116, 139]}]}, "metadata": {"iso_language_code": "de", "result_type": "recent"}, "source": "<a href=\"https://about.twitter.com/products/tweetdeck\" rel=\"nofollow\">TweetDeck</a>", "in_reply_to_status_id": null, "in_reply_to_status_id_str": null, "in_reply_to_user_id": null, "in_reply_to_user_id_str": null, "in_reply_to_screen_name": null, "user": {"id": 17308291, "id_str": "17308291", "name": "BR - Wissen", "screen_name": "BR_Wissen", "location": "M\u00fcnchen", "description": "Bayerischer Rundfunk: https://t.co/J0VvOsQqAV, Rubrik Wissen, info@br.de\nInformationen \u00fcber die Datenverarbeitung: https://t.co/oDiueqz4ej", "url": "https://t.co/IgBtjxUPe8", "entities": {"url": {"urls": [{"url": "https://t.co/IgBtjxUPe8", "expanded_url": "https://www.br.de/themen/wissen/inhalt/highlights/", "display_url": "br.de/themen/wissen/\u2026", "indices": [0, 23]}]}, "description": {"urls": [{"url": "https://t.co/J0VvOsQqAV", "expanded_url": "http://BR.de", "display_url": "BR.de", "indices": [22, 45]}, {"url": "https://t.co/oDiueqz4ej", "expanded_url": "https://br.de/s/3Tam5gf", "display_url": "br.de/s/3Tam5gf", "indices": [115, 138]}]}}, "protected": false, "followers_count": 16993, "friends_count": 140, "listed_count": 475, "created_at": "Tue Nov 11 11:51:55 +0000 2008", "favourites_count": 439, "utc_offset": null, "time_zone": null, "geo_enabled": true, "verified": true, "statuses_count": 32097, "lang": null, "contributors_enabled": false, "is_translator": false, "is_translation_enabled": false, "profile_background_color": "FFFFFF", "profile_background_image_url": "http://abs.twimg.com/images/themes/theme1/bg.png", "profile_background_image_url_https": "https://abs.twimg.com/images/themes/theme1/bg.png", "profile_background_tile": false, "profile_image_url": "http://pbs.twimg.com/profile_images/877170003283464193/pZWrZwSH_normal.jpg", "profile_image_url_https": "https://pbs.twimg.com/profile_images/877170003283464193/pZWrZwSH_normal.jpg", "profile_banner_url": "https://pbs.twimg.com/profile_banners/17308291/1398427169", "profile_link_color": "010304", "profile_sidebar_border_color": "000000", "profile_sidebar_fill_color": "E5F2F9", "profile_text_color": "333333", "profile_use_background_image": true, "has_extended_profile": false, "default_profile": false, "default_profile_image": false, "following": false, "follow_request_sent": false, "notifications": false, "translator_type": "none"}, "geo": null, "coordinates": null, "place": null, "contributors": null, "is_quote_status": false, "retweet_count": 0, "favorite_count": 1, "favorited": false, "retweeted": false, "possibly_sensitive": false, "lang": "de"}