{"created_at": "Fri Feb 21 15:18:46 +0000 2020", "id": 1230874508816461826, "id_str": "1230874508816461826", "text": "RT @BABLEconnect: \"Public health representatives caution that technology is beneficial to an outbreak response, but like all resources, it\u2026", "truncated": false, "entities": {"hashtags": [], "symbols": [], "user_mentions": [{"screen_name": "BABLEconnect", "name": "BABLE", "id": 892018845359198208, "id_str": "892018845359198208", "indices": [3, 16]}], "urls": []}, "metadata": {"iso_language_code": "en", "result_type": "recent"}, "source": "<a href=\"http://twitter.com/download/iphone\" rel=\"nofollow\">Twitter for iPhone</a>", "in_reply_to_status_id": null, "in_reply_to_status_id_str": null, "in_reply_to_user_id": null, "in_reply_to_user_id_str": null, "in_reply_to_screen_name": null, "user": {"id": 426356890, "id_str": "426356890", "name": "Shannon Macika", "screen_name": "smacika526", "location": "Stuttgart, Germany", "description": "#NOLA to #PHL to #RVA to #Stuttgart. Alum of @AmeriCorpsVISTA @GWSPHOnline @GWpublichealth @Penn. #PublicHealth #teamjlracing2020 \ud83d\udeb2\ud83d\udea3\u200d\u2640\ufe0f\ud83c\udf0e *Views are my own*", "url": "https://t.co/yHoEOVO6Xs", "entities": {"url": {"urls": [{"url": "https://t.co/yHoEOVO6Xs", "expanded_url": "http://sevillashannon.wordpress.com", "display_url": "sevillashannon.wordpress.com", "indices": [0, 23]}]}, "description": {"urls": []}}, "protected": false, "followers_count": 328, "friends_count": 1122, "listed_count": 14, "created_at": "Fri Dec 02 04:20:36 +0000 2011", "favourites_count": 349, "utc_offset": null, "time_zone": null, "geo_enabled": true, "verified": false, "statuses_count": 1166, "lang": null, "contributors_enabled": false, "is_translator": false, "is_translation_enabled": false, "profile_background_color": "0F0F0F", "profile_background_image_url": "http://abs.twimg.com/images/themes/theme16/bg.gif", "profile_background_image_url_https": "https://abs.twimg.com/images/themes/theme16/bg.gif", "profile_background_tile": false, "profile_image_url": "http://pbs.twimg.com/profile_images/702880068398264320/XOFZJC0D_normal.jpg", "profile_image_url_https": "https://pbs.twimg.com/profile_images/702880068398264320/XOFZJC0D_normal.jpg", "profile_banner_url": "https://pbs.twimg.com/profile_banners/426356890/1456415247", "profile_link_color": "3B94D9", "profile_sidebar_border_color": "FFFFFF", "profile_sidebar_fill_color": "E74A69", "profile_text_color": "FF936C", "profile_use_background_image": true, "has_extended_profile": true, "default_profile": false, "default_profile_image": false, "following": false, "follow_request_sent": false, "notifications": false, "translator_type": "none"}, "geo": null, "coordinates": null, "place": null, "contributors": null, "retweeted_status": {"created_at": "Fri Feb 21 14:15:10 +0000 2020", "id": 1230858506133266432, "id_str": "1230858506133266432", "text": "\"Public health representatives caution that technology is beneficial to an outbreak response, but like all resource\u2026 https://t.co/FtCof9NYsq", "truncated": true, "entities": {"hashtags": [], "symbols": [], "user_mentions": [], "urls": [{"url": "https://t.co/FtCof9NYsq", "expanded_url": "https://twitter.com/i/web/status/1230858506133266432", "display_url": "twitter.com/i/web/status/1\u2026", "indices": [117, 140]}]}, "metadata": {"iso_language_code": "en", "result_type": "recent"}, "source": "<a href=\"https://www.hootsuite.com\" rel=\"nofollow\">Hootsuite Inc.</a>", "in_reply_to_status_id": null, "in_reply_to_status_id_str": null, "in_reply_to_user_id": null, "in_reply_to_user_id_str": null, "in_reply_to_screen_name": null, "user": {"id": 892018845359198208, "id_str": "892018845359198208", "name": "BABLE", "screen_name": "BABLEconnect", "location": "Stuttgart, Germany", "description": "BABLE is an exchange platform for the #SmartCity community - a digital toolkit to facilitate the implementation of Smart City Solutions.", "url": "https://t.co/seauSkuyQA", "entities": {"url": {"urls": [{"url": "https://t.co/seauSkuyQA", "expanded_url": "http://www.bable-smartcities.eu", "display_url": "bable-smartcities.eu", "indices": [0, 23]}]}, "description": {"urls": []}}, "protected": false, "followers_count": 357, "friends_count": 440, "listed_count": 9, "created_at": "Mon Jul 31 13:47:20 +0000 2017", "favourites_count": 290, "utc_offset": null, "time_zone": null, "geo_enabled": false, "verified": false, "statuses_count": 868, "lang": null, "contributors_enabled": false, "is_translator": false, "is_translation_enabled": false, "profile_background_color": "000000", "profile_background_image_url": "http://abs.twimg.com/images/themes/theme1/bg.png", "profile_background_image_url_https": "https://abs.twimg.com/images/themes/theme1/bg.png", "profile_background_tile": false, "profile_image_url": "http://pbs.twimg.com/profile_images/1044304725364158472/9HKgg2jJ_normal.jpg", "profile_image_url_https": "https://pbs.twimg.com/profile_images/1044304725364158472/9HKgg2jJ_normal.jpg", "profile_banner_url": "https://pbs.twimg.com/profile_banners/892018845359198208/1551879323", "profile_link_color": "06A4A8", "profile_sidebar_border_color": "000000", "profile_sidebar_fill_color": "000000", "profile_text_color": "000000", "profile_use_background_image": false, "has_extended_profile": false, "default_profile": false, "default_profile_image": false, "following": false, "follow_request_sent": false, "notifications": false, "translator_type": "none"}, "geo": null, "coordinates": null, "place": null, "contributors": null, "is_quote_status": false, "retweet_count": 1, "favorite_count": 1, "favorited": false, "retweeted": false, "possibly_sensitive": false, "lang": "en"}, "is_quote_status": false, "retweet_count": 1, "favorite_count": 0, "favorited": false, "retweeted": false, "lang": "en"}