{"created_at": "Fri Feb 21 15:18:16 +0000 2020", "id": 1230874386346975233, "id_str": "1230874386346975233", "text": "#Coronavirus in #Bayern: So viele Patienten sind noch in Klinik. #M\u00fcnchen #Webasto #Gesundheit\u2026 https://t.co/0qLUNw5N1d", "truncated": true, "entities": {"hashtags": [{"text": "Coronavirus", "indices": [0, 12]}, {"text": "Bayern", "indices": [16, 23]}, {"text": "M\u00fcnchen", "indices": [65, 73]}, {"text": "Webasto", "indices": [74, 82]}, {"text": "Gesundheit", "indices": [83, 94]}], "symbols": [], "user_mentions": [], "urls": [{"url": "https://t.co/0qLUNw5N1d", "expanded_url": "https://twitter.com/i/web/status/1230874386346975233", "display_url": "twitter.com/i/web/status/1\u2026", "indices": [96, 119]}]}, "metadata": {"iso_language_code": "de", "result_type": "recent"}, "source": "<a href=\"https://www.tag24.de\" rel=\"nofollow\">TAG24M App</a>", "in_reply_to_status_id": null, "in_reply_to_status_id_str": null, "in_reply_to_user_id": null, "in_reply_to_user_id_str": null, "in_reply_to_screen_name": null, "user": {"id": 1016306452791808005, "id_str": "1016306452791808005", "name": "TAG24 NEWS M\u00fcnchen", "screen_name": "TAG24M", "location": "M\u00fcnchen, Bayern", "description": "News aus M\u00fcnchen\u2764\ufe0f Live von TAG24. \ud83d\ude80 Aktuell haben wir 10 Redaktionen in Deutschland mit \u00fcber 10 Millionen Lesern im Monat. Impressum: https://t.co/9Q98G8nQLm", "url": "https://t.co/bquCWkue86", "entities": {"url": {"urls": [{"url": "https://t.co/bquCWkue86", "expanded_url": "https://www.tag24.de/muenchen", "display_url": "tag24.de/muenchen", "indices": [0, 23]}]}, "description": {"urls": [{"url": "https://t.co/9Q98G8nQLm", "expanded_url": "http://bit.ly/2mHkmAQ", "display_url": "bit.ly/2mHkmAQ", "indices": [135, 158]}]}}, "protected": false, "followers_count": 155, "friends_count": 151, "listed_count": 7, "created_at": "Mon Jul 09 13:01:55 +0000 2018", "favourites_count": 2, "utc_offset": null, "time_zone": null, "geo_enabled": false, "verified": false, "statuses_count": 10093, "lang": null, "contributors_enabled": false, "is_translator": false, "is_translation_enabled": false, "profile_background_color": "000000", "profile_background_image_url": "http://abs.twimg.com/images/themes/theme1/bg.png", "profile_background_image_url_https": "https://abs.twimg.com/images/themes/theme1/bg.png", "profile_background_tile": false, "profile_image_url": "http://pbs.twimg.com/profile_images/1016310702481530882/t-vqzJek_normal.jpg", "profile_image_url_https": "https://pbs.twimg.com/profile_images/1016310702481530882/t-vqzJek_normal.jpg", "profile_banner_url": "https://pbs.twimg.com/profile_banners/1016306452791808005/1531144055", "profile_link_color": "E30513", "profile_sidebar_border_color": "000000", "profile_sidebar_fill_color": "000000", "profile_text_color": "000000", "profile_use_background_image": false, "has_extended_profile": false, "default_profile": false, "default_profile_image": false, "following": false, "follow_request_sent": false, "notifications": false, "translator_type": "none"}, "geo": null, "coordinates": null, "place": null, "contributors": null, "is_quote_status": false, "retweet_count": 0, "favorite_count": 0, "favorited": false, "retweeted": false, "possibly_sensitive": false, "lang": "de"}