{"created_at": "Thu Feb 20 12:36:10 +0000 2020", "id": 1230471201996386304, "id_str": "1230471201996386304", "text": "F\u00fcr die, die alles gerne im Blick haben: #SARSCoV2 Dashboard der WHO #coronavirus https://t.co/7ZQSdP5z3N", "truncated": false, "entities": {"hashtags": [{"text": "SARSCoV2", "indices": [41, 50]}, {"text": "coronavirus", "indices": [69, 81]}], "symbols": [], "user_mentions": [], "urls": [{"url": "https://t.co/7ZQSdP5z3N", "expanded_url": "http://who.maps.arcgis.com/apps/opsdashboard/index.html#/c88e37cfc43b4ed3baf977d77e4a0667", "display_url": "who.maps.arcgis.com/apps/opsdashbo\u2026", "indices": [82, 105]}]}, "metadata": {"iso_language_code": "de", "result_type": "recent"}, "source": "<a href=\"https://mobile.twitter.com\" rel=\"nofollow\">Twitter Web App</a>", "in_reply_to_status_id": null, "in_reply_to_status_id_str": null, "in_reply_to_user_id": null, "in_reply_to_user_id_str": null, "in_reply_to_screen_name": null, "user": {"id": 837278886782185472, "id_str": "837278886782185472", "name": "Dr. med. Eva Maria Strobl", "screen_name": "lipsandskin", "location": "M\u00fcnchen, Bayern", "description": "Fach\u00e4rztin f\u00fcr Allgemeinmedizin. Not\u00e4rztin am Airport MUC. Privatpraxis f\u00fcr \u00e4sthetische Medizin in M\u00fcnchen. Ehefrau. Mutter. FCB-Fan. https://t.co/f38zz7lmcU", "url": "https://t.co/Y4MuImBDYe", "entities": {"url": {"urls": [{"url": "https://t.co/Y4MuImBDYe", "expanded_url": "http://www.lipsandskin.de", "display_url": "lipsandskin.de", "indices": [0, 23]}]}, "description": {"urls": [{"url": "https://t.co/f38zz7lmcU", "expanded_url": "https://Lipsandskin.de", "display_url": "Lipsandskin.de", "indices": [134, 157]}]}}, "protected": false, "followers_count": 2141, "friends_count": 2045, "listed_count": 5, "created_at": "Thu Mar 02 12:30:17 +0000 2017", "favourites_count": 6062, "utc_offset": null, "time_zone": null, "geo_enabled": false, "verified": false, "statuses_count": 5856, "lang": null, "contributors_enabled": false, "is_translator": false, "is_translation_enabled": false, "profile_background_color": "F5F8FA", "profile_background_image_url": null, "profile_background_image_url_https": null, "profile_background_tile": false, "profile_image_url": "http://pbs.twimg.com/profile_images/1230547575616528385/Vlp2Rfdw_normal.jpg", "profile_image_url_https": "https://pbs.twimg.com/profile_images/1230547575616528385/Vlp2Rfdw_normal.jpg", "profile_banner_url": "https://pbs.twimg.com/profile_banners/837278886782185472/1582120791", "profile_link_color": "1DA1F2", "profile_sidebar_border_color": "C0DEED", "profile_sidebar_fill_color": "DDEEF6", "profile_text_color": "333333", "profile_use_background_image": true, "has_extended_profile": true, "default_profile": true, "default_profile_image": false, "following": false, "follow_request_sent": false, "notifications": false, "translator_type": "none"}, "geo": null, "coordinates": null, "place": null, "contributors": null, "is_quote_status": false, "retweet_count": 1, "favorite_count": 3, "favorited": false, "retweeted": false, "possibly_sensitive": false, "lang": "de"}