{"created_at": "Tue Feb 18 06:46:30 +0000 2020", "id": 1229658431591723009, "id_str": "1229658431591723009", "text": "What does #coronavirus? An organ-by-organ look at how #SARSCOV2 (#2019nCoV, #COVID19 ) harms the human body.\n\nLungs\u2026 https://t.co/PvyekRpflP", "truncated": true, "entities": {"hashtags": [{"text": "coronavirus", "indices": [10, 22]}, {"text": "SARSCOV2", "indices": [54, 63]}, {"text": "2019nCoV", "indices": [65, 74]}, {"text": "COVID19", "indices": [76, 84]}], "symbols": [], "user_mentions": [], "urls": [{"url": "https://t.co/PvyekRpflP", "expanded_url": "https://twitter.com/i/web/status/1229658431591723009", "display_url": "twitter.com/i/web/status/1\u2026", "indices": [117, 140]}]}, "metadata": {"iso_language_code": "en", "result_type": "recent"}, "source": "<a href=\"http://twitter.com/download/iphone\" rel=\"nofollow\">Twitter for iPhone</a>", "in_reply_to_status_id": null, "in_reply_to_status_id_str": null, "in_reply_to_user_id": null, "in_reply_to_user_id_str": null, "in_reply_to_screen_name": null, "user": {"id": 72816261, "id_str": "72816261", "name": "Kai Baumgartner\ud83c\udf33\ud83e\uddd1\ud83c\udffd\u200d\ud83c\udf3e", "screen_name": "kaibaumgartner", "location": "M\u00fcnchen, Bayern, Deutschland", "description": "Private equity, venture capital, business angel, impact entrepreneurship, reason over ideology, diversity of thought, libertarianism, individualism, resilience", "url": "https://t.co/UYKFGMZt48", "entities": {"url": {"urls": [{"url": "https://t.co/UYKFGMZt48", "expanded_url": "http://www.kaibaumgartner.com", "display_url": "kaibaumgartner.com", "indices": [0, 23]}]}, "description": {"urls": []}}, "protected": false, "followers_count": 1648, "friends_count": 639, "listed_count": 256, "created_at": "Wed Sep 09 10:01:36 +0000 2009", "favourites_count": 26, "utc_offset": null, "time_zone": null, "geo_enabled": false, "verified": false, "statuses_count": 4128, "lang": null, "contributors_enabled": false, "is_translator": false, "is_translation_enabled": false, "profile_background_color": "57832C", "profile_background_image_url": "http://abs.twimg.com/images/themes/theme9/bg.gif", "profile_background_image_url_https": "https://abs.twimg.com/images/themes/theme9/bg.gif", "profile_background_tile": false, "profile_image_url": "http://pbs.twimg.com/profile_images/744506260930760704/NQVnWAgf_normal.jpg", "profile_image_url_https": "https://pbs.twimg.com/profile_images/744506260930760704/NQVnWAgf_normal.jpg", "profile_banner_url": "https://pbs.twimg.com/profile_banners/72816261/1467444283", "profile_link_color": "669933", "profile_sidebar_border_color": "FFFFFF", "profile_sidebar_fill_color": "F3F3F3", "profile_text_color": "333333", "profile_use_background_image": false, "has_extended_profile": true, "default_profile": false, "default_profile_image": false, "following": false, "follow_request_sent": false, "notifications": false, "translator_type": "none"}, "geo": null, "coordinates": null, "place": null, "contributors": null, "is_quote_status": false, "retweet_count": 4, "favorite_count": 3, "favorited": false, "retweeted": false, "possibly_sensitive": false, "lang": "en"}