{"created_at": "Wed Feb 19 07:12:30 +0000 2020", "id": 1230027361275478016, "id_str": "1230027361275478016", "text": "RT @fabian_theis: Ulla Protzer @HelmholtzMunich explaining #coronavirus biology &amp; epidemiology at townhall meeting today. Risk of CoV conta\u2026", "truncated": false, "entities": {"hashtags": [{"text": "coronavirus", "indices": [59, 71]}], "symbols": [], "user_mentions": [{"screen_name": "fabian_theis", "name": "Fabian Theis", "id": 121690511, "id_str": "121690511", "indices": [3, 16]}, {"screen_name": "HelmholtzMunich", "name": "HelmholtzMunich", "id": 737191909240803328, "id_str": "737191909240803328", "indices": [31, 47]}], "urls": []}, "metadata": {"iso_language_code": "en", "result_type": "recent"}, "source": "<a href=\"http://twitter.com/download/android\" rel=\"nofollow\">Twitter for Android</a>", "in_reply_to_status_id": null, "in_reply_to_status_id_str": null, "in_reply_to_user_id": null, "in_reply_to_user_id_str": null, "in_reply_to_screen_name": null, "user": {"id": 1171416223067844610, "id_str": "1171416223067844610", "name": "polina.lakrisenko", "screen_name": "PLakrisenko", "location": "", "description": "", "url": null, "entities": {"description": {"urls": []}}, "protected": false, "followers_count": 11, "friends_count": 34, "listed_count": 0, "created_at": "Tue Sep 10 13:33:12 +0000 2019", "favourites_count": 25, "utc_offset": null, "time_zone": null, "geo_enabled": false, "verified": false, "statuses_count": 9, "lang": null, "contributors_enabled": false, "is_translator": false, "is_translation_enabled": false, "profile_background_color": "F5F8FA", "profile_background_image_url": null, "profile_background_image_url_https": null, "profile_background_tile": false, "profile_image_url": "http://pbs.twimg.com/profile_images/1231628861395341313/PP4d4Sy2_normal.jpg", "profile_image_url_https": "https://pbs.twimg.com/profile_images/1231628861395341313/PP4d4Sy2_normal.jpg", "profile_link_color": "1DA1F2", "profile_sidebar_border_color": "C0DEED", "profile_sidebar_fill_color": "DDEEF6", "profile_text_color": "333333", "profile_use_background_image": true, "has_extended_profile": false, "default_profile": true, "default_profile_image": false, "following": false, "follow_request_sent": false, "notifications": false, "translator_type": "none"}, "geo": null, "coordinates": null, "place": null, "contributors": null, "retweeted_status": {"created_at": "Mon Feb 17 08:30:59 +0000 2020", "id": 1229322335037071360, "id_str": "1229322335037071360", "text": "Ulla Protzer @HelmholtzMunich explaining #coronavirus biology &amp; epidemiology at townhall meeting today. Risk of CoV\u2026 https://t.co/QG1OP0wgfq", "truncated": true, "entities": {"hashtags": [{"text": "coronavirus", "indices": [41, 53]}], "symbols": [], "user_mentions": [{"screen_name": "HelmholtzMunich", "name": "HelmholtzMunich", "id": 737191909240803328, "id_str": "737191909240803328", "indices": [13, 29]}], "urls": [{"url": "https://t.co/QG1OP0wgfq", "expanded_url": "https://twitter.com/i/web/status/1229322335037071360", "display_url": "twitter.com/i/web/status/1\u2026", "indices": [121, 144]}]}, "metadata": {"iso_language_code": "en", "result_type": "recent"}, "source": "<a href=\"http://twitter.com/download/iphone\" rel=\"nofollow\">Twitter for iPhone</a>", "in_reply_to_status_id": null, "in_reply_to_status_id_str": null, "in_reply_to_user_id": null, "in_reply_to_user_id_str": null, "in_reply_to_screen_name": null, "user": {"id": 121690511, "id_str": "121690511", "name": "Fabian Theis", "screen_name": "fabian_theis", "location": "Munich, Bavaria", "description": "Computational biologist at Helmholtz & prof at TU Munich. Dad of 3 and mountain lover. Group news, see @ICBmunich", "url": "https://t.co/BDfX1F6bOa", "entities": {"url": {"urls": [{"url": "https://t.co/BDfX1F6bOa", "expanded_url": "http://icb.helmholtz-muenchen.de", "display_url": "icb.helmholtz-muenchen.de", "indices": [0, 23]}]}, "description": {"urls": []}}, "protected": false, "followers_count": 4557, "friends_count": 322, "listed_count": 52, "created_at": "Wed Mar 10 08:25:56 +0000 2010", "favourites_count": 3380, "utc_offset": null, "time_zone": null, "geo_enabled": false, "verified": false, "statuses_count": 1214, "lang": null, "contributors_enabled": false, "is_translator": false, "is_translation_enabled": false, "profile_background_color": "000000", "profile_background_image_url": "http://abs.twimg.com/images/themes/theme1/bg.png", "profile_background_image_url_https": "https://abs.twimg.com/images/themes/theme1/bg.png", "profile_background_tile": false, "profile_image_url": "http://pbs.twimg.com/profile_images/920546797545775104/YBZZMQ5e_normal.jpg", "profile_image_url_https": "https://pbs.twimg.com/profile_images/920546797545775104/YBZZMQ5e_normal.jpg", "profile_banner_url": "https://pbs.twimg.com/profile_banners/121690511/1508387553", "profile_link_color": "1B95E0", "profile_sidebar_border_color": "000000", "profile_sidebar_fill_color": "000000", "profile_text_color": "000000", "profile_use_background_image": false, "has_extended_profile": false, "default_profile": false, "default_profile_image": false, "following": false, "follow_request_sent": false, "notifications": false, "translator_type": "none"}, "geo": null, "coordinates": null, "place": null, "contributors": null, "is_quote_status": false, "retweet_count": 4, "favorite_count": 18, "favorited": false, "retweeted": false, "possibly_sensitive": false, "lang": "en"}, "is_quote_status": false, "retweet_count": 4, "favorite_count": 0, "favorited": false, "retweeted": false, "lang": "en"}