{"created_at": "Tue Feb 18 11:53:35 +0000 2020", "id": 1229735710573441024, "id_str": "1229735710573441024", "text": "RT @SZ_Gesundheit: Wie man das #Coronavirus eind\u00e4mmen kann - der Infektionsmediziner Jeremy Farrar im Interview: https://t.co/QPewefxuvZ", "truncated": false, "entities": {"hashtags": [{"text": "Coronavirus", "indices": [31, 43]}], "symbols": [], "user_mentions": [{"screen_name": "SZ_Gesundheit", "name": "SZ Gesundheit", "id": 19767546, "id_str": "19767546", "indices": [3, 17]}], "urls": [{"url": "https://t.co/QPewefxuvZ", "expanded_url": "https://sz.de/1.4801690", "display_url": "sz.de/1.4801690", "indices": [113, 136]}]}, "metadata": {"iso_language_code": "de", "result_type": "recent"}, "source": "<a href=\"http://twitter.com/download/iphone\" rel=\"nofollow\">Twitter for iPhone</a>", "in_reply_to_status_id": null, "in_reply_to_status_id_str": null, "in_reply_to_user_id": null, "in_reply_to_user_id_str": null, "in_reply_to_screen_name": null, "user": {"id": 420224264, "id_str": "420224264", "name": "Joachim Kuhl", "screen_name": "Joakuhl", "location": "Sehr gerne Europ\u00e4er", "description": "Mit Begeisterung L\u00e4ufer und mit genug Zeit auch Bass-Spieler, Geocacher und Ahnenforscher ... ach ja ... und irgendwas mit Psychiatrischer Pflege", "url": null, "entities": {"description": {"urls": []}}, "protected": false, "followers_count": 80, "friends_count": 268, "listed_count": 17, "created_at": "Thu Nov 24 10:28:52 +0000 2011", "favourites_count": 2485, "utc_offset": null, "time_zone": null, "geo_enabled": false, "verified": false, "statuses_count": 13083, "lang": null, "contributors_enabled": false, "is_translator": false, "is_translation_enabled": false, "profile_background_color": "C0DEED", "profile_background_image_url": "http://abs.twimg.com/images/themes/theme1/bg.png", "profile_background_image_url_https": "https://abs.twimg.com/images/themes/theme1/bg.png", "profile_background_tile": false, "profile_image_url": "http://pbs.twimg.com/profile_images/1657416221/Tim_normal.jpg", "profile_image_url_https": "https://pbs.twimg.com/profile_images/1657416221/Tim_normal.jpg", "profile_banner_url": "https://pbs.twimg.com/profile_banners/420224264/1401378727", "profile_link_color": "1DA1F2", "profile_sidebar_border_color": "C0DEED", "profile_sidebar_fill_color": "DDEEF6", "profile_text_color": "333333", "profile_use_background_image": true, "has_extended_profile": false, "default_profile": true, "default_profile_image": false, "following": false, "follow_request_sent": false, "notifications": false, "translator_type": "none"}, "geo": null, "coordinates": null, "place": null, "contributors": null, "retweeted_status": {"created_at": "Tue Feb 18 06:31:33 +0000 2020", "id": 1229654666557915136, "id_str": "1229654666557915136", "text": "Wie man das #Coronavirus eind\u00e4mmen kann - der Infektionsmediziner Jeremy Farrar im Interview: https://t.co/QPewefxuvZ", "truncated": false, "entities": {"hashtags": [{"text": "Coronavirus", "indices": [12, 24]}], "symbols": [], "user_mentions": [], "urls": [{"url": "https://t.co/QPewefxuvZ", "expanded_url": "https://sz.de/1.4801690", "display_url": "sz.de/1.4801690", "indices": [94, 117]}]}, "metadata": {"iso_language_code": "de", "result_type": "recent"}, "source": "<a href=\"http://www.sueddeutsche.de/gesundheit\" rel=\"nofollow\">SZ.de Twitterbot - Gesundheit</a>", "in_reply_to_status_id": null, "in_reply_to_status_id_str": null, "in_reply_to_user_id": null, "in_reply_to_user_id_str": null, "in_reply_to_screen_name": null, "user": {"id": 19767546, "id_str": "19767546", "name": "SZ Gesundheit", "screen_name": "SZ_Gesundheit", "location": "M\u00fcnchen", "description": "Impressum: http://t.co/2ZZkSAIdCg", "url": "http://t.co/LdXUxLH4Hl", "entities": {"url": {"urls": [{"url": "http://t.co/LdXUxLH4Hl", "expanded_url": "http://www.sz.de/gesundheit/", "display_url": "sz.de/gesundheit/", "indices": [0, 22]}]}, "description": {"urls": [{"url": "http://t.co/2ZZkSAIdCg", "expanded_url": "http://sz.de/impressum", "display_url": "sz.de/impressum", "indices": [11, 33]}]}}, "protected": false, "followers_count": 16107, "friends_count": 15, "listed_count": 397, "created_at": "Fri Jan 30 13:44:57 +0000 2009", "favourites_count": 0, "utc_offset": null, "time_zone": null, "geo_enabled": false, "verified": false, "statuses_count": 4422, "lang": null, "contributors_enabled": false, "is_translator": false, "is_translation_enabled": false, "profile_background_color": "F2F2F2", "profile_background_image_url": "http://abs.twimg.com/images/themes/theme1/bg.png", "profile_background_image_url_https": "https://abs.twimg.com/images/themes/theme1/bg.png", "profile_background_tile": false, "profile_image_url": "http://pbs.twimg.com/profile_images/654956783300136960/wiLAmu2T_normal.png", "profile_image_url_https": "https://pbs.twimg.com/profile_images/654956783300136960/wiLAmu2T_normal.png", "profile_link_color": "009999", "profile_sidebar_border_color": "000000", "profile_sidebar_fill_color": "F2F2F2", "profile_text_color": "333333", "profile_use_background_image": false, "has_extended_profile": false, "default_profile": false, "default_profile_image": false, "following": false, "follow_request_sent": false, "notifications": false, "translator_type": "none"}, "geo": null, "coordinates": null, "place": null, "contributors": null, "is_quote_status": false, "retweet_count": 4, "favorite_count": 1, "favorited": false, "retweeted": false, "possibly_sensitive": false, "lang": "de"}, "is_quote_status": false, "retweet_count": 4, "favorite_count": 0, "favorited": false, "retweeted": false, "possibly_sensitive": false, "lang": "de"}