{"created_at": "Fri Feb 21 14:18:52 +0000 2020", "id": 1230859434873753601, "id_str": "1230859434873753601", "text": "Mitte M\u00e4rz findet in #Augsburg die Messe #GrindTec statt. Weil auch Aussteller aus #China dabei sind, w\u00e4chst die Un\u2026 https://t.co/iXhRFW6Vkd", "truncated": true, "entities": {"hashtags": [{"text": "Augsburg", "indices": [21, 30]}, {"text": "GrindTec", "indices": [41, 50]}, {"text": "China", "indices": [83, 89]}], "symbols": [], "user_mentions": [], "urls": [{"url": "https://t.co/iXhRFW6Vkd", "expanded_url": "https://twitter.com/i/web/status/1230859434873753601", "display_url": "twitter.com/i/web/status/1\u2026", "indices": [117, 140]}]}, "metadata": {"iso_language_code": "de", "result_type": "recent"}, "source": "<a href=\"https://mobile.twitter.com\" rel=\"nofollow\">Twitter Web App</a>", "in_reply_to_status_id": null, "in_reply_to_status_id_str": null, "in_reply_to_user_id": null, "in_reply_to_user_id_str": null, "in_reply_to_screen_name": null, "user": {"id": 24150568, "id_str": "24150568", "name": "AugsburgerAllgemeine", "screen_name": "AZ_Augsburg", "location": "Augsburg", "description": "Offizieller Account der Augsburger Allgemeinen Zeitung | Impressum: http://t.co/9g6uCa6wIt", "url": "http://t.co/UOqqOg4AjZ", "entities": {"url": {"urls": [{"url": "http://t.co/UOqqOg4AjZ", "expanded_url": "http://www.augsburger-allgemeine.de", "display_url": "augsburger-allgemeine.de", "indices": [0, 22]}]}, "description": {"urls": [{"url": "http://t.co/9g6uCa6wIt", "expanded_url": "http://www.augsburger-allgemeine.de/impressum", "display_url": "augsburger-allgemeine.de/impressum", "indices": [68, 90]}]}}, "protected": false, "followers_count": 29030, "friends_count": 1113, "listed_count": 404, "created_at": "Fri Mar 13 09:42:52 +0000 2009", "favourites_count": 1738, "utc_offset": null, "time_zone": null, "geo_enabled": true, "verified": true, "statuses_count": 53088, "lang": null, "contributors_enabled": false, "is_translator": false, "is_translation_enabled": false, "profile_background_color": "3183AF", "profile_background_image_url": "http://abs.twimg.com/images/themes/theme1/bg.png", "profile_background_image_url_https": "https://abs.twimg.com/images/themes/theme1/bg.png", "profile_background_tile": false, "profile_image_url": "http://pbs.twimg.com/profile_images/1212632624239464448/Ztf8g9Gm_normal.jpg", "profile_image_url_https": "https://pbs.twimg.com/profile_images/1212632624239464448/Ztf8g9Gm_normal.jpg", "profile_banner_url": "https://pbs.twimg.com/profile_banners/24150568/1452176293", "profile_link_color": "0075A7", "profile_sidebar_border_color": "FFFFFF", "profile_sidebar_fill_color": "CCDBFF", "profile_text_color": "000000", "profile_use_background_image": true, "has_extended_profile": false, "default_profile": false, "default_profile_image": false, "following": false, "follow_request_sent": false, "notifications": false, "translator_type": "none"}, "geo": null, "coordinates": null, "place": null, "contributors": null, "is_quote_status": false, "retweet_count": 1, "favorite_count": 1, "favorited": false, "retweeted": false, "possibly_sensitive": false, "lang": "de"}