{"created_at": "Tue Feb 18 09:29:04 +0000 2020", "id": 1229699340907745282, "id_str": "1229699340907745282", "text": "Ein bunter Strau\u00df an Teams, der auf das @ESLDota2 Major in #LosAngeles fahren wird - sofern der #Coronavirus und di\u2026 https://t.co/QPGdl6cNpq", "truncated": true, "entities": {"hashtags": [{"text": "LosAngeles", "indices": [59, 70]}, {"text": "Coronavirus", "indices": [96, 108]}], "symbols": [], "user_mentions": [{"screen_name": "ESLDota2", "name": "ESL Dota2", "id": 1124889985, "id_str": "1124889985", "indices": [40, 49]}], "urls": [{"url": "https://t.co/QPGdl6cNpq", "expanded_url": "https://twitter.com/i/web/status/1229699340907745282", "display_url": "twitter.com/i/web/status/1\u2026", "indices": [117, 140]}]}, "metadata": {"iso_language_code": "de", "result_type": "recent"}, "source": "<a href=\"https://about.twitter.com/products/tweetdeck\" rel=\"nofollow\">TweetDeck</a>", "in_reply_to_status_id": null, "in_reply_to_status_id_str": null, "in_reply_to_user_id": null, "in_reply_to_user_id_str": null, "in_reply_to_screen_name": null, "user": {"id": 950759996471603200, "id_str": "950759996471603200", "name": "eSPORTS1 (by SPORT1)", "screen_name": "SPORT1eSports", "location": "Ismaning, Deutschland", "description": "Alles aus der Welt des eSports \ud83d\udd79\ufe0f Jetzt mit eigenem Sender: #eSports1 Datenschutz: https://t.co/6rhWXilkxA Impressum: https://t.co/ee9PEl7FGu", "url": "https://t.co/YHAm67h3Zv", "entities": {"url": {"urls": [{"url": "https://t.co/YHAm67h3Zv", "expanded_url": "http://www.sport1.de/esports", "display_url": "sport1.de/esports", "indices": [0, 23]}]}, "description": {"urls": [{"url": "https://t.co/6rhWXilkxA", "expanded_url": "https://on.sport1.de/datenschutz", "display_url": "on.sport1.de/datenschutz", "indices": [83, 106]}, {"url": "https://t.co/ee9PEl7FGu", "expanded_url": "https://on.sport1.de/impressum", "display_url": "on.sport1.de/impressum", "indices": [118, 141]}]}}, "protected": false, "followers_count": 4330, "friends_count": 407, "listed_count": 18, "created_at": "Tue Jan 09 16:03:42 +0000 2018", "favourites_count": 1657, "utc_offset": null, "time_zone": null, "geo_enabled": true, "verified": false, "statuses_count": 6034, "lang": null, "contributors_enabled": false, "is_translator": false, "is_translation_enabled": false, "profile_background_color": "000000", "profile_background_image_url": "http://abs.twimg.com/images/themes/theme1/bg.png", "profile_background_image_url_https": "https://abs.twimg.com/images/themes/theme1/bg.png", "profile_background_tile": false, "profile_image_url": "http://pbs.twimg.com/profile_images/1217389675083640833/FBHQDpQY_normal.png", "profile_image_url_https": "https://pbs.twimg.com/profile_images/1217389675083640833/FBHQDpQY_normal.png", "profile_banner_url": "https://pbs.twimg.com/profile_banners/950759996471603200/1528105289", "profile_link_color": "F9A83C", "profile_sidebar_border_color": "000000", "profile_sidebar_fill_color": "000000", "profile_text_color": "000000", "profile_use_background_image": false, "has_extended_profile": false, "default_profile": false, "default_profile_image": false, "following": false, "follow_request_sent": false, "notifications": false, "translator_type": "none"}, "geo": null, "coordinates": null, "place": null, "contributors": null, "is_quote_status": false, "retweet_count": 0, "favorite_count": 1, "favorited": false, "retweeted": false, "possibly_sensitive": false, "lang": "de"}