{"created_at": "Tue Feb 18 21:59:26 +0000 2020", "id": 1229888176153604101, "id_str": "1229888176153604101", "text": "RT @fabian_theis: Ulla Protzer @HelmholtzMunich explaining #coronavirus biology &amp; epidemiology at townhall meeting today. Risk of CoV conta\u2026", "truncated": false, "entities": {"hashtags": [{"text": "coronavirus", "indices": [59, 71]}], "symbols": [], "user_mentions": [{"screen_name": "fabian_theis", "name": "Fabian Theis", "id": 121690511, "id_str": "121690511", "indices": [3, 16]}, {"screen_name": "HelmholtzMunich", "name": "HelmholtzMunich", "id": 737191909240803328, "id_str": "737191909240803328", "indices": [31, 47]}], "urls": []}, "metadata": {"iso_language_code": "en", "result_type": "recent"}, "source": "<a href=\"http://twitter.com/download/android\" rel=\"nofollow\">Twitter for Android</a>", "in_reply_to_status_id": null, "in_reply_to_status_id_str": null, "in_reply_to_user_id": null, "in_reply_to_user_id_str": null, "in_reply_to_screen_name": null, "user": {"id": 85569220, "id_str": "85569220", "name": "Bobby Malhotra", "screen_name": "Bobby_Network", "location": "Vienna", "description": "I deal with socially relevant questions, my artistic method is accompanied by high political content. All views are mine. #VR #AR , @MencheLab, @CeMM_News,", "url": "http://t.co/0q3yFPIzMR", "entities": {"url": {"urls": [{"url": "http://t.co/0q3yFPIzMR", "expanded_url": "http://bobbyrajeshmalhotra.tumblr.com", "display_url": "bobbyrajeshmalhotra.tumblr.com", "indices": [0, 22]}]}, "description": {"urls": []}}, "protected": false, "followers_count": 164, "friends_count": 546, "listed_count": 21, "created_at": "Tue Oct 27 13:32:46 +0000 2009", "favourites_count": 390, "utc_offset": null, "time_zone": null, "geo_enabled": true, "verified": false, "statuses_count": 481, "lang": null, "contributors_enabled": false, "is_translator": false, "is_translation_enabled": false, "profile_background_color": "131516", "profile_background_image_url": "http://abs.twimg.com/images/themes/theme14/bg.gif", "profile_background_image_url_https": "https://abs.twimg.com/images/themes/theme14/bg.gif", "profile_background_tile": false, "profile_image_url": "http://pbs.twimg.com/profile_images/1133125371568828418/-mPn70GM_normal.png", "profile_image_url_https": "https://pbs.twimg.com/profile_images/1133125371568828418/-mPn70GM_normal.png", "profile_banner_url": "https://pbs.twimg.com/profile_banners/85569220/1571468264", "profile_link_color": "9266CC", "profile_sidebar_border_color": "000000", "profile_sidebar_fill_color": "E5507E", "profile_text_color": "362720", "profile_use_background_image": false, "has_extended_profile": true, "default_profile": false, "default_profile_image": false, "following": false, "follow_request_sent": false, "notifications": false, "translator_type": "none"}, "geo": null, "coordinates": null, "place": null, "contributors": null, "retweeted_status": {"created_at": "Mon Feb 17 08:30:59 +0000 2020", "id": 1229322335037071360, "id_str": "1229322335037071360", "text": "Ulla Protzer @HelmholtzMunich explaining #coronavirus biology &amp; epidemiology at townhall meeting today. Risk of CoV\u2026 https://t.co/QG1OP0wgfq", "truncated": true, "entities": {"hashtags": [{"text": "coronavirus", "indices": [41, 53]}], "symbols": [], "user_mentions": [{"screen_name": "HelmholtzMunich", "name": "HelmholtzMunich", "id": 737191909240803328, "id_str": "737191909240803328", "indices": [13, 29]}], "urls": [{"url": "https://t.co/QG1OP0wgfq", "expanded_url": "https://twitter.com/i/web/status/1229322335037071360", "display_url": "twitter.com/i/web/status/1\u2026", "indices": [121, 144]}]}, "metadata": {"iso_language_code": "en", "result_type": "recent"}, "source": "<a href=\"http://twitter.com/download/iphone\" rel=\"nofollow\">Twitter for iPhone</a>", "in_reply_to_status_id": null, "in_reply_to_status_id_str": null, "in_reply_to_user_id": null, "in_reply_to_user_id_str": null, "in_reply_to_screen_name": null, "user": {"id": 121690511, "id_str": "121690511", "name": "Fabian Theis", "screen_name": "fabian_theis", "location": "Munich, Bavaria", "description": "Computational biologist at Helmholtz & prof at TU Munich. Dad of 3 and mountain lover. Group news, see @ICBmunich", "url": "https://t.co/BDfX1F6bOa", "entities": {"url": {"urls": [{"url": "https://t.co/BDfX1F6bOa", "expanded_url": "http://icb.helmholtz-muenchen.de", "display_url": "icb.helmholtz-muenchen.de", "indices": [0, 23]}]}, "description": {"urls": []}}, "protected": false, "followers_count": 4557, "friends_count": 322, "listed_count": 52, "created_at": "Wed Mar 10 08:25:56 +0000 2010", "favourites_count": 3380, "utc_offset": null, "time_zone": null, "geo_enabled": false, "verified": false, "statuses_count": 1214, "lang": null, "contributors_enabled": false, "is_translator": false, "is_translation_enabled": false, "profile_background_color": "000000", "profile_background_image_url": "http://abs.twimg.com/images/themes/theme1/bg.png", "profile_background_image_url_https": "https://abs.twimg.com/images/themes/theme1/bg.png", "profile_background_tile": false, "profile_image_url": "http://pbs.twimg.com/profile_images/920546797545775104/YBZZMQ5e_normal.jpg", "profile_image_url_https": "https://pbs.twimg.com/profile_images/920546797545775104/YBZZMQ5e_normal.jpg", "profile_banner_url": "https://pbs.twimg.com/profile_banners/121690511/1508387553", "profile_link_color": "1B95E0", "profile_sidebar_border_color": "000000", "profile_sidebar_fill_color": "000000", "profile_text_color": "000000", "profile_use_background_image": false, "has_extended_profile": false, "default_profile": false, "default_profile_image": false, "following": false, "follow_request_sent": false, "notifications": false, "translator_type": "none"}, "geo": null, "coordinates": null, "place": null, "contributors": null, "is_quote_status": false, "retweet_count": 4, "favorite_count": 18, "favorited": false, "retweeted": false, "possibly_sensitive": false, "lang": "en"}, "is_quote_status": false, "retweet_count": 4, "favorite_count": 0, "favorited": false, "retweeted": false, "lang": "en"}