{"created_at": "Tue Feb 18 10:29:06 +0000 2020", "id": 1229714448719454208, "id_str": "1229714448719454208", "text": "#solidarite #Coronavirus #2019nCoV #Covid19 la #Chine demande aux gu\u00e9ris de donner leur #plasma pour soigner les ma\u2026 https://t.co/WNGViOBeUK", "truncated": true, "entities": {"hashtags": [{"text": "solidarite", "indices": [0, 11]}, {"text": "Coronavirus", "indices": [12, 24]}, {"text": "2019nCoV", "indices": [25, 34]}, {"text": "Covid19", "indices": [35, 43]}, {"text": "Chine", "indices": [47, 53]}, {"text": "plasma", "indices": [88, 95]}], "symbols": [], "user_mentions": [], "urls": [{"url": "https://t.co/WNGViOBeUK", "expanded_url": "https://twitter.com/i/web/status/1229714448719454208", "display_url": "twitter.com/i/web/status/1\u2026", "indices": [117, 140]}]}, "metadata": {"iso_language_code": "fr", "result_type": "recent"}, "source": "<a href=\"http://twitter.com\" rel=\"nofollow\">Twitter Web Client</a>", "in_reply_to_status_id": null, "in_reply_to_status_id_str": null, "in_reply_to_user_id": null, "in_reply_to_user_id_str": null, "in_reply_to_screen_name": null, "user": {"id": 205404047, "id_str": "205404047", "name": "Patrice Salzenstein", "screen_name": "salzenst", "location": "Monaco", "description": "#Antiracist #Antiraciste #Peace #Love #Paix Proud of French #Lumi\u00e8res and #RevolutionFrancaise #La\u00efcit\u00e9 #ath\u00e9isme #Science #physics #GlobalWarming #SaveOurOcean", "url": "https://t.co/DpiNYpGFBW", "entities": {"url": {"urls": [{"url": "https://t.co/DpiNYpGFBW", "expanded_url": "http://mvtpaix25.free.fr/", "display_url": "mvtpaix25.free.fr", "indices": [0, 23]}]}, "description": {"urls": []}}, "protected": false, "followers_count": 59, "friends_count": 105, "listed_count": 6, "created_at": "Wed Oct 20 20:09:57 +0000 2010", "favourites_count": 1963, "utc_offset": null, "time_zone": null, "geo_enabled": false, "verified": false, "statuses_count": 1794, "lang": null, "contributors_enabled": false, "is_translator": false, "is_translation_enabled": false, "profile_background_color": "000000", "profile_background_image_url": "http://abs.twimg.com/images/themes/theme1/bg.png", "profile_background_image_url_https": "https://abs.twimg.com/images/themes/theme1/bg.png", "profile_background_tile": false, "profile_image_url": "http://pbs.twimg.com/profile_images/850070270589194240/XaqUO0wk_normal.jpg", "profile_image_url_https": "https://pbs.twimg.com/profile_images/850070270589194240/XaqUO0wk_normal.jpg", "profile_link_color": "1B95E0", "profile_sidebar_border_color": "000000", "profile_sidebar_fill_color": "000000", "profile_text_color": "000000", "profile_use_background_image": false, "has_extended_profile": false, "default_profile": false, "default_profile_image": false, "following": false, "follow_request_sent": false, "notifications": false, "translator_type": "none"}, "geo": null, "coordinates": null, "place": null, "contributors": null, "is_quote_status": false, "retweet_count": 0, "favorite_count": 0, "favorited": false, "retweeted": false, "possibly_sensitive": false, "lang": "fr"}