{"created_at": "Fri Feb 21 08:58:52 +0000 2020", "id": 1230778907101712384, "id_str": "1230778907101712384", "text": "#radiology #coronavirus https://t.co/Hvq9RzBgNh", "truncated": false, "entities": {"hashtags": [{"text": "radiology", "indices": [0, 10]}, {"text": "coronavirus", "indices": [11, 23]}], "symbols": [], "user_mentions": [], "urls": [{"url": "https://t.co/Hvq9RzBgNh", "expanded_url": "https://twitter.com/JACRJournal/status/1230633739639828485", "display_url": "twitter.com/JACRJournal/st\u2026", "indices": [24, 47]}]}, "metadata": {"iso_language_code": "und", "result_type": "recent"}, "source": "<a href=\"https://mobile.twitter.com\" rel=\"nofollow\">Twitter Web App</a>", "in_reply_to_status_id": null, "in_reply_to_status_id_str": null, "in_reply_to_user_id": null, "in_reply_to_user_id_str": null, "in_reply_to_screen_name": null, "user": {"id": 1035588419597099008, "id_str": "1035588419597099008", "name": "Smart Reporting", "screen_name": "smart_reporting", "location": "Munich, Germany", "description": "The future of medical reporting and gateway to AI in imaging. \n\n#structuredreporting templates for #radiology & #pathology. #medicaldata", "url": "https://t.co/f0hgw9G7wq", "entities": {"url": {"urls": [{"url": "https://t.co/f0hgw9G7wq", "expanded_url": "https://www.smart-reporting.com/", "display_url": "smart-reporting.com", "indices": [0, 23]}]}, "description": {"urls": []}}, "protected": false, "followers_count": 239, "friends_count": 490, "listed_count": 3, "created_at": "Fri Aug 31 18:01:34 +0000 2018", "favourites_count": 603, "utc_offset": null, "time_zone": null, "geo_enabled": true, "verified": false, "statuses_count": 388, "lang": null, "contributors_enabled": false, "is_translator": false, "is_translation_enabled": false, "profile_background_color": "F5F8FA", "profile_background_image_url": null, "profile_background_image_url_https": null, "profile_background_tile": false, "profile_image_url": "http://pbs.twimg.com/profile_images/1163885341050363906/li5iFnaB_normal.jpg", "profile_image_url_https": "https://pbs.twimg.com/profile_images/1163885341050363906/li5iFnaB_normal.jpg", "profile_banner_url": "https://pbs.twimg.com/profile_banners/1035588419597099008/1566326879", "profile_link_color": "1DA1F2", "profile_sidebar_border_color": "C0DEED", "profile_sidebar_fill_color": "DDEEF6", "profile_text_color": "333333", "profile_use_background_image": true, "has_extended_profile": false, "default_profile": true, "default_profile_image": false, "following": false, "follow_request_sent": false, "notifications": false, "translator_type": "none"}, "geo": null, "coordinates": null, "place": null, "contributors": null, "is_quote_status": true, "quoted_status_id": 1230633739639828485, "quoted_status_id_str": "1230633739639828485", "quoted_status": {"created_at": "Thu Feb 20 23:22:02 +0000 2020", "id": 1230633739639828485, "id_str": "1230633739639828485", "text": "#Coronavirus outbreak:  What The Department of Radiology Should Know\n\nHere are some precautions and safety measures\u2026 https://t.co/PSN1TXeNMz", "truncated": true, "entities": {"hashtags": [{"text": "Coronavirus", "indices": [0, 12]}], "symbols": [], "user_mentions": [], "urls": [{"url": "https://t.co/PSN1TXeNMz", "expanded_url": "https://twitter.com/i/web/status/1230633739639828485", "display_url": "twitter.com/i/web/status/1\u2026", "indices": [117, 140]}]}, "metadata": {"iso_language_code": "und", "result_type": "recent"}, "source": "<a href=\"https://sproutsocial.com\" rel=\"nofollow\">Sprout Social</a>", "in_reply_to_status_id": null, "in_reply_to_status_id_str": null, "in_reply_to_user_id": null, "in_reply_to_user_id_str": null, "in_reply_to_screen_name": null, "user": {"id": 2445933132, "id_str": "2445933132", "name": "JACR", "screen_name": "JACRJournal", "location": "", "description": "Official twitter feed of the Journal of the American College of Radiology.", "url": "http://t.co/44X9ez9lMD", "entities": {"url": {"urls": [{"url": "http://t.co/44X9ez9lMD", "expanded_url": "http://www.jacr.org", "display_url": "jacr.org", "indices": [0, 22]}]}, "description": {"urls": []}}, "protected": false, "followers_count": 7266, "friends_count": 216, "listed_count": 92, "created_at": "Tue Apr 15 19:39:21 +0000 2014", "favourites_count": 2802, "utc_offset": null, "time_zone": null, "geo_enabled": false, "verified": false, "statuses_count": 4435, "lang": null, "contributors_enabled": false, "is_translator": false, "is_translation_enabled": false, "profile_background_color": "C0DEED", "profile_background_image_url": "http://abs.twimg.com/images/themes/theme1/bg.png", "profile_background_image_url_https": "https://abs.twimg.com/images/themes/theme1/bg.png", "profile_background_tile": false, "profile_image_url": "http://pbs.twimg.com/profile_images/1012342945348014081/tmSOQ66m_normal.jpg", "profile_image_url_https": "https://pbs.twimg.com/profile_images/1012342945348014081/tmSOQ66m_normal.jpg", "profile_link_color": "0068B3", "profile_sidebar_border_color": "C0DEED", "profile_sidebar_fill_color": "DDEEF6", "profile_text_color": "333333", "profile_use_background_image": true, "has_extended_profile": false, "default_profile": false, "default_profile_image": false, "following": false, "follow_request_sent": false, "notifications": false, "translator_type": "none"}, "geo": null, "coordinates": null, "place": null, "contributors": null, "is_quote_status": false, "retweet_count": 32, "favorite_count": 44, "favorited": false, "retweeted": false, "possibly_sensitive": false, "lang": "en"}, "retweet_count": 0, "favorite_count": 0, "favorited": false, "retweeted": false, "possibly_sensitive": false, "lang": "und"}