{"created_at": "Thu Feb 20 13:42:50 +0000 2020", "id": 1230487978377711617, "id_str": "1230487978377711617", "text": "Important topic at the moment: #coronavirus updates &amp; challenges at #ECR2020. https://t.co/g092rE0Pyj", "truncated": false, "entities": {"hashtags": [{"text": "coronavirus", "indices": [31, 43]}, {"text": "ECR2020", "indices": [72, 80]}], "symbols": [], "user_mentions": [], "urls": [{"url": "https://t.co/g092rE0Pyj", "expanded_url": "https://twitter.com/EIBIR_biomed/status/1230486513525411841", "display_url": "twitter.com/EIBIR_biomed/s\u2026", "indices": [82, 105]}]}, "metadata": {"iso_language_code": "en", "result_type": "recent"}, "source": "<a href=\"https://mobile.twitter.com\" rel=\"nofollow\">Twitter Web App</a>", "in_reply_to_status_id": null, "in_reply_to_status_id_str": null, "in_reply_to_user_id": null, "in_reply_to_user_id_str": null, "in_reply_to_screen_name": null, "user": {"id": 1035588419597099008, "id_str": "1035588419597099008", "name": "Smart Reporting", "screen_name": "smart_reporting", "location": "Munich, Germany", "description": "The future of medical reporting and gateway to AI in imaging. \n\n#structuredreporting templates for #radiology & #pathology. #medicaldata", "url": "https://t.co/f0hgw9G7wq", "entities": {"url": {"urls": [{"url": "https://t.co/f0hgw9G7wq", "expanded_url": "https://www.smart-reporting.com/", "display_url": "smart-reporting.com", "indices": [0, 23]}]}, "description": {"urls": []}}, "protected": false, "followers_count": 239, "friends_count": 490, "listed_count": 3, "created_at": "Fri Aug 31 18:01:34 +0000 2018", "favourites_count": 603, "utc_offset": null, "time_zone": null, "geo_enabled": true, "verified": false, "statuses_count": 388, "lang": null, "contributors_enabled": false, "is_translator": false, "is_translation_enabled": false, "profile_background_color": "F5F8FA", "profile_background_image_url": null, "profile_background_image_url_https": null, "profile_background_tile": false, "profile_image_url": "http://pbs.twimg.com/profile_images/1163885341050363906/li5iFnaB_normal.jpg", "profile_image_url_https": "https://pbs.twimg.com/profile_images/1163885341050363906/li5iFnaB_normal.jpg", "profile_banner_url": "https://pbs.twimg.com/profile_banners/1035588419597099008/1566326879", "profile_link_color": "1DA1F2", "profile_sidebar_border_color": "C0DEED", "profile_sidebar_fill_color": "DDEEF6", "profile_text_color": "333333", "profile_use_background_image": true, "has_extended_profile": false, "default_profile": true, "default_profile_image": false, "following": false, "follow_request_sent": false, "notifications": false, "translator_type": "none"}, "geo": null, "coordinates": null, "place": null, "contributors": null, "is_quote_status": true, "quoted_status_id": 1230486513525411841, "quoted_status_id_str": "1230486513525411841", "quoted_status": {"created_at": "Thu Feb 20 13:37:00 +0000 2020", "id": 1230486513525411841, "id_str": "1230486513525411841", "text": "The ESR has set up a late-breaking session at #ECR2020 on novel coronavirus #COVID19 and related public health chal\u2026 https://t.co/qEqlnPXUVd", "truncated": true, "entities": {"hashtags": [{"text": "ECR2020", "indices": [46, 54]}, {"text": "COVID19", "indices": [76, 84]}], "symbols": [], "user_mentions": [], "urls": [{"url": "https://t.co/qEqlnPXUVd", "expanded_url": "https://twitter.com/i/web/status/1230486513525411841", "display_url": "twitter.com/i/web/status/1\u2026", "indices": [117, 140]}]}, "metadata": {"iso_language_code": "en", "result_type": "recent"}, "source": "<a href=\"https://mobile.twitter.com\" rel=\"nofollow\">Twitter Web App</a>", "in_reply_to_status_id": null, "in_reply_to_status_id_str": null, "in_reply_to_user_id": null, "in_reply_to_user_id_str": null, "in_reply_to_screen_name": null, "user": {"id": 3332634669, "id_str": "3332634669", "name": "EIBIR_biomed", "screen_name": "EIBIR_biomed", "location": "Vienna, Austria", "description": "European Institute for #Biomedical Imaging Research (EIBIR) Non-profit supporting #research projects in #imaging.  Retweets are not endorsements", "url": "http://t.co/clvkxz7cA2", "entities": {"url": {"urls": [{"url": "http://t.co/clvkxz7cA2", "expanded_url": "http://www.eibir.org", "display_url": "eibir.org", "indices": [0, 22]}]}, "description": {"urls": []}}, "protected": false, "followers_count": 513, "friends_count": 232, "listed_count": 68, "created_at": "Thu Jun 18 14:02:52 +0000 2015", "favourites_count": 267, "utc_offset": null, "time_zone": null, "geo_enabled": true, "verified": false, "statuses_count": 1757, "lang": null, "contributors_enabled": false, "is_translator": false, "is_translation_enabled": false, "profile_background_color": "000000", "profile_background_image_url": "http://abs.twimg.com/images/themes/theme1/bg.png", "profile_background_image_url_https": "https://abs.twimg.com/images/themes/theme1/bg.png", "profile_background_tile": false, "profile_image_url": "http://pbs.twimg.com/profile_images/713015120306249728/Sar_c2VG_normal.jpg", "profile_image_url_https": "https://pbs.twimg.com/profile_images/713015120306249728/Sar_c2VG_normal.jpg", "profile_banner_url": "https://pbs.twimg.com/profile_banners/3332634669/1550575571", "profile_link_color": "009B3E", "profile_sidebar_border_color": "000000", "profile_sidebar_fill_color": "000000", "profile_text_color": "000000", "profile_use_background_image": false, "has_extended_profile": false, "default_profile": false, "default_profile_image": false, "following": false, "follow_request_sent": false, "notifications": false, "translator_type": "none"}, "geo": null, "coordinates": null, "place": null, "contributors": null, "is_quote_status": true, "quoted_status_id": 1229738186206777347, "quoted_status_id_str": "1229738186206777347", "retweet_count": 1, "favorite_count": 3, "favorited": false, "retweeted": false, "possibly_sensitive": false, "lang": "en"}, "retweet_count": 1, "favorite_count": 0, "favorited": false, "retweeted": false, "possibly_sensitive": false, "lang": "en"}