{"created_at": "Fri Feb 21 12:22:35 +0000 2020", "id": 1230830172749860864, "id_str": "1230830172749860864", "text": "Flieger der @Team_Luftwaffe in #Stuttgart gelandet. An Bord 15 Passagiere aus der chinesischen Provinz #Hubei bzw.\u2026 https://t.co/s2guEkTVKV", "truncated": true, "entities": {"hashtags": [{"text": "Stuttgart", "indices": [31, 41]}, {"text": "Hubei", "indices": [103, 109]}], "symbols": [], "user_mentions": [{"screen_name": "Team_Luftwaffe", "name": "Team_Luftwaffe", "id": 1083628690393698305, "id_str": "1083628690393698305", "indices": [12, 27]}], "urls": [{"url": "https://t.co/s2guEkTVKV", "expanded_url": "https://twitter.com/i/web/status/1230830172749860864", "display_url": "twitter.com/i/web/status/1\u2026", "indices": [116, 139]}]}, "metadata": {"iso_language_code": "de", "result_type": "recent"}, "source": "<a href=\"https://mobile.twitter.com\" rel=\"nofollow\">Twitter Web App</a>", "in_reply_to_status_id": null, "in_reply_to_status_id_str": null, "in_reply_to_user_id": null, "in_reply_to_user_id_str": null, "in_reply_to_screen_name": null, "user": {"id": 2728393181, "id_str": "2728393181", "name": "Tim Diekmann", "screen_name": "diekmann_t", "location": "Stuttgart, Deutschland", "description": "Reporter bei ARD/SWR in Stuttgart. @tagesschau @tagesthemen @mittagsmagazin Zuvor: @SWRaktuellBW. Hier privat.", "url": null, "entities": {"description": {"urls": []}}, "protected": false, "followers_count": 75, "friends_count": 184, "listed_count": 2, "created_at": "Tue Jul 29 18:43:39 +0000 2014", "favourites_count": 247, "utc_offset": null, "time_zone": null, "geo_enabled": true, "verified": false, "statuses_count": 396, "lang": null, "contributors_enabled": false, "is_translator": false, "is_translation_enabled": false, "profile_background_color": "000000", "profile_background_image_url": "http://abs.twimg.com/images/themes/theme1/bg.png", "profile_background_image_url_https": "https://abs.twimg.com/images/themes/theme1/bg.png", "profile_background_tile": false, "profile_image_url": "http://pbs.twimg.com/profile_images/1181858103865806848/rUmjM_SP_normal.jpg", "profile_image_url_https": "https://pbs.twimg.com/profile_images/1181858103865806848/rUmjM_SP_normal.jpg", "profile_link_color": "1B95E0", "profile_sidebar_border_color": "000000", "profile_sidebar_fill_color": "000000", "profile_text_color": "000000", "profile_use_background_image": false, "has_extended_profile": false, "default_profile": false, "default_profile_image": false, "following": false, "follow_request_sent": false, "notifications": false, "translator_type": "none"}, "geo": null, "coordinates": null, "place": null, "contributors": null, "is_quote_status": false, "retweet_count": 0, "favorite_count": 0, "favorited": false, "retweeted": false, "lang": "de"}