{"created_at": "Thu Feb 20 14:06:20 +0000 2020", "id": 1230493894196027392, "id_str": "1230493894196027392", "text": "RT @SZ_TopNews: China hat erneut die Diagnosekriterien f\u00fcr #Covid19 ge\u00e4ndert. #Coronavirus https://t.co/oPoqn2Jafe", "truncated": false, "entities": {"hashtags": [{"text": "Covid19", "indices": [59, 67]}, {"text": "Coronavirus", "indices": [78, 90]}], "symbols": [], "user_mentions": [{"screen_name": "SZ_TopNews", "name": "SZ Top-News", "id": 17803524, "id_str": "17803524", "indices": [3, 14]}], "urls": [{"url": "https://t.co/oPoqn2Jafe", "expanded_url": "https://sz.de/1.4788734", "display_url": "sz.de/1.4788734", "indices": [91, 114]}]}, "metadata": {"iso_language_code": "de", "result_type": "recent"}, "source": "<a href=\"http://twitter.com/download/android\" rel=\"nofollow\">Twitter for Android</a>", "in_reply_to_status_id": null, "in_reply_to_status_id_str": null, "in_reply_to_user_id": null, "in_reply_to_user_id_str": null, "in_reply_to_screen_name": null, "user": {"id": 1200055234917289985, "id_str": "1200055234917289985", "name": "XTC99", "screen_name": "Puzzelstein", "location": "Aachen, Deutschland", "description": "stefan_terao@t-online.de", "url": null, "entities": {"description": {"urls": []}}, "protected": false, "followers_count": 2, "friends_count": 94, "listed_count": 0, "created_at": "Thu Nov 28 14:14:14 +0000 2019", "favourites_count": 5278, "utc_offset": null, "time_zone": null, "geo_enabled": false, "verified": false, "statuses_count": 5373, "lang": null, "contributors_enabled": false, "is_translator": false, "is_translation_enabled": false, "profile_background_color": "F5F8FA", "profile_background_image_url": null, "profile_background_image_url_https": null, "profile_background_tile": false, "profile_image_url": "http://pbs.twimg.com/profile_images/1200055412923469824/jdCx9ZjD_normal.jpg", "profile_image_url_https": "https://pbs.twimg.com/profile_images/1200055412923469824/jdCx9ZjD_normal.jpg", "profile_banner_url": "https://pbs.twimg.com/profile_banners/1200055234917289985/1574954493", "profile_link_color": "1DA1F2", "profile_sidebar_border_color": "C0DEED", "profile_sidebar_fill_color": "DDEEF6", "profile_text_color": "333333", "profile_use_background_image": true, "has_extended_profile": false, "default_profile": true, "default_profile_image": false, "following": false, "follow_request_sent": false, "notifications": false, "translator_type": "none"}, "geo": null, "coordinates": null, "place": null, "contributors": null, "retweeted_status": {"created_at": "Thu Feb 20 13:32:51 +0000 2020", "id": 1230485469286293506, "id_str": "1230485469286293506", "text": "China hat erneut die Diagnosekriterien f\u00fcr #Covid19 ge\u00e4ndert. #Coronavirus https://t.co/oPoqn2Jafe", "truncated": false, "entities": {"hashtags": [{"text": "Covid19", "indices": [43, 51]}, {"text": "Coronavirus", "indices": [62, 74]}], "symbols": [], "user_mentions": [], "urls": [{"url": "https://t.co/oPoqn2Jafe", "expanded_url": "https://sz.de/1.4788734", "display_url": "sz.de/1.4788734", "indices": [75, 98]}]}, "metadata": {"iso_language_code": "de", "result_type": "recent"}, "source": "<a href=\"http://www.sueddeutsche.de/\" rel=\"nofollow\">SZ.de Twitterbot - Topthemen</a>", "in_reply_to_status_id": null, "in_reply_to_status_id_str": null, "in_reply_to_user_id": null, "in_reply_to_user_id_str": null, "in_reply_to_screen_name": null, "user": {"id": 17803524, "id_str": "17803524", "name": "SZ Top-News", "screen_name": "SZ_TopNews", "location": "M\u00fcnchen", "description": "Alle Top-Themen von S\u00fcddeutsche.de\r\n\r\nImpressum: http://t.co/Jh8GYzR1nn", "url": "http://t.co/BJF8degO13", "entities": {"url": {"urls": [{"url": "http://t.co/BJF8degO13", "expanded_url": "http://sz.de/", "display_url": "sz.de", "indices": [0, 22]}]}, "description": {"urls": [{"url": "http://t.co/Jh8GYzR1nn", "expanded_url": "http://sz.de/impressum", "display_url": "sz.de/impressum", "indices": [49, 71]}]}}, "protected": false, "followers_count": 221655, "friends_count": 82, "listed_count": 3384, "created_at": "Tue Dec 02 08:48:47 +0000 2008", "favourites_count": 9, "utc_offset": null, "time_zone": null, "geo_enabled": false, "verified": true, "statuses_count": 175948, "lang": null, "contributors_enabled": false, "is_translator": false, "is_translation_enabled": false, "profile_background_color": "FFFFFF", "profile_background_image_url": "http://abs.twimg.com/images/themes/theme1/bg.png", "profile_background_image_url_https": "https://abs.twimg.com/images/themes/theme1/bg.png", "profile_background_tile": false, "profile_image_url": "http://pbs.twimg.com/profile_images/655020120121712640/WcX4aKls_normal.png", "profile_image_url_https": "https://pbs.twimg.com/profile_images/655020120121712640/WcX4aKls_normal.png", "profile_banner_url": "https://pbs.twimg.com/profile_banners/17803524/1402902733", "profile_link_color": "333333", "profile_sidebar_border_color": "FFFFFF", "profile_sidebar_fill_color": "F1F3F4", "profile_text_color": "576266", "profile_use_background_image": false, "has_extended_profile": false, "default_profile": false, "default_profile_image": false, "following": false, "follow_request_sent": false, "notifications": false, "translator_type": "none"}, "geo": null, "coordinates": null, "place": null, "contributors": null, "is_quote_status": false, "retweet_count": 1, "favorite_count": 1, "favorited": false, "retweeted": false, "possibly_sensitive": false, "lang": "de"}, "is_quote_status": false, "retweet_count": 1, "favorite_count": 0, "favorited": false, "retweeted": false, "possibly_sensitive": false, "lang": "de"}