{"created_at": "Tue Feb 18 11:50:17 +0000 2020", "id": 1229734881221107712, "id_str": "1229734881221107712", "text": "https://t.co/EZt6PrBmU2\nBetween mid-November and early December, the #coronavirus #Sars-CoV-2 must have made the le\u2026 https://t.co/3bFAnqWUfs", "truncated": true, "entities": {"hashtags": [{"text": "coronavirus", "indices": [69, 81]}, {"text": "Sars", "indices": [82, 87]}], "symbols": [], "user_mentions": [], "urls": [{"url": "https://t.co/EZt6PrBmU2", "expanded_url": "https://www.spiegel.de/wissenschaft/medizin/coronavirus-sars-cov-2-wissenschaftler-suchen-im-virenerbgut-nach-ursprung-von-covid-19-a-b4f5a5c8-9c3a-416f-b27f-8ffcb5ad64ae", "display_url": "spiegel.de/wissenschaft/m\u2026", "indices": [0, 23]}, {"url": "https://t.co/3bFAnqWUfs", "expanded_url": "https://twitter.com/i/web/status/1229734881221107712", "display_url": "twitter.com/i/web/status/1\u2026", "indices": [117, 140]}]}, "metadata": {"iso_language_code": "en", "result_type": "recent"}, "source": "<a href=\"https://mobile.twitter.com\" rel=\"nofollow\">Twitter Web App</a>", "in_reply_to_status_id": null, "in_reply_to_status_id_str": null, "in_reply_to_user_id": null, "in_reply_to_user_id_str": null, "in_reply_to_screen_name": null, "user": {"id": 1036989830, "id_str": "1036989830", "name": "Siegfried Treitner", "screen_name": "TreitnerS", "location": "M\u00fcnchen, Bayern", "description": "Humanist, Geographer, Office,   Manager in Hard-, Software, Electro, Logistic, of Anderwerk gGmbH85622 Feldkirchen Hobby in Cooking, Biking, Aquaristic, Tropic,", "url": null, "entities": {"description": {"urls": []}}, "protected": false, "followers_count": 1923, "friends_count": 4887, "listed_count": 6, "created_at": "Wed Dec 26 12:09:14 +0000 2012", "favourites_count": 137, "utc_offset": null, "time_zone": null, "geo_enabled": false, "verified": false, "statuses_count": 14666, "lang": null, "contributors_enabled": false, "is_translator": false, "is_translation_enabled": false, "profile_background_color": "000000", "profile_background_image_url": "http://abs.twimg.com/images/themes/theme1/bg.png", "profile_background_image_url_https": "https://abs.twimg.com/images/themes/theme1/bg.png", "profile_background_tile": false, "profile_image_url": "http://pbs.twimg.com/profile_images/3024903235/d1e166a7ddf74367a954dea811c9b96e_normal.jpeg", "profile_image_url_https": "https://pbs.twimg.com/profile_images/3024903235/d1e166a7ddf74367a954dea811c9b96e_normal.jpeg", "profile_link_color": "1B95E0", "profile_sidebar_border_color": "000000", "profile_sidebar_fill_color": "000000", "profile_text_color": "000000", "profile_use_background_image": false, "has_extended_profile": true, "default_profile": false, "default_profile_image": false, "following": false, "follow_request_sent": false, "notifications": false, "translator_type": "none"}, "geo": null, "coordinates": null, "place": null, "contributors": null, "is_quote_status": false, "retweet_count": 0, "favorite_count": 0, "favorited": false, "retweeted": false, "possibly_sensitive": false, "lang": "en"}