{"created_at": "Fri Feb 21 08:50:34 +0000 2020", "id": 1230776816006098944, "id_str": "1230776816006098944", "text": "RT @MunSecConf: \"We are encouraged that the steps #China has taken to contain the outbreak at its source appear to have bought the world ti\u2026", "truncated": false, "entities": {"hashtags": [{"text": "China", "indices": [50, 56]}], "symbols": [], "user_mentions": [{"screen_name": "MunSecConf", "name": "Munich Security Conference", "id": 430595346, "id_str": "430595346", "indices": [3, 14]}], "urls": []}, "metadata": {"iso_language_code": "en", "result_type": "recent"}, "source": "<a href=\"http://twitter.com/download/android\" rel=\"nofollow\">Twitter for Android</a>", "in_reply_to_status_id": null, "in_reply_to_status_id_str": null, "in_reply_to_user_id": null, "in_reply_to_user_id_str": null, "in_reply_to_screen_name": null, "user": {"id": 1085046995163799552, "id_str": "1085046995163799552", "name": "tony", "screen_name": "tony___zhou", "location": "", "description": "", "url": null, "entities": {"description": {"urls": []}}, "protected": false, "followers_count": 1, "friends_count": 31, "listed_count": 0, "created_at": "Tue Jan 15 05:32:17 +0000 2019", "favourites_count": 2, "utc_offset": null, "time_zone": null, "geo_enabled": false, "verified": false, "statuses_count": 2, "lang": null, "contributors_enabled": false, "is_translator": false, "is_translation_enabled": false, "profile_background_color": "F5F8FA", "profile_background_image_url": null, "profile_background_image_url_https": null, "profile_background_tile": false, "profile_image_url": "http://abs.twimg.com/sticky/default_profile_images/default_profile_normal.png", "profile_image_url_https": "https://abs.twimg.com/sticky/default_profile_images/default_profile_normal.png", "profile_link_color": "1DA1F2", "profile_sidebar_border_color": "C0DEED", "profile_sidebar_fill_color": "DDEEF6", "profile_text_color": "333333", "profile_use_background_image": true, "has_extended_profile": false, "default_profile": true, "default_profile_image": true, "following": false, "follow_request_sent": false, "notifications": false, "translator_type": "none"}, "geo": null, "coordinates": null, "place": null, "contributors": null, "retweeted_status": {"created_at": "Sat Feb 15 14:46:18 +0000 2020", "id": 1228692012343361537, "id_str": "1228692012343361537", "text": "\"We are encouraged that the steps #China has taken to contain the outbreak at its source appear to have bought the\u2026 https://t.co/Swm52Drw6y", "truncated": true, "entities": {"hashtags": [{"text": "China", "indices": [34, 40]}], "symbols": [], "user_mentions": [], "urls": [{"url": "https://t.co/Swm52Drw6y", "expanded_url": "https://twitter.com/i/web/status/1228692012343361537", "display_url": "twitter.com/i/web/status/1\u2026", "indices": [116, 139]}]}, "metadata": {"iso_language_code": "en", "result_type": "recent"}, "source": "<a href=\"https://mobile.twitter.com\" rel=\"nofollow\">Twitter Web App</a>", "in_reply_to_status_id": null, "in_reply_to_status_id_str": null, "in_reply_to_user_id": null, "in_reply_to_user_id_str": null, "in_reply_to_screen_name": null, "user": {"id": 430595346, "id_str": "430595346", "name": "Munich Security Conference", "screen_name": "MunSecConf", "location": "Munich, Germany", "description": "The Munich Security Conference is the world's leading forum for debate on international security policy. #MSC2020", "url": "https://t.co/x9ouygxb3i", "entities": {"url": {"urls": [{"url": "https://t.co/x9ouygxb3i", "expanded_url": "https://securityconference.org/en", "display_url": "securityconference.org/en", "indices": [0, 23]}]}, "description": {"urls": []}}, "protected": false, "followers_count": 50009, "friends_count": 693, "listed_count": 724, "created_at": "Wed Dec 07 10:43:10 +0000 2011", "favourites_count": 2028, "utc_offset": null, "time_zone": null, "geo_enabled": true, "verified": true, "statuses_count": 7699, "lang": null, "contributors_enabled": false, "is_translator": false, "is_translation_enabled": false, "profile_background_color": "C0DEED", "profile_background_image_url": "http://abs.twimg.com/images/themes/theme1/bg.png", "profile_background_image_url_https": "https://abs.twimg.com/images/themes/theme1/bg.png", "profile_background_tile": true, "profile_image_url": "http://pbs.twimg.com/profile_images/1223303248007790599/H3tNUbbI_normal.jpg", "profile_image_url_https": "https://pbs.twimg.com/profile_images/1223303248007790599/H3tNUbbI_normal.jpg", "profile_banner_url": "https://pbs.twimg.com/profile_banners/430595346/1581768563", "profile_link_color": "0084B4", "profile_sidebar_border_color": "FFFFFF", "profile_sidebar_fill_color": "DDEEF6", "profile_text_color": "333333", "profile_use_background_image": false, "has_extended_profile": false, "default_profile": false, "default_profile_image": false, "following": false, "follow_request_sent": false, "notifications": false, "translator_type": "none"}, "geo": null, "coordinates": null, "place": null, "contributors": null, "is_quote_status": false, "retweet_count": 175, "favorite_count": 345, "favorited": false, "retweeted": false, "possibly_sensitive": false, "lang": "en"}, "is_quote_status": false, "retweet_count": 175, "favorite_count": 0, "favorited": false, "retweeted": false, "lang": "en"}