{"created_at": "Thu Feb 20 17:18:21 +0000 2020", "id": 1230542216030040064, "id_str": "1230542216030040064", "text": "RT @boerseonline: MTU Aero-Aktie: Macht das #Coronavirus der 2020er Prognose den Garaus? Unsere Einsch\u00e4tzung: https://t.co/0ndERdAu3e https\u2026", "truncated": false, "entities": {"hashtags": [{"text": "Coronavirus", "indices": [44, 56]}], "symbols": [], "user_mentions": [{"screen_name": "boerseonline", "name": "boerseonline", "id": 14674814, "id_str": "14674814", "indices": [3, 16]}], "urls": [{"url": "https://t.co/0ndERdAu3e", "expanded_url": "https://www.boerse-online.de/r/n/1028922254", "display_url": "boerse-online.de/r/n/1028922254", "indices": [110, 133]}]}, "metadata": {"iso_language_code": "de", "result_type": "recent"}, "source": "<a href=\"http://twitter.com/download/android\" rel=\"nofollow\">Twitter for Android</a>", "in_reply_to_status_id": null, "in_reply_to_status_id_str": null, "in_reply_to_user_id": null, "in_reply_to_user_id_str": null, "in_reply_to_screen_name": null, "user": {"id": 966349808389771268, "id_str": "966349808389771268", "name": "Pecunia non olet", "screen_name": "SteuernsindRaub", "location": "", "description": "Natural born liberterian", "url": null, "entities": {"description": {"urls": []}}, "protected": false, "followers_count": 304, "friends_count": 1084, "listed_count": 2, "created_at": "Wed Feb 21 16:32:03 +0000 2018", "favourites_count": 104190, "utc_offset": null, "time_zone": null, "geo_enabled": false, "verified": false, "statuses_count": 58664, "lang": null, "contributors_enabled": false, "is_translator": false, "is_translation_enabled": false, "profile_background_color": "F5F8FA", "profile_background_image_url": null, "profile_background_image_url_https": null, "profile_background_tile": false, "profile_image_url": "http://pbs.twimg.com/profile_images/1013768775601147905/onNP7nug_normal.jpg", "profile_image_url_https": "https://pbs.twimg.com/profile_images/1013768775601147905/onNP7nug_normal.jpg", "profile_banner_url": "https://pbs.twimg.com/profile_banners/966349808389771268/1548749357", "profile_link_color": "1DA1F2", "profile_sidebar_border_color": "C0DEED", "profile_sidebar_fill_color": "DDEEF6", "profile_text_color": "333333", "profile_use_background_image": true, "has_extended_profile": false, "default_profile": true, "default_profile_image": false, "following": false, "follow_request_sent": false, "notifications": false, "translator_type": "none"}, "geo": null, "coordinates": null, "place": null, "contributors": null, "retweeted_status": {"created_at": "Thu Feb 20 11:30:19 +0000 2020", "id": 1230454630376755200, "id_str": "1230454630376755200", "text": "MTU Aero-Aktie: Macht das #Coronavirus der 2020er Prognose den Garaus? Unsere Einsch\u00e4tzung: https://t.co/0ndERdAu3e https://t.co/raFojZjqbe", "truncated": false, "entities": {"hashtags": [{"text": "Coronavirus", "indices": [26, 38]}], "symbols": [], "user_mentions": [], "urls": [{"url": "https://t.co/0ndERdAu3e", "expanded_url": "https://www.boerse-online.de/r/n/1028922254", "display_url": "boerse-online.de/r/n/1028922254", "indices": [92, 115]}], "media": [{"id": 1230454629164515335, "id_str": "1230454629164515335", "indices": [116, 139], "media_url": "http://pbs.twimg.com/media/ERNz90uWAAcA0WF.jpg", "media_url_https": "https://pbs.twimg.com/media/ERNz90uWAAcA0WF.jpg", "url": "https://t.co/raFojZjqbe", "display_url": "pic.twitter.com/raFojZjqbe", "expanded_url": "https://twitter.com/boerseonline/status/1230454630376755200/photo/1", "type": "photo", "sizes": {"thumb": {"w": 150, "h": 150, "resize": "crop"}, "large": {"w": 660, "h": 303, "resize": "fit"}, "medium": {"w": 660, "h": 303, "resize": "fit"}, "small": {"w": 660, "h": 303, "resize": "fit"}}}]}, "extended_entities": {"media": [{"id": 1230454629164515335, "id_str": "1230454629164515335", "indices": [116, 139], "media_url": "http://pbs.twimg.com/media/ERNz90uWAAcA0WF.jpg", "media_url_https": "https://pbs.twimg.com/media/ERNz90uWAAcA0WF.jpg", "url": "https://t.co/raFojZjqbe", "display_url": "pic.twitter.com/raFojZjqbe", "expanded_url": "https://twitter.com/boerseonline/status/1230454630376755200/photo/1", "type": "photo", "sizes": {"thumb": {"w": 150, "h": 150, "resize": "crop"}, "large": {"w": 660, "h": 303, "resize": "fit"}, "medium": {"w": 660, "h": 303, "resize": "fit"}, "small": {"w": 660, "h": 303, "resize": "fit"}}}]}, "metadata": {"iso_language_code": "de", "result_type": "recent"}, "source": "<a href=\"https://www.hootsuite.com\" rel=\"nofollow\">Hootsuite Inc.</a>", "in_reply_to_status_id": null, "in_reply_to_status_id_str": null, "in_reply_to_user_id": null, "in_reply_to_user_id_str": null, "in_reply_to_screen_name": null, "user": {"id": 14674814, "id_str": "14674814", "name": "boerseonline", "screen_name": "boerseonline", "location": "M\u00fcnchen", "description": "B\u00d6RSE ONLINE informiert unabh\u00e4ngig, aktuell, analytisch und kompetent \u00fcber Geldanlage.", "url": "http://t.co/z1QupjSRNS", "entities": {"url": {"urls": [{"url": "http://t.co/z1QupjSRNS", "expanded_url": "http://www.boerse-online.de", "display_url": "boerse-online.de", "indices": [0, 22]}]}, "description": {"urls": []}}, "protected": false, "followers_count": 13737, "friends_count": 35, "listed_count": 329, "created_at": "Tue May 06 15:47:03 +0000 2008", "favourites_count": 33, "utc_offset": null, "time_zone": null, "geo_enabled": true, "verified": false, "statuses_count": 14313, "lang": null, "contributors_enabled": false, "is_translator": false, "is_translation_enabled": false, "profile_background_color": "0099B9", "profile_background_image_url": "http://abs.twimg.com/images/themes/theme1/bg.png", "profile_background_image_url_https": "https://abs.twimg.com/images/themes/theme1/bg.png", "profile_background_tile": false, "profile_image_url": "http://pbs.twimg.com/profile_images/522305770503696384/J6guKsKV_normal.jpeg", "profile_image_url_https": "https://pbs.twimg.com/profile_images/522305770503696384/J6guKsKV_normal.jpeg", "profile_banner_url": "https://pbs.twimg.com/profile_banners/14674814/1582702073", "profile_link_color": "B83939", "profile_sidebar_border_color": "000000", "profile_sidebar_fill_color": "FFFFFF", "profile_text_color": "3C3940", "profile_use_background_image": false, "has_extended_profile": false, "default_profile": false, "default_profile_image": false, "following": false, "follow_request_sent": false, "notifications": false, "translator_type": "none"}, "geo": null, "coordinates": null, "place": null, "contributors": null, "is_quote_status": false, "retweet_count": 1, "favorite_count": 2, "favorited": false, "retweeted": false, "possibly_sensitive": false, "lang": "de"}, "is_quote_status": false, "retweet_count": 1, "favorite_count": 0, "favorited": false, "retweeted": false, "possibly_sensitive": false, "lang": "de"}