{"created_at": "Fri Feb 21 12:01:50 +0000 2020", "id": 1230824949872517120, "id_str": "1230824949872517120", "text": "RT @diekmann_t: Landung von China-R\u00fcckkehrern in #Stuttgart vrsl. gegen 13:20 Uhr. Dann sollen die 15 Personen in einem Hotel in #Kirchheim\u2026", "truncated": false, "entities": {"hashtags": [{"text": "Stuttgart", "indices": [49, 59]}, {"text": "Kirchheim", "indices": [129, 139]}], "symbols": [], "user_mentions": [{"screen_name": "diekmann_t", "name": "Tim Diekmann", "id": 2728393181, "id_str": "2728393181", "indices": [3, 14]}], "urls": []}, "metadata": {"iso_language_code": "de", "result_type": "recent"}, "source": "<a href=\"https://mobile.twitter.com\" rel=\"nofollow\">Twitter Web App</a>", "in_reply_to_status_id": null, "in_reply_to_status_id_str": null, "in_reply_to_user_id": null, "in_reply_to_user_id_str": null, "in_reply_to_screen_name": null, "user": {"id": 902085877, "id_str": "902085877", "name": "PS", "screen_name": "Gelbkopfamazone", "location": "Neckar-S\u00fcdhang", "description": "H\u00e4nde weg vom Rosensteinpark!  Keine Grundwassermanipulation wegen #S21 in der Heilquellenschutzzone!", "url": "http://t.co/zTTb5x8LNw", "entities": {"url": {"urls": [{"url": "http://t.co/zTTb5x8LNw", "expanded_url": "http://www.alle-gegen-s21.de", "display_url": "alle-gegen-s21.de", "indices": [0, 22]}]}, "description": {"urls": []}}, "protected": false, "followers_count": 1278, "friends_count": 1243, "listed_count": 63, "created_at": "Wed Oct 24 15:46:24 +0000 2012", "favourites_count": 50994, "utc_offset": null, "time_zone": null, "geo_enabled": false, "verified": false, "statuses_count": 59727, "lang": null, "contributors_enabled": false, "is_translator": false, "is_translation_enabled": false, "profile_background_color": "1A1B1F", "profile_background_image_url": "http://abs.twimg.com/images/themes/theme9/bg.gif", "profile_background_image_url_https": "https://abs.twimg.com/images/themes/theme9/bg.gif", "profile_background_tile": false, "profile_image_url": "http://pbs.twimg.com/profile_images/2759386383/92b28d7a66aa51237a3f8aac301dd1c8_normal.jpeg", "profile_image_url_https": "https://pbs.twimg.com/profile_images/2759386383/92b28d7a66aa51237a3f8aac301dd1c8_normal.jpeg", "profile_banner_url": "https://pbs.twimg.com/profile_banners/902085877/1446151789", "profile_link_color": "71A2B0", "profile_sidebar_border_color": "FFFFFF", "profile_sidebar_fill_color": "252429", "profile_text_color": "666666", "profile_use_background_image": true, "has_extended_profile": false, "default_profile": false, "default_profile_image": false, "following": false, "follow_request_sent": false, "notifications": false, "translator_type": "none"}, "geo": null, "coordinates": null, "place": null, "contributors": null, "retweeted_status": {"created_at": "Fri Feb 21 11:54:30 +0000 2020", "id": 1230823105104314368, "id_str": "1230823105104314368", "text": "Landung von China-R\u00fcckkehrern in #Stuttgart vrsl. gegen 13:20 Uhr. Dann sollen die 15 Personen in einem Hotel in\u2026 https://t.co/pZMG6fh3aI", "truncated": true, "entities": {"hashtags": [{"text": "Stuttgart", "indices": [33, 43]}], "symbols": [], "user_mentions": [], "urls": [{"url": "https://t.co/pZMG6fh3aI", "expanded_url": "https://twitter.com/i/web/status/1230823105104314368", "display_url": "twitter.com/i/web/status/1\u2026", "indices": [114, 137]}]}, "metadata": {"iso_language_code": "de", "result_type": "recent"}, "source": "<a href=\"https://mobile.twitter.com\" rel=\"nofollow\">Twitter Web App</a>", "in_reply_to_status_id": null, "in_reply_to_status_id_str": null, "in_reply_to_user_id": null, "in_reply_to_user_id_str": null, "in_reply_to_screen_name": null, "user": {"id": 2728393181, "id_str": "2728393181", "name": "Tim Diekmann", "screen_name": "diekmann_t", "location": "Stuttgart, Deutschland", "description": "Reporter bei ARD/SWR in Stuttgart. @tagesschau @tagesthemen @mittagsmagazin Zuvor: @SWRaktuellBW. Hier privat.", "url": null, "entities": {"description": {"urls": []}}, "protected": false, "followers_count": 75, "friends_count": 184, "listed_count": 2, "created_at": "Tue Jul 29 18:43:39 +0000 2014", "favourites_count": 247, "utc_offset": null, "time_zone": null, "geo_enabled": true, "verified": false, "statuses_count": 396, "lang": null, "contributors_enabled": false, "is_translator": false, "is_translation_enabled": false, "profile_background_color": "000000", "profile_background_image_url": "http://abs.twimg.com/images/themes/theme1/bg.png", "profile_background_image_url_https": "https://abs.twimg.com/images/themes/theme1/bg.png", "profile_background_tile": false, "profile_image_url": "http://pbs.twimg.com/profile_images/1181858103865806848/rUmjM_SP_normal.jpg", "profile_image_url_https": "https://pbs.twimg.com/profile_images/1181858103865806848/rUmjM_SP_normal.jpg", "profile_link_color": "1B95E0", "profile_sidebar_border_color": "000000", "profile_sidebar_fill_color": "000000", "profile_text_color": "000000", "profile_use_background_image": false, "has_extended_profile": false, "default_profile": false, "default_profile_image": false, "following": false, "follow_request_sent": false, "notifications": false, "translator_type": "none"}, "geo": null, "coordinates": null, "place": null, "contributors": null, "is_quote_status": false, "retweet_count": 6, "favorite_count": 3, "favorited": false, "retweeted": false, "lang": "de"}, "is_quote_status": false, "retweet_count": 6, "favorite_count": 0, "favorited": false, "retweeted": false, "lang": "de"}