{"created_at": "Tue Feb 18 13:29:48 +0000 2020", "id": 1229759924743352321, "id_str": "1229759924743352321", "text": "Weitere #Coronavirus-Patienten aus Klinik in #M\u00fcnchen entlassen. https://t.co/wl0oJi82Mo https://t.co/QF8Jgjk9Ot", "truncated": false, "entities": {"hashtags": [{"text": "Coronavirus", "indices": [8, 20]}, {"text": "M\u00fcnchen", "indices": [45, 53]}], "symbols": [], "user_mentions": [], "urls": [{"url": "https://t.co/wl0oJi82Mo", "expanded_url": "https://www.tag24.de/nachrichten/coronavirus-vier-betroffene-noch-immer-in-quarantaene-1391732", "display_url": "tag24.de/nachrichten/co\u2026", "indices": [65, 88]}], "media": [{"id": 1229759922654588930, "id_str": "1229759922654588930", "indices": [89, 112], "media_url": "http://pbs.twimg.com/media/ERD8IlTWsAIYshX.jpg", "media_url_https": "https://pbs.twimg.com/media/ERD8IlTWsAIYshX.jpg", "url": "https://t.co/QF8Jgjk9Ot", "display_url": "pic.twitter.com/QF8Jgjk9Ot", "expanded_url": "https://twitter.com/TAG24M/status/1229759924743352321/photo/1", "type": "photo", "sizes": {"thumb": {"w": 150, "h": 150, "resize": "crop"}, "medium": {"w": 980, "h": 625, "resize": "fit"}, "large": {"w": 980, "h": 625, "resize": "fit"}, "small": {"w": 680, "h": 434, "resize": "fit"}}}]}, "extended_entities": {"media": [{"id": 1229759922654588930, "id_str": "1229759922654588930", "indices": [89, 112], "media_url": "http://pbs.twimg.com/media/ERD8IlTWsAIYshX.jpg", "media_url_https": "https://pbs.twimg.com/media/ERD8IlTWsAIYshX.jpg", "url": "https://t.co/QF8Jgjk9Ot", "display_url": "pic.twitter.com/QF8Jgjk9Ot", "expanded_url": "https://twitter.com/TAG24M/status/1229759924743352321/photo/1", "type": "photo", "sizes": {"thumb": {"w": 150, "h": 150, "resize": "crop"}, "medium": {"w": 980, "h": 625, "resize": "fit"}, "large": {"w": 980, "h": 625, "resize": "fit"}, "small": {"w": 680, "h": 434, "resize": "fit"}}}]}, "metadata": {"iso_language_code": "de", "result_type": "recent"}, "source": "<a href=\"https://www.tag24.de\" rel=\"nofollow\">TAG24M App</a>", "in_reply_to_status_id": null, "in_reply_to_status_id_str": null, "in_reply_to_user_id": null, "in_reply_to_user_id_str": null, "in_reply_to_screen_name": null, "user": {"id": 1016306452791808005, "id_str": "1016306452791808005", "name": "TAG24 NEWS M\u00fcnchen", "screen_name": "TAG24M", "location": "M\u00fcnchen, Bayern", "description": "News aus M\u00fcnchen\u2764\ufe0f Live von TAG24. \ud83d\ude80 Aktuell haben wir 10 Redaktionen in Deutschland mit \u00fcber 10 Millionen Lesern im Monat. Impressum: https://t.co/9Q98G8nQLm", "url": "https://t.co/bquCWkue86", "entities": {"url": {"urls": [{"url": "https://t.co/bquCWkue86", "expanded_url": "https://www.tag24.de/muenchen", "display_url": "tag24.de/muenchen", "indices": [0, 23]}]}, "description": {"urls": [{"url": "https://t.co/9Q98G8nQLm", "expanded_url": "http://bit.ly/2mHkmAQ", "display_url": "bit.ly/2mHkmAQ", "indices": [135, 158]}]}}, "protected": false, "followers_count": 155, "friends_count": 151, "listed_count": 7, "created_at": "Mon Jul 09 13:01:55 +0000 2018", "favourites_count": 2, "utc_offset": null, "time_zone": null, "geo_enabled": false, "verified": false, "statuses_count": 10093, "lang": null, "contributors_enabled": false, "is_translator": false, "is_translation_enabled": false, "profile_background_color": "000000", "profile_background_image_url": "http://abs.twimg.com/images/themes/theme1/bg.png", "profile_background_image_url_https": "https://abs.twimg.com/images/themes/theme1/bg.png", "profile_background_tile": false, "profile_image_url": "http://pbs.twimg.com/profile_images/1016310702481530882/t-vqzJek_normal.jpg", "profile_image_url_https": "https://pbs.twimg.com/profile_images/1016310702481530882/t-vqzJek_normal.jpg", "profile_banner_url": "https://pbs.twimg.com/profile_banners/1016306452791808005/1531144055", "profile_link_color": "E30513", "profile_sidebar_border_color": "000000", "profile_sidebar_fill_color": "000000", "profile_text_color": "000000", "profile_use_background_image": false, "has_extended_profile": false, "default_profile": false, "default_profile_image": false, "following": false, "follow_request_sent": false, "notifications": false, "translator_type": "none"}, "geo": null, "coordinates": null, "place": null, "contributors": null, "is_quote_status": false, "retweet_count": 0, "favorite_count": 1, "favorited": false, "retweeted": false, "possibly_sensitive": false, "lang": "de"}