{"created_at": "Fri Feb 21 09:16:35 +0000 2020", "id": 1230783365542006784, "id_str": "1230783365542006784", "text": "Am Stuttgarter Flughafen wird gegen Mittag ein Flugzeug mit Passagieren aus der besonders vom #Coronavirus betroffe\u2026 https://t.co/BVsxQNa7Ct", "truncated": true, "entities": {"hashtags": [{"text": "Coronavirus", "indices": [94, 106]}], "symbols": [], "user_mentions": [], "urls": [{"url": "https://t.co/BVsxQNa7Ct", "expanded_url": "https://twitter.com/i/web/status/1230783365542006784", "display_url": "twitter.com/i/web/status/1\u2026", "indices": [117, 140]}]}, "metadata": {"iso_language_code": "de", "result_type": "recent"}, "source": "<a href=\"https://mobile.twitter.com\" rel=\"nofollow\">Twitter Web App</a>", "in_reply_to_status_id": null, "in_reply_to_status_id_str": null, "in_reply_to_user_id": null, "in_reply_to_user_id_str": null, "in_reply_to_screen_name": null, "user": {"id": 21102594, "id_str": "21102594", "name": "SWR Aktuell BW", "screen_name": "SWRAktuellBW", "location": "Stuttgart", "description": "Alles Wichtige f\u00fcr Baden-W\u00fcrttemberg. SWR Aktuell. Nachrichten f\u00fcr den S\u00fcdwesten. Impressum https://t.co/jHwQxP7Jyr", "url": "https://t.co/VteliuTer6", "entities": {"url": {"urls": [{"url": "https://t.co/VteliuTer6", "expanded_url": "http://www.SWRAktuell.de/bw", "display_url": "SWRAktuell.de/bw", "indices": [0, 23]}]}, "description": {"urls": [{"url": "https://t.co/jHwQxP7Jyr", "expanded_url": "http://SWR.de/impressum", "display_url": "SWR.de/impressum", "indices": [92, 115]}]}}, "protected": false, "followers_count": 53562, "friends_count": 761, "listed_count": 675, "created_at": "Tue Feb 17 16:25:48 +0000 2009", "favourites_count": 473, "utc_offset": null, "time_zone": null, "geo_enabled": true, "verified": true, "statuses_count": 53728, "lang": null, "contributors_enabled": false, "is_translator": false, "is_translation_enabled": false, "profile_background_color": "FFFFFF", "profile_background_image_url": "http://abs.twimg.com/images/themes/theme1/bg.png", "profile_background_image_url_https": "https://abs.twimg.com/images/themes/theme1/bg.png", "profile_background_tile": false, "profile_image_url": "http://pbs.twimg.com/profile_images/828373722079887361/P9z3Xkz6_normal.jpg", "profile_image_url_https": "https://pbs.twimg.com/profile_images/828373722079887361/P9z3Xkz6_normal.jpg", "profile_banner_url": "https://pbs.twimg.com/profile_banners/21102594/1489064092", "profile_link_color": "003CA7", "profile_sidebar_border_color": "1275C9", "profile_sidebar_fill_color": "BDDDF9", "profile_text_color": "000000", "profile_use_background_image": true, "has_extended_profile": false, "default_profile": false, "default_profile_image": false, "following": false, "follow_request_sent": false, "notifications": false, "translator_type": "none"}, "geo": null, "coordinates": null, "place": null, "contributors": null, "is_quote_status": false, "retweet_count": 3, "favorite_count": 4, "favorited": false, "retweeted": false, "possibly_sensitive": false, "lang": "de"}