{"created_at": "Tue Feb 18 12:07:25 +0000 2020", "id": 1229739191061405698, "id_str": "1229739191061405698", "text": "We are less then a particle in Universe and still we fight and hate each other. #TuesdayThoughts #coronavirus https://t.co/DxHzaQ29G2", "truncated": false, "entities": {"hashtags": [{"text": "TuesdayThoughts", "indices": [80, 96]}, {"text": "coronavirus", "indices": [97, 109]}], "symbols": [], "user_mentions": [], "urls": [], "media": [{"id": 1229739188502900736, "id_str": "1229739188502900736", "indices": [110, 133], "media_url": "http://pbs.twimg.com/media/ERDpRskXsAAMpBV.jpg", "media_url_https": "https://pbs.twimg.com/media/ERDpRskXsAAMpBV.jpg", "url": "https://t.co/DxHzaQ29G2", "display_url": "pic.twitter.com/DxHzaQ29G2", "expanded_url": "https://twitter.com/xaheer_khan/status/1229739191061405698/photo/1", "type": "photo", "sizes": {"thumb": {"w": 150, "h": 150, "resize": "crop"}, "medium": {"w": 496, "h": 418, "resize": "fit"}, "small": {"w": 496, "h": 418, "resize": "fit"}, "large": {"w": 496, "h": 418, "resize": "fit"}}}]}, "extended_entities": {"media": [{"id": 1229739188502900736, "id_str": "1229739188502900736", "indices": [110, 133], "media_url": "http://pbs.twimg.com/media/ERDpRskXsAAMpBV.jpg", "media_url_https": "https://pbs.twimg.com/media/ERDpRskXsAAMpBV.jpg", "url": "https://t.co/DxHzaQ29G2", "display_url": "pic.twitter.com/DxHzaQ29G2", "expanded_url": "https://twitter.com/xaheer_khan/status/1229739191061405698/photo/1", "type": "photo", "sizes": {"thumb": {"w": 150, "h": 150, "resize": "crop"}, "medium": {"w": 496, "h": 418, "resize": "fit"}, "small": {"w": 496, "h": 418, "resize": "fit"}, "large": {"w": 496, "h": 418, "resize": "fit"}}}]}, "metadata": {"iso_language_code": "en", "result_type": "recent"}, "source": "<a href=\"http://twitter.com/download/android\" rel=\"nofollow\">Twitter for Android</a>", "in_reply_to_status_id": null, "in_reply_to_status_id_str": null, "in_reply_to_user_id": null, "in_reply_to_user_id_str": null, "in_reply_to_screen_name": null, "user": {"id": 1068802172, "id_str": "1068802172", "name": "zaheer", "screen_name": "xaheer_khan", "location": "M\u00fcnchen, Bayern", "description": "Humanist ! All voices matter !!!Citizen of Planet Earth.", "url": null, "entities": {"description": {"urls": []}}, "protected": false, "followers_count": 109, "friends_count": 1599, "listed_count": 0, "created_at": "Mon Jan 07 17:17:14 +0000 2013", "favourites_count": 2554, "utc_offset": null, "time_zone": null, "geo_enabled": true, "verified": false, "statuses_count": 6780, "lang": null, "contributors_enabled": false, "is_translator": false, "is_translation_enabled": false, "profile_background_color": "000000", "profile_background_image_url": "http://abs.twimg.com/images/themes/theme1/bg.png", "profile_background_image_url_https": "https://abs.twimg.com/images/themes/theme1/bg.png", "profile_background_tile": false, "profile_image_url": "http://pbs.twimg.com/profile_images/1218512369938259968/xoUzrX9e_normal.jpg", "profile_image_url_https": "https://pbs.twimg.com/profile_images/1218512369938259968/xoUzrX9e_normal.jpg", "profile_banner_url": "https://pbs.twimg.com/profile_banners/1068802172/1515768991", "profile_link_color": "1B95E0", "profile_sidebar_border_color": "000000", "profile_sidebar_fill_color": "000000", "profile_text_color": "000000", "profile_use_background_image": false, "has_extended_profile": true, "default_profile": false, "default_profile_image": false, "following": false, "follow_request_sent": false, "notifications": false, "translator_type": "none"}, "geo": null, "coordinates": null, "place": {"id": "37439688c6302728", "url": "https://api.twitter.com/1.1/geo/id/37439688c6302728.json", "place_type": "city", "name": "Munich", "full_name": "Munich, Germany", "country_code": "DE", "country": "Germany", "contained_within": [], "bounding_box": {"type": "Polygon", "coordinates": [[[11.360589, 48.061634], [11.722918, 48.061634], [11.722918, 48.248124], [11.360589, 48.248124]]]}, "attributes": {}}, "contributors": null, "is_quote_status": false, "retweet_count": 0, "favorite_count": 1, "favorited": false, "retweeted": false, "possibly_sensitive": false, "lang": "en"}