{"created_at": "Wed Feb 19 07:53:50 +0000 2020", "id": 1230037761878560768, "id_str": "1230037761878560768", "text": "RT @Freddoof: Ausgangssperren, Reiseverbote, Blockaden: Das #CoronaVirus hat gro\u00dfe Teile der chinesischen Wirtschaft lahmgelegt. Eine Gefah\u2026", "truncated": false, "entities": {"hashtags": [{"text": "CoronaVirus", "indices": [60, 72]}], "symbols": [], "user_mentions": [{"screen_name": "Freddoof", "name": "Frederik Kastberg", "id": 385660974, "id_str": "385660974", "indices": [3, 12]}], "urls": []}, "metadata": {"iso_language_code": "de", "result_type": "recent"}, "source": "<a href=\"https://twitter.com/?lang=de\" rel=\"nofollow\">DJSDaily</a>", "in_reply_to_status_id": null, "in_reply_to_status_id_str": null, "in_reply_to_user_id": null, "in_reply_to_user_id_str": null, "in_reply_to_screen_name": null, "user": {"id": 998927865218523137, "id_str": "998927865218523137", "name": "#DJSdaily", "screen_name": "djsdaily", "location": "", "description": "Hier sammelt ein Bot die t\u00e4glichen Artikel-Empfehlungen der DJS-Sch\u00fcler und -Sch\u00fclerinnen. Tweets mit dem Hashtag #djsdaily aus der Community werden geteilt.", "url": "https://t.co/Ttqp1BTNHN", "entities": {"url": {"urls": [{"url": "https://t.co/Ttqp1BTNHN", "expanded_url": "https://www.djs-online.de/", "display_url": "djs-online.de", "indices": [0, 23]}]}, "description": {"urls": []}}, "protected": false, "followers_count": 405, "friends_count": 0, "listed_count": 4, "created_at": "Tue May 22 14:05:37 +0000 2018", "favourites_count": 0, "utc_offset": null, "time_zone": null, "geo_enabled": false, "verified": false, "statuses_count": 2619, "lang": null, "contributors_enabled": false, "is_translator": false, "is_translation_enabled": false, "profile_background_color": "000000", "profile_background_image_url": "http://abs.twimg.com/images/themes/theme1/bg.png", "profile_background_image_url_https": "https://abs.twimg.com/images/themes/theme1/bg.png", "profile_background_tile": false, "profile_image_url": "http://pbs.twimg.com/profile_images/998941464460587008/8GnNIG3I_normal.jpg", "profile_image_url_https": "https://pbs.twimg.com/profile_images/998941464460587008/8GnNIG3I_normal.jpg", "profile_link_color": "E81C4F", "profile_sidebar_border_color": "000000", "profile_sidebar_fill_color": "000000", "profile_text_color": "000000", "profile_use_background_image": false, "has_extended_profile": false, "default_profile": false, "default_profile_image": false, "following": false, "follow_request_sent": false, "notifications": false, "translator_type": "none"}, "geo": null, "coordinates": null, "place": null, "contributors": null, "retweeted_status": {"created_at": "Wed Feb 19 07:34:29 +0000 2020", "id": 1230032893545762816, "id_str": "1230032893545762816", "text": "Ausgangssperren, Reiseverbote, Blockaden: Das #CoronaVirus hat gro\u00dfe Teile der chinesischen Wirtschaft lahmgelegt.\u2026 https://t.co/cKWy8Z5D2e", "truncated": true, "entities": {"hashtags": [{"text": "CoronaVirus", "indices": [46, 58]}], "symbols": [], "user_mentions": [], "urls": [{"url": "https://t.co/cKWy8Z5D2e", "expanded_url": "https://twitter.com/i/web/status/1230032893545762816", "display_url": "twitter.com/i/web/status/1\u2026", "indices": [116, 139]}]}, "metadata": {"iso_language_code": "de", "result_type": "recent"}, "source": "<a href=\"http://twitter.com/download/iphone\" rel=\"nofollow\">Twitter for iPhone</a>", "in_reply_to_status_id": null, "in_reply_to_status_id_str": null, "in_reply_to_user_id": null, "in_reply_to_user_id_str": null, "in_reply_to_screen_name": null, "user": {"id": 385660974, "id_str": "385660974", "name": "Frederik Kastberg", "screen_name": "Freddoof", "location": "M\u00fcnchen, Bayern", "description": "Sportjournalist in der Mache @DJSde und @LMU_Muenchen | Pendelt zwischen Schulbank, H\u00f6rsaal und Hamburg | Fr\u00fcher @BILD_Hamburg | Lernt Bairisch @JonasKraus13", "url": null, "entities": {"description": {"urls": []}}, "protected": false, "followers_count": 58, "friends_count": 98, "listed_count": 4, "created_at": "Wed Oct 05 22:04:16 +0000 2011", "favourites_count": 87, "utc_offset": null, "time_zone": null, "geo_enabled": false, "verified": false, "statuses_count": 26, "lang": null, "contributors_enabled": false, "is_translator": false, "is_translation_enabled": false, "profile_background_color": "C0DEED", "profile_background_image_url": "http://abs.twimg.com/images/themes/theme1/bg.png", "profile_background_image_url_https": "https://abs.twimg.com/images/themes/theme1/bg.png", "profile_background_tile": false, "profile_image_url": "http://pbs.twimg.com/profile_images/1185165721736744960/g7LkKqMp_normal.jpg", "profile_image_url_https": "https://pbs.twimg.com/profile_images/1185165721736744960/g7LkKqMp_normal.jpg", "profile_banner_url": "https://pbs.twimg.com/profile_banners/385660974/1571494646", "profile_link_color": "1DA1F2", "profile_sidebar_border_color": "C0DEED", "profile_sidebar_fill_color": "DDEEF6", "profile_text_color": "333333", "profile_use_background_image": true, "has_extended_profile": true, "default_profile": true, "default_profile_image": false, "following": false, "follow_request_sent": false, "notifications": false, "translator_type": "none"}, "geo": null, "coordinates": null, "place": null, "contributors": null, "is_quote_status": false, "retweet_count": 1, "favorite_count": 2, "favorited": false, "retweeted": false, "possibly_sensitive": false, "lang": "de"}, "is_quote_status": false, "retweet_count": 1, "favorite_count": 0, "favorited": false, "retweeted": false, "lang": "de"}