{"created_at": "Tue Feb 18 10:21:41 +0000 2020", "id": 1229712583566950400, "id_str": "1229712583566950400", "text": "Unberechenbarer #Coronavirus: Nach 15t\u00e4giger #Quarant\u00e4ne in #China wieder \"gesund\" entlassen, nun trotzdem #COVID19\u2026 https://t.co/gBeUaf5NIZ", "truncated": true, "entities": {"hashtags": [{"text": "Coronavirus", "indices": [16, 28]}, {"text": "Quarant\u00e4ne", "indices": [45, 56]}, {"text": "China", "indices": [60, 66]}, {"text": "COVID19", "indices": [107, 115]}], "symbols": [], "user_mentions": [], "urls": [{"url": "https://t.co/gBeUaf5NIZ", "expanded_url": "https://twitter.com/i/web/status/1229712583566950400", "display_url": "twitter.com/i/web/status/1\u2026", "indices": [117, 140]}]}, "metadata": {"iso_language_code": "de", "result_type": "recent"}, "source": "<a href=\"https://mobile.twitter.com\" rel=\"nofollow\">Twitter Web App</a>", "in_reply_to_status_id": null, "in_reply_to_status_id_str": null, "in_reply_to_user_id": null, "in_reply_to_user_id_str": null, "in_reply_to_screen_name": null, "user": {"id": 357072283, "id_str": "357072283", "name": "Martin Richter", "screen_name": "mride80336", "location": "M\u00fcnchen, Bayern", "description": "Interessiert an Forschung | Medien | Deutschland, Europa, Welt | Politik, Sozial- und Umweltfragen | Selbst: Informatiker und Projektplaner", "url": null, "entities": {"description": {"urls": []}}, "protected": false, "followers_count": 63, "friends_count": 60, "listed_count": 0, "created_at": "Wed Aug 17 20:11:43 +0000 2011", "favourites_count": 55, "utc_offset": null, "time_zone": null, "geo_enabled": true, "verified": false, "statuses_count": 257, "lang": null, "contributors_enabled": false, "is_translator": false, "is_translation_enabled": false, "profile_background_color": "C0DEED", "profile_background_image_url": "http://abs.twimg.com/images/themes/theme1/bg.png", "profile_background_image_url_https": "https://abs.twimg.com/images/themes/theme1/bg.png", "profile_background_tile": false, "profile_image_url": "http://pbs.twimg.com/profile_images/1223850047168819200/JPLX4UnS_normal.jpg", "profile_image_url_https": "https://pbs.twimg.com/profile_images/1223850047168819200/JPLX4UnS_normal.jpg", "profile_banner_url": "https://pbs.twimg.com/profile_banners/357072283/1582111833", "profile_link_color": "1DA1F2", "profile_sidebar_border_color": "C0DEED", "profile_sidebar_fill_color": "DDEEF6", "profile_text_color": "333333", "profile_use_background_image": true, "has_extended_profile": true, "default_profile": true, "default_profile_image": false, "following": false, "follow_request_sent": false, "notifications": false, "translator_type": "none"}, "geo": null, "coordinates": null, "place": null, "contributors": null, "is_quote_status": true, "quoted_status_id": 1229304200217141248, "quoted_status_id_str": "1229304200217141248", "quoted_status": {"created_at": "Mon Feb 17 07:18:55 +0000 2020", "id": 1229304200217141248, "id_str": "1229304200217141248", "text": "A 24-year-old, who travelled from Wuhan to Guangzhou last month, started coughing six days after her 15-day quarant\u2026 https://t.co/iq9fjdjZ3p", "truncated": true, "entities": {"hashtags": [], "symbols": [], "user_mentions": [], "urls": [{"url": "https://t.co/iq9fjdjZ3p", "expanded_url": "https://twitter.com/i/web/status/1229304200217141248", "display_url": "twitter.com/i/web/status/1\u2026", "indices": [117, 140]}]}, "metadata": {"iso_language_code": "de", "result_type": "recent"}, "source": "<a href=\"http://twitter.com/download/iphone\" rel=\"nofollow\">Twitter for iPhone</a>", "in_reply_to_status_id": null, "in_reply_to_status_id_str": null, "in_reply_to_user_id": null, "in_reply_to_user_id_str": null, "in_reply_to_screen_name": null, "user": {"id": 326625501, "id_str": "326625501", "name": "Rachel Cheung", "screen_name": "rachel_cheung1", "location": "Hong Kong", "description": "Culture reporter based in Hong Kong. Formerly @SCMPLifestyle @Varsitycuhk", "url": null, "entities": {"description": {"urls": []}}, "protected": false, "followers_count": 26081, "friends_count": 1026, "listed_count": 446, "created_at": "Thu Jun 30 06:38:11 +0000 2011", "favourites_count": 6653, "utc_offset": null, "time_zone": null, "geo_enabled": true, "verified": true, "statuses_count": 5784, "lang": null, "contributors_enabled": false, "is_translator": false, "is_translation_enabled": false, "profile_background_color": "EDECE9", "profile_background_image_url": "http://abs.twimg.com/images/themes/theme1/bg.png", "profile_background_image_url_https": "https://abs.twimg.com/images/themes/theme1/bg.png", "profile_background_tile": false, "profile_image_url": "http://pbs.twimg.com/profile_images/1156933213534601217/noG61CR3_normal.jpg", "profile_image_url_https": "https://pbs.twimg.com/profile_images/1156933213534601217/noG61CR3_normal.jpg", "profile_banner_url": "https://pbs.twimg.com/profile_banners/326625501/1580476617", "profile_link_color": "FAB81E", "profile_sidebar_border_color": "D3D2CF", "profile_sidebar_fill_color": "E3E2DE", "profile_text_color": "634047", "profile_use_background_image": true, "has_extended_profile": true, "default_profile": false, "default_profile_image": false, "following": false, "follow_request_sent": false, "notifications": false, "translator_type": "none"}, "geo": null, "coordinates": null, "place": null, "contributors": null, "is_quote_status": false, "retweet_count": 1534, "favorite_count": 1855, "favorited": false, "retweeted": false, "possibly_sensitive": false, "lang": "en"}, "retweet_count": 0, "favorite_count": 1, "favorited": false, "retweeted": false, "possibly_sensitive": false, "lang": "de"}